date,day_name,airport,direction,time,flight,airline,duration,time_range,distance,aircraft,seats,codeshare,entertainment,meals,uid,airline_source,page_date_verified,scraped_at
18/2/2026,Wednesday,CAN,arrival,00:05,9C7750,Spring Airlines,2h 40m,21:25 - 00:05,"679 miles, 1093 km",Airbus A320,180,,,Meal (none specific),260218_9C7750_21250005,text,True,2026-02-15T08:54:06.004006
18/2/2026,Wednesday,CAN,arrival,00:05,GJ8568,Loong Air,Duration: 3h 15m,20:50 - 00:05,"1216 miles, 1957 km",Airbus A320,172,3U 4778 /CZ 7104 /EU 7628 /G5 6432 /HU 2568 /MF 5827 /TV 2428,,Meal (none specific),260218_GJ8568_20500005,text,True,2026-02-15T08:54:10.863308
18/2/2026,Wednesday,CAN,arrival,00:05,OZ357,Asiana,Duration: 4h 5m,21:00 - 00:05,"1252 miles, 2014 km",Airbus A321neo,187,ZH 3292,,Meal (none specific),260218_OZ357_21000005,text,True,2026-02-15T08:54:11.172412
18/2/2026,Wednesday,CAN,arrival,00:10,AQ1030,9 Air,Duration: 2h 30m,21:40 - 00:10,"673 miles, 1083 km",Boeing 737-800 Passenger,167,,,Meal (none specific),260218_AQ1030_21400010,text,True,2026-02-15T08:54:11.517778
18/2/2026,Wednesday,CAN,arrival,00:10,HU7827,Hainan Airlines,Duration: 2h 40m,21:30 - 00:10,"815 miles, 1311 km",Boeing 737-800 Passenger,179,9H 7827 /GS 5827,,Meal (none specific),260218_HU7827_21300010,text,True,2026-02-15T08:54:11.843905
18/2/2026,Wednesday,CAN,arrival,00:10,JD5132,Capital Airlines,Duration: 2h 15m,21:55 - 00:10,"852 miles, 1371 km",Airbus A320,169,HU 5010,,Meal (none specific),260218_JD5132_21550010,text,True,2026-02-15T08:54:12.172721
18/2/2026,Wednesday,CAN,arrival,00:10,MU9729,China Eastern,Duration: 2h 40m,21:30 - 00:10,"939 miles, 1511 km",Boeing 737 Passenger,168,,,Meal (none specific),260218_MU9729_21300010,text,True,2026-02-15T08:54:12.591688
18/2/2026,Wednesday,CAN,arrival,00:10,MU5325,China Eastern,Duration: 2h 55m,21:15 - 00:10,"751 miles, 1208 km",Airbus A320neo,158,HO 5409 /MF 3695 /SV 6918 /EY 5942,,Meal (none specific),260218_MU5325_21150010,text,True,2026-02-15T08:54:12.917879
18/2/2026,Wednesday,CAN,arrival,00:15,AQ1180,9 Air,Duration: 2h 55m,21:20 - 00:15,"846 miles, 1361 km",Boeing 737-800 Passenger,167,,,Meal (none specific),260218_AQ1180_21200015,text,True,2026-02-15T08:54:13.196590
18/2/2026,Wednesday,CAN,arrival,00:15,CZ6500,China Southern,Duration: 2h 20m,21:55 - 00:15,"939 miles, 1511 km",Airbus A320neo,166,,,Meal (none specific),260218_CZ6500_21550015,text,True,2026-02-15T08:54:13.492431
18/2/2026,Wednesday,CAN,arrival,00:15,CZ3610,China Southern,Duration: 3h 35m,20:40 - 00:15,"990 miles, 1593 km",Boeing 737MAX 8 Passenger,175,,,Meal (none specific),260218_CZ3610_20400015,text,True,2026-02-15T08:54:13.748126
18/2/2026,Wednesday,CAN,arrival,00:15,HO1853,Juneyao Airlines,Duration: 2h 40m,21:35 - 00:15,"734 miles, 1181 km",Airbus A320,159,3U 4571 /CA 3279 /MF 7634 /MU 3807 /CZ 217 /ZH 5208,,Meal (none specific),260218_HO1853_21350015,text,True,2026-02-15T08:54:14.045223
18/2/2026,Wednesday,CAN,arrival,00:15,JD5270,Capital Airlines,Duration: 2h 5m,22:10 - 00:15,"648 miles, 1043 km",Airbus A321,176,,,Meal (none specific),260218_JD5270_22100015,text,True,2026-02-15T08:54:14.321078
18/2/2026,Wednesday,CAN,arrival,00:20,9C8900,Spring Airlines,Duration: 3h 20m,21:00 - 00:20,"1027 miles, 1652 km",Airbus A320,180,,,Meal (none specific),260218_9C8900_21000020,text,True,2026-02-15T08:54:14.658467
18/2/2026,Wednesday,CAN,arrival,00:20,BK2788,OkAir,Duration: 3h 25m,20:55 - 00:20,"1119 miles, 1800 km",Boeing 737-900 Passenger,192,,,Meal (none specific),260218_BK2788_20550020,text,True,2026-02-15T08:54:14.917818
18/2/2026,Wednesday,CAN,arrival,00:20,MU6826,China Eastern,Duration: 2h 5m,22:15 - 00:20,"603 miles, 970 km",Boeing 737-200 Mixed Configuration,75,MF 2262,,Meal (none specific),260218_MU6826_22150020,text,True,2026-02-15T08:54:15.277174
18/2/2026,Wednesday,CAN,arrival,00:20,MU5773,China Eastern,Duration: 2h 30m,21:50 - 00:20,"905 miles, 1456 km",Boeing 737 Passenger,168,,,Meal (none specific),260218_MU5773_21500020,text,True,2026-02-15T08:54:15.552844
18/2/2026,Wednesday,CAN,arrival,00:20,SQ852,Singapore Airlines,Duration: 4h 25m,19:55 - 00:20,"1654 miles, 2661 km",Boeing 787,337,ET 1346 /VA 5762,,Meal (none specific),260218_SQ852_19550020,text,True,2026-02-15T08:54:15.873910
18/2/2026,Wednesday,CAN,arrival,00:25,9C8929,Spring Airlines,Duration: 2h 40m,21:45 - 00:25,"734 miles, 1181 km",Airbus A320,180,,,Meal (none specific),260218_9C8929_21450025,text,True,2026-02-15T08:54:16.227771
18/2/2026,Wednesday,CAN,arrival,00:25,AQ1062,9 Air,Duration: 5h 35m,18:50 - 00:25,"2048 miles, 3295 km",Boeing 737-800 Passenger,167,,,Meal (none specific),260218_AQ1062_18500025,text,True,2026-02-15T08:54:16.539898
18/2/2026,Wednesday,CAN,arrival,00:25,CA1329,Air China,Duration: 3h 25m,21:00 - 00:25,"1175 miles, 1891 km",Airbus A330,288,AC 6606 /ZH 1329,,Meal (none specific),260218_CA1329_21000025,text,True,2026-02-15T08:54:16.918757
18/2/2026,Wednesday,CAN,arrival,00:25,GJ8859,Loong Air,Duration: 2h 30m,21:55 - 00:25,"648 miles, 1043 km",Airbus A320,172,MU 4361 /TV 2499 /G5 6403 /EU 7699 /MF 5898 /3U 4839 /CZ 9953,,Meal (none specific),260218_GJ8859_21550025,text,True,2026-02-15T08:54:17.252168
18/2/2026,Wednesday,CAN,arrival,00:25,OQ2130,Chongqing Airlines,Duration: 1h 50m,22:35 - 00:25,"603 miles, 970 km",Airbus A320,175,,,Meal (none specific),260218_OQ2130_22350025,text,True,2026-02-15T08:54:17.562802
18/2/2026,Wednesday,CAN,arrival,00:30,AK118,AirAsia,Duration: 4h 15m,20:15 - 00:30,"1632 miles, 2626 km",Airbus A320neo,186,,,Meal (none specific),260218_AK118_20150030,text,True,2026-02-15T08:54:17.892209
18/2/2026,Wednesday,CAN,arrival,00:30,CZ3582,China Southern,Duration: 2h 40m,21:50 - 00:30,"734 miles, 1181 km",Airbus A321neo,198,,,Meal (none specific),260218_CZ3582_21500030,text,True,2026-02-15T08:54:18.202421
18/2/2026,Wednesday,CAN,arrival,00:30,CZ6607,China Southern,Duration: 2h 0m,22:30 - 00:30,"516 miles, 830 km",Boeing 737-800 Passenger,172,,,Meal (none specific),260218_CZ6607_22300030,text,True,2026-02-15T08:54:18.467193
18/2/2026,Wednesday,CAN,arrival,00:30,HU7250,Hainan Airlines,Duration: 2h 55m,21:35 - 00:30,"998 miles, 1606 km",Boeing 737-800 Passenger,179,,,Meal (none specific),260218_HU7250_21350030,text,True,2026-02-15T08:54:18.802002
18/2/2026,Wednesday,CAN,arrival,00:30,JD5162,Capital Airlines,Duration: 2h 0m,22:30 - 00:30,"728 miles, 1171 km",Airbus A321,176,,,Meal (none specific),260218_JD5162_22300030,text,True,2026-02-15T08:54:19.068672
18/2/2026,Wednesday,CAN,arrival,00:35,CZ3624,China Southern,Duration: 5h 5m,19:30 - 00:35,"1725 miles, 2776 km",Airbus A321neo,198,,,Meal (none specific),260218_CZ3624_19300035,text,True,2026-02-15T08:54:19.369250
18/2/2026,Wednesday,CAN,arrival,00:35,CZ3490,China Southern,Duration: 2h 0m,22:35 - 00:35,"667 miles, 1073 km",Airbus A320neo,166,,,Meal (none specific),260218_CZ3490_22350035,text,True,2026-02-15T08:54:19.634047
18/2/2026,Wednesday,CAN,arrival,00:35,CZ3780,China Southern,Duration: 2h 25m,22:10 - 00:35,"679 miles, 1093 km",Boeing 737-800 Passenger,172,,,Meal (none specific),260218_CZ3780_22100035,text,True,2026-02-15T08:54:19.909688
18/2/2026,Wednesday,CAN,arrival,00:35,MU2817,China Eastern,Duration: 2h 40m,21:55 - 00:35,"713 miles, 1147 km",Airbus A320,158,MF 3421,,Meal (none specific),260218_MU2817_21550035,text,True,2026-02-15T08:54:20.200877
18/2/2026,Wednesday,CAN,arrival,00:40,CZ3708,China Southern,Duration: 3h 5m,21:35 - 00:40,"964 miles, 1551 km",Airbus A320neo,166,,,Meal (none specific),260218_CZ3708_21350040,text,True,2026-02-15T08:54:20.472632
18/2/2026,Wednesday,CAN,arrival,00:40,GJ6032,Loong Air,Duration: 2h 5m,22:35 - 00:40,"536 miles, 862 km",Airbus A320,172,TV 2386 /G5 6406 /HU 2032 /EU 7586 /MF 5785 /3U 4744 /CZ 7068,,Meal (none specific),260218_GJ6032_22350040,text,True,2026-02-15T08:54:20.780868
18/2/2026,Wednesday,CAN,arrival,00:40,HU7224,Hainan Airlines,Duration: 5h 10m,19:30 - 00:40,"2048 miles, 3295 km",Boeing 737-800 Passenger,179,,,Meal (none specific),260218_HU7224_19300040,text,True,2026-02-15T08:54:21.112633
18/2/2026,Wednesday,CAN,arrival,00:40,MU6763,China Eastern,Duration: 2h 45m,21:55 - 00:40,"728 miles, 1171 km",Airbus A320,158,,,Meal (none specific),260218_MU6763_21550040,text,True,2026-02-15T08:54:21.452016
18/2/2026,Wednesday,CAN,arrival,00:45,AQ1002,9 Air,Duration: 3h 25m,21:20 - 00:45,"1134 miles, 1825 km",Boeing 737-800 Passenger,167,,,Meal (none specific),260218_AQ1002_21200045,text,True,2026-02-15T08:54:21.785008
18/2/2026,Wednesday,CAN,arrival,00:45,CA1385,Air China,Duration: 3h 10m,21:35 - 00:45,"1175 miles, 1891 km",Airbus A321,180,UA 7513 /ZH 1385,,Meal (none specific),260218_CA1385_21350045,text,True,2026-02-15T08:54:22.160156
18/2/2026,Wednesday,CAN,arrival,00:45,MU6317,China Eastern,Duration: 3h 25m,21:20 - 00:45,"1134 miles, 1825 km",Boeing 737-500 (winglets) Passenger,168,KN 6740 /MF 7514 /SV 6847,,Meal (none specific),260218_MU6317_21200045,text,True,2026-02-15T08:54:22.574168
18/2/2026,Wednesday,CAN,arrival,00:45,ZH9998,Shenzhen Airlines,Duration: 1h 50m,22:55 - 00:45,"474 miles, 763 km",Airbus A320,162,CA 3398 /SC 9680,,Meal (none specific),260218_ZH9998_22550045,text,True,2026-02-15T08:54:22.874749
18/2/2026,Wednesday,CAN,arrival,00:50,9C8934,Spring Airlines,Duration: 2h 35m,21:15 - 00:50,"982 miles, 1580 km",Airbus A320,180,,,Meal (none specific),260218_9C8934_21150050,text,True,2026-02-15T08:54:23.150831
18/2/2026,Wednesday,CAN,arrival,00:50,AQ1106,9 Air,Duration: 2h 35m,22:15 - 00:50,"815 miles, 1311 km",Boeing 737-800 Passenger,167,,,Meal (none specific),260218_AQ1106_22150050,text,True,2026-02-15T08:54:23.455940
18/2/2026,Wednesday,CAN,arrival,00:50,CZ6275,China Southern,Duration: 4h 50m,20:00 - 00:50,"1596 miles, 2568 km",Airbus A320,158,,,Meal (none specific),260218_CZ6275_20000050,text,True,2026-02-15T08:54:23.827172
18/2/2026,Wednesday,CAN,arrival,00:50,CZ8845,China Southern,Duration: 1h 30m,23:20 - 00:50,"464 miles, 747 km",Boeing 737-800 Passenger,172,,,Meal (none specific),260218_CZ8845_23200050,text,True,2026-02-15T08:54:24.215731
18/2/2026,Wednesday,CAN,arrival,00:50,CZ3114,China Southern,Duration: 3h 20m,21:30 - 00:50,"1134 miles, 1825 km",Airbus A330-300,283,,,Meal (none specific),260218_CZ3114_21300050,text,True,2026-02-15T08:54:24.548925
18/2/2026,Wednesday,CAN,arrival,00:50,HU7309,Hainan Airlines,Duration: 1h 50m,23:00 - 00:50,"434 miles, 698 km",Airbus A330-300,297,,,Meal (none specific),260218_HU7309_23000050,text,True,2026-02-15T08:54:24.894777
18/2/2026,Wednesday,CAN,arrival,00:50,ZH9870,Shenzhen Airlines,Duration: 2h 30m,22:20 - 00:50,"673 miles, 1083 km",Boeing 737-800 Passenger,164,CA 3400 /HO 5281 /SC 9602,,Meal (none specific),260218_ZH9870_22200050,text,True,2026-02-15T08:54:25.270417
18/2/2026,Wednesday,CAN,arrival,00:55,CZ6747,China Southern,Duration: 1h 40m,23:15 - 00:55,"434 miles, 698 km",Airbus A321,188,,,Meal (none specific),260218_CZ6747_23150055,text,True,2026-02-15T08:54:25.611085
18/2/2026,Wednesday,CAN,arrival,00:55,CZ3340,China Southern,Duration: 2h 40m,22:15 - 00:55,"784 miles, 1261 km",Airbus A320neo,166,,,Meal (none specific),260218_CZ3340_22150055,text,True,2026-02-15T08:54:25.930670
18/2/2026,Wednesday,CAN,arrival,00:55,JD5186,Capital Airlines,Duration: 3h 5m,21:50 - 00:55,"1119 miles, 1800 km",Airbus A321,176,HU 5016,,Meal (none specific),260218_JD5186_21500055,text,True,2026-02-15T08:54:26.361208
18/2/2026,Wednesday,CAN,arrival,01:00,AQ1102,9 Air,Duration: 2h 0m,23:00 - 01:00,"603 miles, 970 km",Boeing 737-800 Passenger,167,,,Meal (none specific),260218_AQ1102_23000100,text,True,2026-02-15T08:54:31.464207
18/2/2026,Wednesday,CAN,arrival,01:00,AQ1156,9 Air,Duration: 2h 10m,22:50 - 01:00,"578 miles, 930 km",Boeing 737-800 Passenger,167,,,Meal (none specific),260218_AQ1156_22500100,text,True,2026-02-15T08:54:31.859921
18/2/2026,Wednesday,CAN,arrival,01:00,AQ1724,9 Air,Duration: 3h 15m,21:45 - 01:00,"1103 miles, 1775 km",Boeing 737-800 Passenger,167,,,Meal (none specific),260218_AQ1724_21450100,text,True,2026-02-15T08:54:32.263574
18/2/2026,Wednesday,CAN,arrival,01:05,8B969,TransNusa,Duration: 5h 20m,19:45 - 01:05,"2236 miles, 3598 km",Airbus A320,175,,,Meal (none specific),260218_8B969_19450105,text,True,2026-02-15T08:54:32.663157
18/2/2026,Wednesday,CAN,arrival,01:05,AQ1042,9 Air,Duration: 2h 25m,22:40 - 01:05,"806 miles, 1297 km",Boeing 737-800 Passenger,167,,,Meal (none specific),260218_AQ1042_22400105,text,True,2026-02-15T08:54:32.985283
18/2/2026,Wednesday,CAN,arrival,01:05,AQ1722,9 Air,Duration: 3h 20m,21:45 - 01:05,"984 miles, 1583 km",Boeing 737-800 Passenger,167,,,Meal (none specific),260218_AQ1722_21450105,text,True,2026-02-15T08:54:33.354207
18/2/2026,Wednesday,CAN,arrival,01:05,GJ8584,Loong Air,Duration: 2h 25m,22:40 - 01:05,"792 miles, 1274 km",Airbus A320,172,TV 2432 /G5 6356 /HU 2584 /EU 7632 /MF 5831 /3U 4782 /CZ 7108,,Meal (none specific),260218_GJ8584_22400105,text,True,2026-02-15T08:54:33.633765
18/2/2026,Wednesday,CAN,arrival,01:10,CZ3428,China Southern,Duration: 2h 40m,22:30 - 01:10,"763 miles, 1228 km",Boeing 737-800 Passenger,172,,,Meal (none specific),260218_CZ3428_22300110,text,True,2026-02-15T08:54:33.973280
18/2/2026,Wednesday,CAN,arrival,01:10,CZ6331,China Southern,Duration: 4h 40m,20:30 - 01:10,"1398 miles, 2249 km",Airbus A320neo,166,,,Meal (none specific),260218_CZ6331_20300110,text,True,2026-02-15T08:54:34.261008
18/2/2026,Wednesday,CAN,arrival,01:10,MU5741,China Eastern,Duration: 2h 25m,22:45 - 01:10,"852 miles, 1371 km",Boeing 737 Passenger,168,,,Meal (none specific),260218_MU5741_22450110,text,True,2026-02-15T08:54:34.570868
18/2/2026,Wednesday,CAN,arrival,01:15,AQ1144,9 Air,Duration: 2h 35m,22:40 - 01:15,"567 miles, 912 km",Boeing 737-800 Passenger,167,,,Meal (none specific),260218_AQ1144_22400115,text,True,2026-02-15T08:54:34.895123
18/2/2026,Wednesday,CAN,arrival,01:15,GJ8060,Loong Air,Duration: 2h 35m,22:40 - 01:15,"784 miles, 1261 km",Airbus A320,172,3U 4688 /CZ 7020 /EU 7524 /G5 6312 /HU 2060 /MF 5723 /TV 2324,,Meal (none specific),260218_GJ8060_22400115,text,True,2026-02-15T08:54:35.143867
18/2/2026,Wednesday,CAN,arrival,01:20,HU7204,Hainan Airlines,Duration: 2h 25m,22:55 - 01:20,"638 miles, 1027 km",Boeing 737-800 Passenger,179,,,Meal (none specific),260218_HU7204_22550120,text,True,2026-02-15T08:54:35.439824
18/2/2026,Wednesday,CAN,arrival,01:30,8B860,TransNusa,Duration: 5h 40m,18:50 - 01:30,"2099 miles, 3377 km",Airbus A321,196,,,Meal (none specific),260218_8B860_18500130,text,True,2026-02-15T08:54:35.827461
18/2/2026,Wednesday,CAN,arrival,01:30,AK1618,AirAsia,Duration: 3h 30m,22:00 - 01:30,"1364 miles, 2195 km",Airbus A320neo,186,,,Meal (none specific),260218_AK1618_22000130,text,True,2026-02-15T08:54:36.191903
18/2/2026,Wednesday,CAN,arrival,01:30,VJ3908,VietJet,Duration: 2h 45m,21:45 - 01:30,"978 miles, 1574 km",Airbus A321,214,H1 4491,,Meal (none specific),260218_VJ3908_21450130,text,True,2026-02-15T08:54:36.543037
18/2/2026,Wednesday,CAN,arrival,01:35,CA4586,Air China,Duration: 2h 40m,22:55 - 01:35,"734 miles, 1181 km",Airbus A321,180,,,Meal (none specific),260218_CA4586_22550135,text,True,2026-02-15T08:54:36.930797
18/2/2026,Wednesday,CAN,arrival,01:35,CZ3585,China Southern,Duration: 2h 45m,22:50 - 01:35,"751 miles, 1208 km",Airbus A321neo,198,SV 6011,,Meal (none specific),260218_CZ3585_22500135,text,True,2026-02-15T08:54:37.362054
18/2/2026,Wednesday,CAN,arrival,01:40,MU6956,China Eastern,Duration: 2h 40m,23:00 - 01:40,"815 miles, 1311 km",Boeing 737-500 (winglets) Passenger,168,MF 2290,,Meal (none specific),260218_MU6956_23000140,text,True,2026-02-15T08:54:37.773175
18/2/2026,Wednesday,CAN,arrival,01:50,SL900,Thai Lion Air,Duration: 2h 50m,22:00 - 01:50,"1062 miles, 1709 km",Boeing 737-800 Passenger,167,,,Meal (none specific),260218_SL900_22000150,text,True,2026-02-15T08:54:38.154190
18/2/2026,Wednesday,CAN,arrival,02:00,9C7420,Spring Airlines,Duration: 3h 5m,21:55 - 02:00,"1066 miles, 1715 km",Airbus A320,180,,,Meal (none specific),260218_9C7420_21550200,text,True,2026-02-15T08:54:38.542542
18/2/2026,Wednesday,CAN,arrival,02:00,AK1532,AirAsia,Duration: 3h 20m,22:40 - 02:00,"1226 miles, 1973 km",Airbus A320neo,186,,,Meal (none specific),260218_AK1532_22400200,text,True,2026-02-15T08:54:38.936011
18/2/2026,Wednesday,CAN,arrival,02:00,AK1394,AirAsia,Duration: 4h 0m,22:00 - 02:00,"1644 miles, 2645 km",Airbus A320,180,,,Meal (none specific),260218_AK1394_22000200,text,True,2026-02-15T08:54:39.282367
18/2/2026,Wednesday,CAN,arrival,02:10,OD612,Batik Air,Duration: 4h 25m,21:45 - 02:10,"1632 miles, 2626 km",Boeing 737MAX 8 Passenger,165,,,Meal (none specific),260218_OD612_21450210,text,True,2026-02-15T08:54:39.624690
18/2/2026,Wednesday,CAN,arrival,02:15,5J286,Cebu Pacific,Duration: 2h 50m,23:25 - 02:15,"798 miles, 1284 km",Airbus A321neo,236,,,Meal (none specific),260218_5J286_23250215,text,True,2026-02-15T08:54:40.031200
18/2/2026,Wednesday,CAN,arrival,02:15,VJ7526,VietJet,Duration: 1h 35m,23:40 - 02:15,"504 miles, 811 km",Airbus A321,214,H1 5158,,Meal (none specific),260218_VJ7526_23400215,text,True,2026-02-15T08:54:40.396930
18/2/2026,Wednesday,CAN,arrival,02:20,CX950,Cathay Pacific,Duration: 1h 5m,01:15 - 02:20,"84 miles, 135 km",Airbus A330-300,286,,,Meal (none specific),260218_CX950_01150220,text,True,2026-02-15T08:54:40.737370
18/2/2026,Wednesday,CAN,arrival,02:45,S76319,S7 Airlines,Duration: 5h 20m,21:25 - 02:45,"2063 miles, 3319 km",Boeing 737-800 (winglets) Passenger/BBJ2,176,,,Meal (none specific),260218_S76319_21250245,text,True,2026-02-15T08:54:41.088476
18/2/2026,Wednesday,CAN,arrival,02:50,KR937,Cambodia Airways,Duration: 3h 0m,22:50 - 02:50,"1003 miles, 1614 km",Airbus A319,150,,,Meal (none specific),260218_KR937_22500250,text,True,2026-02-15T08:54:41.397314
18/2/2026,Wednesday,CAN,arrival,03:15,9C8772,Spring Airlines,Duration: 3h 45m,22:30 - 03:15,"1457 miles, 2344 km",Airbus A320,180,,,Meal (none specific),260218_9C8772_22300315,text,True,2026-02-15T08:54:41.711711
18/2/2026,Wednesday,CAN,arrival,03:15,C6511,Centrum Air,Duration: 6h 55m,17:20 - 03:15,"2828 miles, 4550 km",Airbus A321neo,227,,,Meal (none specific),260218_C6511_17200315,text,True,2026-02-15T08:54:41.971169
18/2/2026,Wednesday,CAN,arrival,03:35,CZ6058,China Southern,Duration: 3h 15m,23:20 - 03:35,"1457 miles, 2344 km",Airbus A320neo,166,,,Meal (none specific),260218_CZ6058_23200335,text,True,2026-02-15T08:54:42.247955
18/2/2026,Wednesday,CAN,arrival,03:50,BS325,US-Bangla Airlines,Duration: 3h 30m,22:20 - 03:50,"1456 miles, 2343 km",Boeing 737-800 Passenger,167,,,Meal (none specific),260218_BS325_22200350,text,True,2026-02-15T08:54:42.550293
18/2/2026,Wednesday,CAN,arrival,03:50,CZ8074,China Southern,Duration: 3h 55m,23:55 - 03:50,"1530 miles, 2462 km",Airbus A321neo,198,MH 4612,,Meal (none specific),260218_CZ8074_23550350,text,True,2026-02-15T08:54:42.855362
18/2/2026,Wednesday,CAN,arrival,04:05,6E1703,IndiGo,Duration: 3h 35m,22:00 - 04:05,"1588 miles, 2555 km",Airbus A321neo,232,,,Meal (none specific),260218_6E1703_22000405,text,True,2026-02-15T08:54:43.152151
18/2/2026,Wednesday,CAN,arrival,04:45,AK114,AirAsia,Duration: 4h 20m,00:25 - 04:45,"1632 miles, 2626 km",Airbus A320neo,186,,,Meal (none specific),260218_AK114_00250445,text,True,2026-02-15T08:54:43.458716
18/2/2026,Wednesday,CAN,arrival,04:45,CZ392,China Southern,Duration: 3h 30m,23:15 - 04:45,"1456 miles, 2343 km",Airbus A321neo,198,,,Meal (none specific),260218_CZ392_23150445,text,True,2026-02-15T08:54:43.718810
18/2/2026,Wednesday,CAN,arrival,04:50,6E1701,IndiGo,Duration: 4h 35m,21:45 - 04:50,"2280 miles, 3669 km",Airbus A320neo,180,,,Meal (none specific),260218_6E1701_21450450,text,True,2026-02-15T08:54:44.014485
18/2/2026,Wednesday,CAN,arrival,05:00,CZ306,China Southern,Duration: 11h 50m,22:10 - 05:00,"5811 miles, 9350 km",Boeing 777-300ER,361,3U 7112,,Meal (none specific),260218_CZ306_22100500,text,True,2026-02-15T08:54:44.298620
18/2/2026,Wednesday,CAN,arrival,05:00,CZ302,China Southern,Duration: 10h 0m,22:00 - 05:00,"4704 miles, 7569 km",Airbus A350-900,324,3U 7126 /QF 5007,,Meal (none specific),260218_CZ302_22000500,text,True,2026-02-15T08:54:44.581726
18/2/2026,Wednesday,CAN,arrival,05:15,CZ8484,China Southern,Duration: 3h 30m,01:45 - 05:15,"1226 miles, 1973 km",Airbus A320,158,,,Meal (none specific),260218_CZ8484_01450515,text,True,2026-02-15T08:54:44.873866
18/2/2026,Wednesday,CAN,arrival,05:20,CZ618,China Southern,Duration: 11h 50m,22:30 - 05:20,"5984 miles, 9628 km",Boeing 787-9,288,,,Meal (none specific),260218_CZ618_22300520,text,True,2026-02-15T08:54:45.227402
18/2/2026,Wednesday,CAN,arrival,05:35,CZ5036,China Southern,Duration: 4h 20m,01:15 - 05:35,"1632 miles, 2626 km",Boeing 737MAX 8 Passenger,175,,,Meal (none specific),260218_CZ5036_01150535,text,True,2026-02-15T08:54:45.517797
18/2/2026,Wednesday,CAN,arrival,05:45,CZ332,China Southern,Duration: 11h 20m,11:25 - 05:45,"5636 miles, 9068 km",Boeing 787-9,288,,,Meal (none specific),260218_CZ332_11250545,text,True,2026-02-15T08:54:45.834429
18/2/2026,Wednesday,CAN,arrival,05:50,CZ650,China Southern,Duration: 11h 5m,11:45 - 05:50,"5254 miles, 8454 km",Boeing 787-9,288,,,Meal (none specific),260218_CZ650_11450550,text,True,2026-02-15T08:54:46.103896
18/2/2026,Wednesday,CAN,arrival,05:50,CZ626,China Southern,Duration: 5h 10m,00:40 - 05:50,"2236 miles, 3598 km",Airbus A321neo,198,,,Meal (none specific),260218_CZ626_00400550,text,True,2026-02-15T08:54:46.376843
18/2/2026,Wednesday,CAN,arrival,05:55,CZ3068,China Southern,Duration: 4h 10m,23:30 - 05:55,"1773 miles, 2853 km",Airbus A320neo,166,,,Meal (none specific),260218_CZ3068_23300555,text,True,2026-02-15T08:54:46.638931
18/2/2026,Wednesday,CAN,arrival,06:05,CZ3036,China Southern,Duration: 2h 55m,02:10 - 06:05,"1066 miles, 1715 km",Boeing 737-800 Passenger,172,3U 7072,,Meal (none specific),260218_CZ3036_02100605,text,True,2026-02-15T08:54:46.918236
18/2/2026,Wednesday,CAN,arrival,06:05,CZ348,China Southern,Duration: 12h 0m,11:05 - 06:05,"5909 miles, 9508 km",Airbus A350-900,324,,,Meal (none specific),260218_CZ348_11050605,text,True,2026-02-15T08:54:47.196396
18/2/2026,Wednesday,CAN,arrival,06:20,CZ6090,China Southern,Duration: 2h 55m,02:25 - 06:20,"978 miles, 1574 km",Airbus A320,158,3U 7066 /VN 3558,,Meal (none specific),260218_CZ6090_02250620,text,True,2026-02-15T08:54:47.458177
18/2/2026,Wednesday,CAN,arrival,06:25,CZ8070,China Southern,Duration: 5h 10m,22:15 - 06:25,"2553 miles, 4108 km",Boeing 787-9,288,,,Meal (none specific),260218_CZ8070_22150625,text,True,2026-02-15T08:54:47.772390
18/2/2026,Wednesday,CAN,arrival,06:40,CZ8072,China Southern,Duration: 4h 20m,02:20 - 06:40,"1632 miles, 2626 km",Boeing 737-800 Passenger,172,MH 4478,,Meal (none specific),260218_CZ8072_02200640,text,True,2026-02-15T08:54:48.096696
18/2/2026,Wednesday,CAN,arrival,07:35,CZ8058,China Southern,Duration: 7h 15m,20:20 - 07:35,"3641 miles, 5858 km",Airbus A330-300,283,3U 7124 /EK 7437,,Meal (none specific),260218_CZ8058_20200735,text,True,2026-02-15T08:54:48.422978
18/2/2026,Wednesday,CAN,arrival,07:55,CZ8490,China Southern,Duration: 4h 0m,03:55 - 07:55,"1654 miles, 2661 km",Airbus A321,188,3U 7030,,Meal (none specific),260218_CZ8490_03550755,text,True,2026-02-15T08:54:48.699659
18/2/2026,Wednesday,CAN,arrival,07:55,HU7001,Hainan Airlines,Duration: 1h 25m,06:30 - 07:55,"302 miles, 486 km",Airbus A320neo,169,GJ 3592,,Meal (none specific),260218_HU7001_06300755,text,True,2026-02-15T08:54:48.959912
18/2/2026,Wednesday,CAN,arrival,07:55,MU2078,China Eastern,Duration: 3h 45m,03:10 - 07:55,"1066 miles, 1715 km",Boeing 737-200 Mixed Configuration,75,,,Meal (none specific),260218_MU2078_03100755,text,True,2026-02-15T08:54:49.253115
18/2/2026,Wednesday,CAN,arrival,08:05,CZ3054,China Southern,Duration: 6h 45m,22:20 - 08:05,"2828 miles, 4550 km",Airbus A330-300,283,,,Meal (none specific),260218_CZ3054_22200805,text,True,2026-02-15T08:54:49.513956
18/2/2026,Wednesday,CAN,arrival,08:15,HU7307,Hainan Airlines,Duration: 1h 40m,06:35 - 08:15,"434 miles, 698 km",Airbus A320neo,169,,,Meal (none specific),260218_HU7307_06350815,text,True,2026-02-15T08:54:49.876145
18/2/2026,Wednesday,CAN,arrival,08:20,CZ6773,China Southern,Duration: 1h 20m,07:00 - 08:20,"302 miles, 486 km",Airbus A320,158,,,Meal (none specific),260218_CZ6773_07000820,text,True,2026-02-15T08:54:50.202529
18/2/2026,Wednesday,CAN,arrival,08:20,CZ6731,China Southern,Duration: 1h 20m,07:00 - 08:20,"434 miles, 698 km",Airbus A321neo,198,,,Meal (none specific),260218_CZ6731_07000820,text,True,2026-02-15T08:54:50.475964
18/2/2026,Wednesday,CAN,arrival,08:25,CZ3354,China Southern,Duration: 1h 25m,07:00 - 08:25,"287 miles, 462 km",Airbus A320neo,166,,,Meal (none specific),260218_CZ3354_07000825,text,True,2026-02-15T08:54:50.772071
18/2/2026,Wednesday,CAN,arrival,08:30,CZ3291,China Southern,Duration: 1h 10m,07:20 - 08:30,"332 miles, 534 km",Boeing 737-800 Passenger,172,,,Meal (none specific),260218_CZ3291_07200830,text,True,2026-02-15T08:54:51.037938
18/2/2026,Wednesday,CAN,arrival,08:30,CZ3330,China Southern,Duration: 1h 10m,07:20 - 08:30,"242 miles, 389 km",Airbus A320,158,,,Meal (none specific),260218_CZ3330_07200830,text,True,2026-02-15T08:54:51.325602
18/2/2026,Wednesday,CAN,arrival,08:30,PN6381,West Air (China),Duration: 2h 25m,06:05 - 08:30,"792 miles, 1274 km",Airbus A321,182,,,Meal (none specific),260218_PN6381_06050830,text,True,2026-02-15T08:54:51.631685
18/2/2026,Wednesday,CAN,arrival,08:40,AQ1146,9 Air,Duration: 1h 30m,07:10 - 08:40,"348 miles, 560 km",Boeing 737-800 Passenger,167,,,Meal (none specific),260218_AQ1146_07100840,text,True,2026-02-15T08:54:51.956841
18/2/2026,Wednesday,CAN,arrival,08:45,HU7003,Hainan Airlines,Duration: 1h 15m,07:30 - 08:45,"302 miles, 486 km",Boeing 737-800 Passenger,179,,,Meal (none specific),260218_HU7003_07300845,text,True,2026-02-15T08:54:56.828137
18/2/2026,Wednesday,CAN,arrival,08:45,ZH9962,Shenzhen Airlines,Duration: 2h 0m,06:45 - 08:45,"567 miles, 912 km",Airbus A320,162,CA 3494 /SC 9658,,Meal (none specific),260218_ZH9962_06450845,text,True,2026-02-15T08:54:57.166143
18/2/2026,Wednesday,CAN,arrival,08:50,CA4361,Air China,Duration: 1h 50m,07:00 - 08:50,"603 miles, 970 km",Boeing 737-800 Passenger,167,SC 5219 /ZH 4457,,Meal (none specific),260218_CA4361_07000850,text,True,2026-02-15T08:54:57.476190
18/2/2026,Wednesday,CAN,arrival,08:50,CZ8754,China Southern,Duration: 2h 5m,06:45 - 08:50,"679 miles, 1093 km",Airbus A320,158,,,Meal (none specific),260218_CZ8754_06450850,text,True,2026-02-15T08:55:02.243108
18/2/2026,Wednesday,CAN,arrival,08:50,CZ3312,China Southern,Duration: 1h 50m,07:00 - 08:50,"518 miles, 833 km",Airbus A321neo,198,,,Meal (none specific),260218_CZ3312_07000850,text,True,2026-02-15T08:55:02.651970
18/2/2026,Wednesday,CAN,arrival,08:50,W581,Mahan Air,Duration: 7h 20m,21:00 - 08:50,"3792 miles, 6101 km",Airbus A340-300,279,,,Meal (none specific),260218_W581_21000850,text,True,2026-02-15T08:55:03.038828
18/2/2026,Wednesday,CAN,arrival,08:55,CX982,Cathay Pacific,Duration: 1h 5m,07:50 - 08:55,"84 miles, 135 km",Airbus A330-300,286,,,Meal (none specific),260218_CX982_07500855,text,True,2026-02-15T08:55:03.335830
18/2/2026,Wednesday,CAN,arrival,08:55,CZ3420,China Southern,Duration: 2h 0m,06:55 - 08:55,"667 miles, 1073 km",Airbus A321neo,198,,,Meal (none specific),260218_CZ3420_06550855,text,True,2026-02-15T08:55:03.634589
18/2/2026,Wednesday,CAN,arrival,08:55,CZ330,China Southern,Duration: 14h 55m,02:00 - 08:55,"6375 miles, 10257 km",Boeing 777-300ER,361,,,Meal (none specific),260218_CZ330_02000855,text,True,2026-02-15T08:55:08.565916
18/2/2026,Wednesday,CAN,arrival,08:55,HU7362,Hainan Airlines,Duration: 2h 20m,06:35 - 08:55,"648 miles, 1043 km",Boeing 737-800 Passenger,179,,,Meal (none specific),260218_HU7362_06350855,text,True,2026-02-15T08:55:08.947863
18/2/2026,Wednesday,CAN,arrival,08:55,MU2542,China Eastern,Duration: 1h 40m,07:15 - 08:55,"516 miles, 830 km",Boeing 737-500 (winglets) Passenger,168,MF 3299,,Meal (none specific),260218_MU2542_07150855,text,True,2026-02-15T08:55:09.328115
18/2/2026,Wednesday,CAN,arrival,08:55,ZH8904,Shenzhen Airlines,Duration: 2h 15m,06:40 - 08:55,"792 miles, 1274 km",Boeing 737-800 Passenger,164,CA 3804 /SC 9172,,Meal (none specific),260218_ZH8904_06400855,text,True,2026-02-15T08:55:09.618021
18/2/2026,Wednesday,CAN,arrival,09:05,3U8745,Sichuan Airlines,Duration: 2h 5m,07:00 - 09:05,"603 miles, 970 km",Airbus A320,165,EU 7339 /MF 5559 /MU 3473 /CZ 9135 /HO 5856 /QW 6067,,Meal (none specific),260218_3U8745_07000905,text,True,2026-02-15T08:55:09.915729
18/2/2026,Wednesday,CAN,arrival,09:05,MF8301,XiamenAir,Duration: 1h 35m,07:30 - 09:05,"316 miles, 508 km",Boeing 737-800 Passenger,172,GJ 3853 /G5 9245 /3U 2419 /NS 8301 /CZ 4218,,Meal (none specific),260218_MF8301_07300905,text,True,2026-02-15T08:55:10.237428
18/2/2026,Wednesday,CAN,arrival,09:20,3U3060,Sichuan Airlines,Duration: 2h 20m,07:00 - 09:20,"765 miles, 1231 km",Airbus A320,165,MF 5010,,Meal (none specific),260218_3U3060_07000920,text,True,2026-02-15T08:55:10.559777
18/2/2026,Wednesday,CAN,arrival,09:20,AK112,AirAsia,Duration: 4h 15m,05:05 - 09:20,"1632 miles, 2626 km",Airbus A320neo,186,,,Meal (none specific),260218_AK112_05050920,text,True,2026-02-15T08:55:10.848412
18/2/2026,Wednesday,CAN,arrival,09:25,CZ6775,China Southern,Duration: 1h 25m,08:00 - 09:25,"302 miles, 486 km",Airbus A321,188,,,Meal (none specific),260218_CZ6775_08000925,text,True,2026-02-15T08:55:11.139788
18/2/2026,Wednesday,CAN,arrival,09:30,CZ3661,China Southern,Duration: 1h 40m,07:50 - 09:30,"464 miles, 747 km",Boeing 737-800 Passenger,172,,,Meal (none specific),260218_CZ3661_07500930,text,True,2026-02-15T08:55:11.474548
18/2/2026,Wednesday,CAN,arrival,09:30,CZ3549,China Southern,Duration: 2h 45m,06:45 - 09:30,"751 miles, 1208 km",Boeing 777-300ER,361,,,Meal (none specific),260218_CZ3549_06450930,text,True,2026-02-15T08:55:11.821376
18/2/2026,Wednesday,CAN,arrival,09:30,OQ2323,Chongqing Airlines,Duration: 2h 0m,07:30 - 09:30,"603 miles, 970 km",Airbus A320,175,,,Meal (none specific),260218_OQ2323_07300930,text,True,2026-02-15T08:55:12.166744
18/2/2026,Wednesday,CAN,arrival,09:30,TR100,Scoot,Duration: 4h 5m,05:25 - 09:30,"1654 miles, 2661 km",Boeing 787-9,375,SQ 8430,,Meal (none specific),260218_TR100_05250930,text,True,2026-02-15T08:55:12.517263
18/2/2026,Wednesday,CAN,arrival,09:35,CA1789,Air China,Duration: 2h 20m,07:15 - 09:35,"648 miles, 1043 km",Airbus A330-300,302,SC 5513 /ZH 1789,,Meal (none specific),260218_CA1789_07150935,text,True,2026-02-15T08:55:12.857593
18/2/2026,Wednesday,CAN,arrival,09:35,CZ3816,China Southern,Duration: 2h 20m,07:15 - 09:35,"638 miles, 1027 km",Airbus A321neo,198,,,Meal (none specific),260218_CZ3816_07150935,text,True,2026-02-15T08:55:13.196011
18/2/2026,Wednesday,CAN,arrival,09:35,CZ6282,China Southern,Duration: 2h 35m,07:00 - 09:35,"784 miles, 1261 km",Airbus A320,158,,,Meal (none specific),260218_CZ6282_07000935,text,True,2026-02-15T08:55:18.081197
18/2/2026,Wednesday,CAN,arrival,09:35,ZH9834,Shenzhen Airlines,Duration: 2h 35m,07:00 - 09:35,"713 miles, 1147 km",Boeing 737-800 Passenger,164,CA 3388 /HO 5249 /SC 9574,,Meal (none specific),260218_ZH9834_07000935,text,True,2026-02-15T08:55:23.014099
18/2/2026,Wednesday,CAN,arrival,09:40,CZ3994,China Southern,Duration: 2h 35m,07:05 - 09:40,"713 miles, 1147 km",Airbus A320,158,,,Meal (none specific),260218_CZ3994_07050940,text,True,2026-02-15T08:55:23.402597
18/2/2026,Wednesday,CAN,arrival,09:40,CZ6781,China Southern,Duration: 1h 40m,08:00 - 09:40,"434 miles, 698 km",Airbus A321,188,,,Meal (none specific),260218_CZ6781_08000940,text,True,2026-02-15T08:55:23.699008
18/2/2026,Wednesday,CAN,arrival,09:40,EU2235,Chengdu Airlines,Duration: 2h 5m,07:35 - 09:40,"763 miles, 1228 km",Airbus A320neo,180,GJ 5119 /3U 5601 /MU 1949 /TV 5009 /CZ 9693,,Meal (none specific),260218_EU2235_07350940,text,True,2026-02-15T08:55:28.790724
18/2/2026,Wednesday,CAN,arrival,09:40,MU5287,China Eastern,Duration: 2h 5m,07:35 - 09:40,"638 miles, 1027 km",Airbus A320,158,MF 3665,,Meal (none specific),260218_MU5287_07350940,text,True,2026-02-15T08:55:29.141378
18/2/2026,Wednesday,CAN,arrival,09:45,CZ3992,China Southern,Duration: 2h 45m,07:00 - 09:45,"866 miles, 1393 km",Airbus A320neo,166,,,Meal (none specific),260218_CZ3992_07000945,text,True,2026-02-15T08:55:29.485024
18/2/2026,Wednesday,CAN,arrival,09:45,CZ3672,China Southern,Duration: 2h 25m,07:20 - 09:45,"679 miles, 1093 km",Boeing 737MAX 8 Passenger,175,,,Meal (none specific),260218_CZ3672_07200945,text,True,2026-02-15T08:55:29.824470
18/2/2026,Wednesday,CAN,arrival,09:45,CZ3770,China Southern,Duration: 2h 10m,07:35 - 09:45,"567 miles, 912 km",Boeing 737MAX 8 Passenger,175,,,Meal (none specific),260218_CZ3770_07350945,text,True,2026-02-15T08:55:30.105050
18/2/2026,Wednesday,CAN,arrival,09:45,MU6363,China Eastern,Duration: 2h 45m,07:00 - 09:45,"998 miles, 1606 km",Boeing 737-200 Mixed Configuration,75,,,Meal (none specific),260218_MU6363_07000945,text,True,2026-02-15T08:55:30.390005
18/2/2026,Wednesday,CAN,arrival,09:45,ZH9878,Shenzhen Airlines,Duration: 2h 25m,07:20 - 09:45,"673 miles, 1083 km",Airbus A320,162,CA 3740 /HO 5283 /SC 9608,,Meal (none specific),260218_ZH9878_07200945,text,True,2026-02-15T08:55:30.724757
18/2/2026,Wednesday,CAN,arrival,09:50,9C8835,Spring Airlines,Duration: 2h 25m,07:25 - 09:50,"734 miles, 1181 km",Airbus A320,180,,,Meal (none specific),260218_9C8835_07250950,text,True,2026-02-15T08:55:30.995006
18/2/2026,Wednesday,CAN,arrival,09:50,CA8581,Air China,Duration: 2h 50m,07:00 - 09:50,"751 miles, 1208 km",Airbus A320,158,SC 5443 /ZH 4281,,Meal (none specific),260218_CA8581_07000950,text,True,2026-02-15T08:55:31.268696
18/2/2026,Wednesday,CAN,arrival,09:50,CZ3996,China Southern,Duration: 2h 40m,07:10 - 09:50,"804 miles, 1294 km",Airbus A321neo,198,,,Meal (none specific),260218_CZ3996_07100950,text,True,2026-02-15T08:55:36.220853
18/2/2026,Wednesday,CAN,arrival,09:50,ZH8696,Shenzhen Airlines,Duration: 2h 35m,07:15 - 09:50,"765 miles, 1231 km",Boeing 737-800 Passenger,164,CA 3880 /HO 5121 /SC 9140,,Meal (none specific),260218_ZH8696_07150950,text,True,2026-02-15T08:55:36.587695
18/2/2026,Wednesday,CAN,arrival,09:55,CZ3368,China Southern,Duration: 1h 55m,08:00 - 09:55,"516 miles, 830 km",Boeing 737-800 Passenger,172,,,Meal (none specific),260218_CZ3368_08000955,text,True,2026-02-15T08:55:36.924285
18/2/2026,Wednesday,CAN,arrival,09:55,HU7462,Hainan Airlines,Duration: 2h 20m,07:35 - 09:55,"648 miles, 1043 km",Boeing 737-800 Passenger,179,,,Meal (none specific),260218_HU7462_07350955,text,True,2026-02-15T08:55:41.814009
18/2/2026,Wednesday,CAN,arrival,09:55,MF8319,XiamenAir,Duration: 2h 30m,07:25 - 09:55,"648 miles, 1043 km",Boeing 737-800 Passenger,172,MU 4714 /GJ 3867 /HO 7102 /G5 9081 /3U 2435 /NS 8319 /CZ 4234,,Meal (none specific),260218_MF8319_07250955,text,True,2026-02-15T08:55:42.259922
18/2/2026,Wednesday,CAN,arrival,09:55,MU6950,China Eastern,Duration: 2h 5m,07:50 - 09:55,"679 miles, 1093 km",Airbus A320,158,MF 2288,,Meal (none specific),260218_MU6950_07500955,text,True,2026-02-15T08:55:42.566059
18/2/2026,Wednesday,CAN,arrival,10:00,MU2907,China Eastern,Duration: 2h 30m,07:30 - 10:00,"673 miles, 1083 km",Airbus A321,177,MF 3469 /KQ 5295,,Meal (none specific),260218_MU2907_07301000,text,True,2026-02-15T08:55:42.851819
18/2/2026,Wednesday,CAN,arrival,10:00,TV9765,Tibet Airlines,Duration: 2h 20m,07:40 - 10:00,"763 miles, 1228 km",Airbus A330,279,CA 5581 /ZH 3257 /SC 6239 /GJ 5995 /EU 8041 /KY 6841,,Meal (none specific),260218_TV9765_07401000,text,True,2026-02-15T08:55:43.139089
18/2/2026,Wednesday,CAN,arrival,10:05,CZ8780,China Southern,Duration: 1h 50m,08:15 - 10:05,"438 miles, 705 km",Boeing 737MAX 8 Passenger,175,,,Meal (none specific),260218_CZ8780_08151005,text,True,2026-02-15T08:55:43.410504
18/2/2026,Wednesday,CAN,arrival,10:05,MU5731,China Eastern,Duration: 2h 5m,08:00 - 10:05,"667 miles, 1073 km",Boeing 737-800 Passenger,168,3U 5325 /MF 3989 /KQ 5275,,Meal (none specific),260218_MU5731_08001005,text,True,2026-02-15T08:55:43.692912
18/2/2026,Wednesday,CAN,arrival,10:10,HO1855,Juneyao Airlines,Duration: 2h 40m,07:30 - 10:10,"751 miles, 1208 km",Boeing 787-9,324,3U 4573 /MF 7614 /MU 3809 /CZ 219 /ZH 5210,,Meal (none specific),260218_HO1855_07301010,text,True,2026-02-15T08:55:44.009468
18/2/2026,Wednesday,CAN,arrival,10:10,SU220,Aeroflot,Duration: 9h 20m,19:50 - 10:10,"4375 miles, 7039 km",Boeing 777-300ER,403,,,Meal (none specific),260218_SU220_19501010,text,True,2026-02-15T08:55:44.371901
18/2/2026,Wednesday,CAN,arrival,10:15,CA4319,Air China,Duration: 2h 15m,08:00 - 10:15,"728 miles, 1171 km",Airbus A330-300,302,ZH 4519,,Meal (none specific),260218_CA4319_08001015,text,True,2026-02-15T08:55:44.669652
18/2/2026,Wednesday,CAN,arrival,10:15,ZH9226,Shenzhen Airlines,Duration: 2h 45m,07:30 - 10:15,"815 miles, 1311 km",Airbus A320,162,CA 3510 /SC 9296,,Meal (none specific),260218_ZH9226_07301015,text,True,2026-02-15T08:55:44.954432
18/2/2026,Wednesday,CAN,arrival,10:20,KY8279,Kunming Airlines,Duration: 2h 0m,08:20 - 10:20,"667 miles, 1073 km",Boeing 737-800 Passenger,160,CA 5703 /TV 8009 /ZH 5579,,Meal (none specific),260218_KY8279_08201020,text,True,2026-02-15T08:55:45.208489
18/2/2026,Wednesday,CAN,arrival,10:20,MU5211,China Eastern,Duration: 2h 20m,08:00 - 10:20,"648 miles, 1043 km",Airbus A321,177,3U 5203 /MF 3607 /KQ 5284,,Meal (none specific),260218_MU5211_08001020,text,True,2026-02-15T08:55:45.481060
18/2/2026,Wednesday,CAN,arrival,10:25,3U3151,Sichuan Airlines,Duration: 2h 10m,08:15 - 10:25,"648 miles, 1043 km",Airbus A320,165,EU 7007 /G5 8621 /HO 5766 /MF 5021 /MU 3201 /QW 6017,,Meal (none specific),260218_3U3151_08151025,text,True,2026-02-15T08:55:45.741825
18/2/2026,Wednesday,CAN,arrival,10:25,3U6701,Sichuan Airlines,Duration: 2h 5m,08:20 - 10:25,"728 miles, 1171 km",Airbus A330-200,274,EU 7135 /G5 8729 /MF 5261 /GJ 3071 /MU 3271 /QW 9933,,Meal (none specific),260218_3U6701_08201025,text,True,2026-02-15T08:55:45.990008
18/2/2026,Wednesday,CAN,arrival,10:25,CA9667,Air China,Duration: 2h 20m,08:05 - 10:25,"734 miles, 1181 km",Boeing 737-800 Passenger,167,,,Meal (none specific),260218_CA9667_08051025,text,True,2026-02-15T08:55:50.632645
18/2/2026,Wednesday,CAN,arrival,10:25,CZ6785,China Southern,Duration: 1h 25m,09:00 - 10:25,"302 miles, 486 km",Airbus A320,158,,,Meal (none specific),260218_CZ6785_09001025,text,True,2026-02-15T08:55:50.899561
18/2/2026,Wednesday,CAN,arrival,10:25,HU7342,Hainan Airlines,Duration: 1h 55m,08:30 - 10:25,"603 miles, 970 km",Boeing 787-9,290,,,Meal (none specific),260218_HU7342_08301025,text,True,2026-02-15T08:55:51.190731
18/2/2026,Wednesday,CAN,arrival,10:30,CZ3391,China Southern,Duration: 2h 30m,08:00 - 10:30,"792 miles, 1274 km",Boeing 737-800 Passenger,172,,,Meal (none specific),260218_CZ3391_08001030,text,True,2026-02-15T08:55:51.481601
18/2/2026,Wednesday,CAN,arrival,10:30,CZ660,China Southern,Duration: 2h 0m,08:30 - 10:30,"516 miles, 830 km",Boeing 777-300ER,361,,,Meal (none specific),260218_CZ660_08301030,text,True,2026-02-15T08:55:51.765947
18/2/2026,Wednesday,CAN,arrival,10:35,CZ3182,China Southern,Duration: 3h 15m,07:20 - 10:35,"1216 miles, 1957 km",Airbus A320neo,166,,,Meal (none specific),260218_CZ3182_07201035,text,True,2026-02-15T08:55:52.020373
18/2/2026,Wednesday,CAN,arrival,10:35,MU6305,China Eastern,Duration: 3h 15m,07:20 - 10:35,"1134 miles, 1825 km",Airbus A330-300,290,KN 6734 /MF 7508 /SV 6830 /EY 5760,,Meal (none specific),260218_MU6305_07201035,text,True,2026-02-15T08:55:52.303006
18/2/2026,Wednesday,CAN,arrival,10:35,OQ2305,Chongqing Airlines,Duration: 2h 10m,08:25 - 10:35,"603 miles, 970 km",Airbus A320,175,,,Meal (none specific),260218_OQ2305_08251035,text,True,2026-02-15T08:55:52.558204
18/2/2026,Wednesday,CAN,arrival,10:40,CZ3230,China Southern,Duration: 1h 40m,09:00 - 10:40,"408 miles, 656 km",Airbus A320neo,166,,,Meal (none specific),260218_CZ3230_09001040,text,True,2026-02-15T08:55:52.819801
18/2/2026,Wednesday,CAN,arrival,10:40,CZ3252,China Southern,Duration: 3h 15m,07:25 - 10:40,"1080 miles, 1738 km",Airbus A320neo,166,,,Meal (none specific),260218_CZ3252_07251040,text,True,2026-02-15T08:55:53.081217
18/2/2026,Wednesday,CAN,arrival,10:40,MU5261,China Eastern,Duration: 2h 50m,07:50 - 10:40,"1080 miles, 1738 km",Airbus A320,158,,,Meal (none specific),260218_MU5261_07501040,text,True,2026-02-15T08:55:53.329204
18/2/2026,Wednesday,CAN,arrival,10:40,MU5255,China Eastern,Duration: 3h 25m,07:15 - 10:40,"990 miles, 1593 km",Airbus A321,177,MF 3641,,Meal (none specific),260218_MU5255_07151040,text,True,2026-02-15T08:55:53.593527
18/2/2026,Wednesday,CAN,arrival,10:40,ZH9826,Shenzhen Airlines,Duration: 2h 35m,08:05 - 10:40,"713 miles, 1147 km",Boeing 737-800 Passenger,164,CA 3694 /HO 5241 /SC 9566,,Meal (none specific),260218_ZH9826_08051040,text,True,2026-02-15T08:55:53.832082
18/2/2026,Wednesday,CAN,arrival,10:45,CZ3414,China Southern,Duration: 2h 15m,08:30 - 10:45,"763 miles, 1228 km",Airbus A320neo,166,,,Meal (none specific),260218_CZ3414_08301045,text,True,2026-02-15T08:55:54.077730
18/2/2026,Wednesday,CAN,arrival,10:45,CZ5640,China Southern,Duration: 3h 10m,07:35 - 10:45,"1027 miles, 1652 km",Airbus A321neo,198,,,Meal (none specific),260218_CZ5640_07351045,text,True,2026-02-15T08:55:54.298759
18/2/2026,Wednesday,CAN,arrival,10:50,CA4305,Air China,Duration: 2h 20m,08:30 - 10:50,"763 miles, 1228 km",Airbus A330,288,ZH 4403,,Meal (none specific),260218_CA4305_08301050,text,True,2026-02-15T08:55:54.558158
18/2/2026,Wednesday,CAN,arrival,10:50,CA2801,Air China,Duration: 3h 15m,07:35 - 10:50,"1119 miles, 1800 km",Boeing 737-800 Passenger,167,ZH 4801,,Meal (none specific),260218_CA2801_07351050,text,True,2026-02-15T08:55:54.801621
18/2/2026,Wednesday,CAN,arrival,10:50,CZ3078,China Southern,Duration: 2h 30m,08:20 - 10:50,"798 miles, 1284 km",Boeing 737-800 Passenger,172,,,Meal (none specific),260218_CZ3078_08201050,text,True,2026-02-15T08:55:55.044561
18/2/2026,Wednesday,CAN,arrival,10:50,CZ3220,China Southern,Duration: 2h 50m,08:00 - 10:50,"815 miles, 1311 km",Boeing 737-800 Passenger,172,,,Meal (none specific),260218_CZ3220_08001050,text,True,2026-02-15T08:55:55.262536
18/2/2026,Wednesday,CAN,arrival,10:55,CZ372,China Southern,Duration: 1h 40m,08:15 - 10:55,"504 miles, 811 km",Boeing 737MAX 8 Passenger,175,3U 7078 /VN 3506,,Meal (none specific),260218_CZ372_08151055,text,True,2026-02-15T08:55:55.505178
18/2/2026,Wednesday,CAN,arrival,10:55,CZ3820,China Southern,Duration: 2h 20m,08:35 - 10:55,"648 miles, 1043 km",Airbus A320,158,,,Meal (none specific),260218_CZ3820_08351055,text,True,2026-02-15T08:55:55.741048
18/2/2026,Wednesday,CAN,arrival,10:55,CZ3872,China Southern,Duration: 2h 25m,08:30 - 10:55,"673 miles, 1083 km",Boeing 737-800 Passenger,172,,,Meal (none specific),260218_CZ3872_08301055,text,True,2026-02-15T08:55:55.990319
18/2/2026,Wednesday,CAN,arrival,10:55,CZ3664,China Southern,Duration: 3h 5m,07:50 - 10:55,"964 miles, 1551 km",Airbus A321neo,198,,,Meal (none specific),260218_CZ3664_07501055,text,True,2026-02-15T08:55:56.224175
18/2/2026,Wednesday,CAN,arrival,10:55,MF8753,XiamenAir,Duration: 3h 25m,07:30 - 10:55,"1117 miles, 1797 km",Boeing 737-800 Passenger,172,GJ 3981 /G5 9487 /3U 2719 /NS 8753 /CZ 4516,,Meal (none specific),260218_MF8753_07301055,text,True,2026-02-15T08:55:56.474425
18/2/2026,Wednesday,CAN,arrival,10:55,SC1173,Shandong Airlines,Duration: 2h 55m,08:00 - 10:55,"964 miles, 1551 km",Boeing 737-800 Passenger,167,CA 4615 /G5 8315 /TV 3019 /ZH 2519,,Meal (none specific),260218_SC1173_08001055,text,True,2026-02-15T08:55:56.704170
18/2/2026,Wednesday,CAN,arrival,11:00,9C6721,Spring Airlines,Duration: 2h 30m,08:30 - 11:00,"734 miles, 1181 km",Airbus A320,180,,,Meal (none specific),260218_9C6721_08301100,text,True,2026-02-15T08:55:56.952158
18/2/2026,Wednesday,CAN,arrival,11:00,HU7332,Hainan Airlines,Duration: 3h 5m,07:55 - 11:00,"751 miles, 1208 km",Boeing 737-800 Passenger,179,,,Meal (none specific),260218_HU7332_07551100,text,True,2026-02-15T08:55:57.195662
18/2/2026,Wednesday,CAN,arrival,11:00,MF8395,XiamenAir,Duration: 3h 15m,07:45 - 11:00,"1134 miles, 1825 km",Airbus A321neo,208,3U 2507 /CZ 4306 /G5 9123 /GJ 3913 /HO 7170 /MU 4692 /NS 8395,,Meal (none specific),260218_MF8395_07451100,text,True,2026-02-15T08:55:57.426964
18/2/2026,Wednesday,CAN,arrival,11:00,MU2325,China Eastern,Duration: 2h 30m,08:30 - 11:00,"815 miles, 1311 km",Airbus A321,177,MF 3149,,Meal (none specific),260218_MU2325_08301100,text,True,2026-02-15T08:55:57.657049
18/2/2026,Wednesday,CAN,arrival,11:05,FM9303,Shanghai Airlines,Duration: 2h 35m,08:30 - 11:05,"734 miles, 1181 km",Boeing 737-500 (winglets) Passenger,166,MU 8413,,Meal (none specific),260218_FM9303_08301105,text,True,2026-02-15T08:55:57.941667
18/2/2026,Wednesday,CAN,arrival,11:10,NS3203,Hebei Airlines,Duration: 3h 10m,08:00 - 11:10,"1027 miles, 1652 km",Boeing 737-800 Passenger,177,RY 2001 /MF 7000 /CZ 1400,,Meal (none specific),260218_NS3203_08001110,text,True,2026-02-15T08:55:58.189609
18/2/2026,Wednesday,CAN,arrival,11:15,ZH9446,Shenzhen Airlines,Duration: 2h 15m,09:00 - 11:15,"728 miles, 1171 km",Airbus A320,162,CA 3690 /SC 9408,,Meal (none specific),260218_ZH9446_09001115,text,True,2026-02-15T08:55:58.493229
18/2/2026,Wednesday,CAN,arrival,11:20,AQ1114,9 Air,Duration: 1h 20m,10:00 - 11:20,"434 miles, 698 km",Boeing 737-800 Passenger,167,,,Meal (none specific),260218_AQ1114_10001120,text,True,2026-02-15T08:55:58.794984
18/2/2026,Wednesday,CAN,arrival,11:20,HU7837,Hainan Airlines,Duration: 2h 50m,08:30 - 11:20,"815 miles, 1311 km",Boeing 787-9,290,,,Meal (none specific),260218_HU7837_08301120,text,True,2026-02-15T08:55:59.044355
18/2/2026,Wednesday,CAN,arrival,11:20,MU5321,China Eastern,Duration: 2h 15m,09:05 - 11:20,"763 miles, 1228 km",Airbus A321,177,3U 5221 /MF 3691,,Meal (none specific),260218_MU5321_09051120,text,True,2026-02-15T08:55:59.290822
18/2/2026,Wednesday,CAN,arrival,11:25,3U8731,Sichuan Airlines,Duration: 2h 25m,09:00 - 11:25,"763 miles, 1228 km",Airbus A320,165,EU 7329 /G5 8725 /MF 5549 /MU 3463 /CZ 9125 /HO 5848,,Meal (none specific),260218_3U8731_09001125,text,True,2026-02-15T08:55:59.522060
18/2/2026,Wednesday,CAN,arrival,11:25,CA1351,Air China,Duration: 3h 25m,08:00 - 11:25,"1175 miles, 1891 km",Airbus A350-900,312,ZH 1351,,Meal (none specific),260218_CA1351_08001125,text,True,2026-02-15T08:55:59.762792
18/2/2026,Wednesday,CAN,arrival,11:25,CZ3924,China Southern,Duration: 1h 40m,09:45 - 11:25,"541 miles, 870 km",Airbus A320neo,166,,,Meal (none specific),260218_CZ3924_09451125,text,True,2026-02-15T08:56:00.043258
18/2/2026,Wednesday,CAN,arrival,11:25,CZ8685,China Southern,Duration: 2h 30m,08:55 - 11:25,"792 miles, 1274 km",Boeing 737-800 Passenger,172,,,Meal (none specific),260218_CZ8685_08551125,text,True,2026-02-15T08:56:00.307179
18/2/2026,Wednesday,CAN,arrival,11:25,CZ6771,China Southern,Duration: 1h 30m,09:55 - 11:25,"302 miles, 486 km",Airbus A321,188,,,Meal (none specific),260218_CZ6771_09551125,text,True,2026-02-15T08:56:00.552315
18/2/2026,Wednesday,CAN,arrival,11:25,CZ3596,China Southern,Duration: 2h 35m,08:50 - 11:25,"734 miles, 1181 km",Airbus A320,158,,,Meal (none specific),260218_CZ3596_08501125,text,True,2026-02-15T08:56:00.776411
18/2/2026,Wednesday,CAN,arrival,11:30,CA1791,Air China,Duration: 2h 35m,08:55 - 11:30,"648 miles, 1043 km",Airbus A321,180,SC 5525 /ZH 1791,,Meal (none specific),260218_CA1791_08551130,text,True,2026-02-15T08:56:01.038484
18/2/2026,Wednesday,CAN,arrival,11:30,CZ6321,China Southern,Duration: 3h 50m,07:40 - 11:30,"1186 miles, 1908 km",Airbus A321neo,198,,,Meal (none specific),260218_CZ6321_07401130,text,True,2026-02-15T08:56:01.280545
18/2/2026,Wednesday,CAN,arrival,11:30,CZ6590,China Southern,Duration: 2h 0m,09:30 - 11:30,"516 miles, 830 km",Boeing 737-800 Passenger,172,,,Meal (none specific),260218_CZ6590_09301130,text,True,2026-02-15T08:56:01.540944
18/2/2026,Wednesday,CAN,arrival,11:30,MU6303,China Eastern,Duration: 3h 15m,08:15 - 11:30,"1134 miles, 1825 km",Airbus A321,177,KN 6732 /MF 7506 /SV 6831,,Meal (none specific),260218_MU6303_08151130,text,True,2026-02-15T08:56:01.771358
18/2/2026,Wednesday,CAN,arrival,11:30,OZ369,Asiana,Duration: 4h 10m,08:20 - 11:30,"1252 miles, 2014 km",Airbus A330-300,290,ZH 3308,,Meal (none specific),260218_OZ369_08201130,text,True,2026-02-15T08:56:02.036105
18/2/2026,Wednesday,CAN,arrival,11:35,CZ3350,China Southern,Duration: 3h 20m,08:15 - 11:35,"1119 miles, 1800 km",Airbus A320neo,166,,,Meal (none specific),260218_CZ3350_08151135,text,True,2026-02-15T08:56:02.271263
18/2/2026,Wednesday,CAN,arrival,11:35,FM9305,Shanghai Airlines,Duration: 2h 35m,09:00 - 11:35,"751 miles, 1208 km",Boeing 787-9,285,MU 8414,,Meal (none specific),260218_FM9305_09001135,text,True,2026-02-15T08:56:02.528829
18/2/2026,Wednesday,CAN,arrival,11:35,SC7621,Shandong Airlines,Duration: 3h 35m,08:00 - 11:35,"1085 miles, 1746 km",Boeing 737-800 Passenger,167,ZH 2795 /G5 8425 /CA 4917 /TV 3313,,Meal (none specific),260218_SC7621_08001135,text,True,2026-02-15T08:56:02.777037
18/2/2026,Wednesday,CAN,arrival,11:40,CZ3108,China Southern,Duration: 3h 10m,08:30 - 11:40,"1134 miles, 1825 km",Airbus A321neo,198,,,Meal (none specific),260218_CZ3108_08301140,text,True,2026-02-15T08:56:03.042173
18/2/2026,Wednesday,CAN,arrival,11:40,CZ3716,China Southern,Duration: 3h 35m,08:05 - 11:40,"990 miles, 1593 km",Airbus A321neo,198,EK 7441,,Meal (none specific),260218_CZ3716_08051140,text,True,2026-02-15T08:56:03.278295
18/2/2026,Wednesday,CAN,arrival,11:45,CA4307,Air China,Duration: 2h 15m,09:30 - 11:45,"763 miles, 1228 km",Airbus A330,288,ZH 4405,,Meal (none specific),260218_CA4307_09301145,text,True,2026-02-15T08:56:03.528749
18/2/2026,Wednesday,CAN,arrival,11:45,CA4351,Air China,Duration: 2h 5m,09:40 - 11:45,"625 miles, 1006 km",Airbus A321,180,ZH 4447,,Meal (none specific),260218_CA4351_09401145,text,True,2026-02-15T08:56:03.759558
18/2/2026,Wednesday,CAN,arrival,11:45,CZ3378,China Southern,Duration: 3h 0m,08:45 - 11:45,"998 miles, 1606 km",Airbus A321neo,198,,,Meal (none specific),260218_CZ3378_08451145,text,True,2026-02-15T08:56:04.008687
18/2/2026,Wednesday,CAN,arrival,11:45,SC4673,Shandong Airlines,Duration: 1h 45m,10:00 - 11:45,"419 miles, 674 km",Boeing 737-800 Passenger,167,ZH 2653 /G5 6551 /CA 4745 /TV 3149,,Meal (none specific),260218_SC4673_10001145,text,True,2026-02-15T08:56:04.239719
18/2/2026,Wednesday,CAN,arrival,11:50,CZ3216,China Southern,Duration: 2h 50m,09:00 - 11:50,"815 miles, 1311 km",Boeing 737-800 Passenger,172,,,Meal (none specific),260218_CZ3216_09001150,text,True,2026-02-15T08:56:04.480521
18/2/2026,Wednesday,CAN,arrival,11:50,ZH8990,Shenzhen Airlines,Duration: 2h 10m,09:40 - 11:50,"621 miles, 999 km",Airbus A320,162,SC 9224,,Meal (none specific),260218_ZH8990_09401150,text,True,2026-02-15T08:56:04.711430
18/2/2026,Wednesday,CAN,arrival,11:55,CZ368,China Southern,Duration: 2h 55m,08:00 - 11:55,"978 miles, 1574 km",Airbus A320,158,3U 7048 /VN 3500,,Meal (none specific),260218_CZ368_08001155,text,True,2026-02-15T08:56:09.564984
18/2/2026,Wednesday,CAN,arrival,11:55,CZ3300,China Southern,Duration: 1h 55m,10:00 - 11:55,"518 miles, 833 km",Airbus A320neo,166,,,Meal (none specific),260218_CZ3300_10001155,text,True,2026-02-15T08:56:14.452376
18/2/2026,Wednesday,CAN,arrival,11:55,KN5037,China United Airlines,Duration: 2h 15m,09:40 - 11:55,"567 miles, 912 km",Boeing 737 Passenger,178,MU 8053,,Meal (none specific),260218_KN5037_09401155,text,True,2026-02-15T08:56:14.740747
18/2/2026,Wednesday,CAN,arrival,11:55,ZH8948,Shenzhen Airlines,Duration: 2h 35m,09:20 - 11:55,"866 miles, 1393 km",Airbus A320,162,CA 3458 /SC 9200,,Meal (none specific),260218_ZH8948_09201155,text,True,2026-02-15T08:56:14.983670
18/2/2026,Wednesday,CAN,arrival,11:55,ZH9862,Shenzhen Airlines,Duration: 2h 25m,09:30 - 11:55,"673 miles, 1083 km",Boeing 737-800 Passenger,164,CA 3700 /HO 5273 /SC 9594,,Meal (none specific),260218_ZH9862_09301155,text,True,2026-02-15T08:56:15.246980
18/2/2026,Wednesday,CAN,arrival,12:00,CZ6660,China Southern,Duration: 2h 5m,09:55 - 12:00,"485 miles, 780 km",Boeing 737-800 Passenger,172,,,Meal (none specific),260218_CZ6660_09551200,text,True,2026-02-15T08:56:15.492923
18/2/2026,Wednesday,CAN,arrival,12:00,HU7005,Hainan Airlines,Duration: 1h 30m,10:30 - 12:00,"302 miles, 486 km",Boeing 737-800 Passenger,179,,,Meal (none specific),260218_HU7005_10301200,text,True,2026-02-15T08:56:15.814466
18/2/2026,Wednesday,CAN,arrival,12:00,HU7801,Hainan Airlines,Duration: 3h 30m,08:30 - 12:00,"1175 miles, 1891 km",Boeing 737-800 Passenger,179,GS 5801,,Meal (none specific),260218_HU7801_08301200,text,True,2026-02-15T08:56:16.062285
18/2/2026,Wednesday,CAN,arrival,12:00,MF8323,XiamenAir,Duration: 2h 0m,10:00 - 12:00,"438 miles, 705 km",Boeing 737-800 Passenger,172,3U 2439 /CZ 4238 /G5 9345 /GJ 3871 /HO 7106 /MU 4864 /NS 8323,,Meal (none specific),260218_MF8323_10001200,text,True,2026-02-15T08:56:16.353949
18/2/2026,Wednesday,CAN,arrival,12:00,MU2947,China Eastern,Duration: 2h 50m,09:10 - 12:00,"713 miles, 1147 km",Airbus A320,158,MF 3485,,Meal (none specific),260218_MU2947_09101200,text,True,2026-02-15T08:56:16.614540
18/2/2026,Wednesday,CAN,arrival,12:05,KE867,Korean Air,Duration: 4h 10m,08:55 - 12:05,"1252 miles, 2014 km",Boeing 737-900 (winglets) Passenger/BBJ3,173,,,Meal (none specific),260218_KE867_08551205,text,True,2026-02-15T08:56:16.880931
18/2/2026,Wednesday,CAN,arrival,12:05,MU5309,China Eastern,Duration: 2h 25m,09:40 - 12:05,"734 miles, 1181 km",Airbus A321,177,HO 5462 /MF 3680,,Meal (none specific),260218_MU5309_09401205,text,True,2026-02-15T08:56:17.147762
18/2/2026,Wednesday,CAN,arrival,12:10,CZ362,China Southern,Duration: 2h 50m,08:20 - 12:10,"1066 miles, 1715 km",Boeing 737MAX 8 Passenger,175,3U 7040,,Meal (none specific),260218_CZ362_08201210,text,True,2026-02-15T08:56:17.417829
18/2/2026,Wednesday,CAN,arrival,12:10,CZ3512,China Southern,Duration: 2h 35m,09:35 - 12:10,"648 miles, 1043 km",Airbus A320,158,,,Meal (none specific),260218_CZ3512_09351210,text,True,2026-02-15T08:56:17.669206
18/2/2026,Wednesday,CAN,arrival,12:10,MU5251,China Eastern,Duration: 3h 30m,08:40 - 12:10,"998 miles, 1606 km",Boeing 737-500 (winglets) Passenger,168,G5 8537 /MF 3637,,Meal (none specific),260218_MU5251_08401210,text,True,2026-02-15T08:56:17.966290
18/2/2026,Wednesday,CAN,arrival,12:10,SQ850,Singapore Airlines,Duration: 4h 5m,08:05 - 12:10,"1654 miles, 2661 km",Boeing 787,337,ET 1332 /VA 5750,,Meal (none specific),260218_SQ850_08051210,text,True,2026-02-15T08:56:18.208587
18/2/2026,Wednesday,CAN,arrival,12:15,CZ352,China Southern,Duration: 4h 15m,08:00 - 12:15,"1654 miles, 2661 km",Airbus A321,188,3U 7026,,Meal (none specific),260218_CZ352_08001215,text,True,2026-02-15T08:56:18.450721
18/2/2026,Wednesday,CAN,arrival,12:15,K6668,Air Cambodia,Duration: 2h 50m,08:25 - 12:15,"1003 miles, 1614 km",Airbus A321,184,,,Meal (none specific),260218_K6668_08251215,text,True,2026-02-15T08:56:18.705700
18/2/2026,Wednesday,CAN,arrival,12:15,MU5796,China Eastern,Duration: 2h 5m,10:10 - 12:15,"603 miles, 970 km",Boeing 737 Passenger,168,MF 7316,,Meal (none specific),260218_MU5796_10101215,text,True,2026-02-15T08:56:18.958004
18/2/2026,Wednesday,CAN,arrival,12:20,CZ5354,China Southern,Duration: 2h 5m,10:15 - 12:20,"611 miles, 983 km",Boeing 737-800 Passenger,172,,,Meal (none specific),260218_CZ5354_10151220,text,True,2026-02-15T08:56:19.192308
18/2/2026,Wednesday,CAN,arrival,12:25,CZ366,China Southern,Duration: 4h 20m,08:05 - 12:25,"1632 miles, 2626 km",Boeing 737MAX 8 Passenger,175,MH 4482,,Meal (none specific),260218_CZ366_08051225,text,True,2026-02-15T08:56:19.438420
18/2/2026,Wednesday,CAN,arrival,12:25,CZ3812,China Southern,Duration: 2h 10m,10:15 - 12:25,"567 miles, 912 km",Airbus A320,158,,,Meal (none specific),260218_CZ3812_10151225,text,True,2026-02-15T08:56:19.686395
18/2/2026,Wednesday,CAN,arrival,12:25,MU2301,China Eastern,Duration: 2h 55m,09:30 - 12:25,"815 miles, 1311 km",Airbus A320neo,158,MF 3129,,Meal (none specific),260218_MU2301_09301225,text,True,2026-02-15T08:56:19.946838
18/2/2026,Wednesday,CAN,arrival,12:30,CA1321,Air China,Duration: 3h 30m,09:00 - 12:30,"1175 miles, 1891 km",Boeing 777-300,333,ZH 1321,,Meal (none specific),260218_CA1321_09001230,text,True,2026-02-15T08:56:20.213733
18/2/2026,Wednesday,CAN,arrival,12:35,CZ6301,China Southern,Duration: 4h 35m,08:00 - 12:35,"1398 miles, 2249 km",Airbus A321neo,198,,,Meal (none specific),260218_CZ6301_08001235,text,True,2026-02-15T08:56:20.494589
18/2/2026,Wednesday,CAN,arrival,12:40,CA4347,Air China,Duration: 2h 10m,10:30 - 12:40,"603 miles, 970 km",Boeing 787-9,293,ZH 4647,,Meal (none specific),260218_CA4347_10301240,text,True,2026-02-15T08:56:20.792124
18/2/2026,Wednesday,CAN,arrival,12:40,CZ3320,China Southern,Duration: 2h 0m,10:40 - 12:40,"546 miles, 879 km",Airbus A320,158,,,Meal (none specific),260218_CZ3320_10401240,text,True,2026-02-15T08:56:21.025828
18/2/2026,Wednesday,CAN,arrival,12:40,CZ6341,China Southern,Duration: 4h 50m,07:50 - 12:40,"1596 miles, 2568 km",Airbus A320neo,166,,,Meal (none specific),260218_CZ6341_07501240,text,True,2026-02-15T08:56:21.286487
18/2/2026,Wednesday,CAN,arrival,12:40,CZ5358,China Southern,Duration: 2h 45m,09:55 - 12:40,"846 miles, 1361 km",Airbus A321neo,198,,,Meal (none specific),260218_CZ5358_09551240,text,True,2026-02-15T08:56:21.522596
18/2/2026,Wednesday,CAN,arrival,12:40,CZ3258,China Southern,Duration: 2h 25m,10:15 - 12:40,"784 miles, 1261 km",Airbus A320neo,166,,,Meal (none specific),260218_CZ3258_10151240,text,True,2026-02-15T08:56:21.814027
18/2/2026,Wednesday,CAN,arrival,12:45,CZ3482,China Southern,Duration: 2h 15m,10:30 - 12:45,"835 miles, 1344 km",Airbus A320,158,,,Meal (none specific),260218_CZ3482_10301245,text,True,2026-02-15T08:56:22.102440
18/2/2026,Wednesday,CAN,arrival,12:45,CZ5666,China Southern,Duration: 2h 10m,10:35 - 12:45,"643 miles, 1035 km",Airbus A321,188,,,Meal (none specific),260218_CZ5666_10351245,text,True,2026-02-15T08:56:22.414385
18/2/2026,Wednesday,CAN,arrival,12:45,JD5228,Capital Airlines,Duration: 1h 55m,10:50 - 12:45,"603 miles, 970 km",Airbus A321,176,,,Meal (none specific),260218_JD5228_10501245,text,True,2026-02-15T08:56:22.760597
18/2/2026,Wednesday,CAN,arrival,12:50,CZ384,China Southern,Duration: 6h 55m,01:55 - 12:50,"3641 miles, 5858 km",Airbus A330-300,283,3U 7114 /EK 7435 /SV 6001,,Meal (none specific),260218_CZ384_01551250,text,True,2026-02-15T08:56:23.025643
18/2/2026,Wednesday,CAN,arrival,12:50,CZ3906,China Southern,Duration: 4h 50m,08:00 - 12:50,"1725 miles, 2776 km",Airbus A321neo,198,,,Meal (none specific),260218_CZ3906_08001250,text,True,2026-02-15T08:56:23.323414
18/2/2026,Wednesday,CAN,arrival,12:50,CZ3498,China Southern,Duration: 1h 55m,10:55 - 12:50,"667 miles, 1073 km",Boeing 737MAX 8 Passenger,175,EK 7449,,Meal (none specific),260218_CZ3498_10551250,text,True,2026-02-15T08:56:23.605142
18/2/2026,Wednesday,CAN,arrival,12:55,CZ3364,China Southern,Duration: 2h 30m,10:25 - 12:55,"790 miles, 1271 km",Airbus A320neo,166,,,Meal (none specific),260218_CZ3364_10251255,text,True,2026-02-15T08:56:23.848646
18/2/2026,Wednesday,CAN,arrival,12:55,CZ3000,China Southern,Duration: 3h 25m,09:30 - 12:55,"1134 miles, 1825 km",Airbus A320,158,,,Meal (none specific),260218_CZ3000_09301255,text,True,2026-02-15T08:56:24.088749
18/2/2026,Wednesday,CAN,arrival,12:55,HU7114,Hainan Airlines,Duration: 2h 20m,10:35 - 12:55,"673 miles, 1083 km",Airbus A320neo,169,,,Meal (none specific),260218_HU7114_10351255,text,True,2026-02-15T08:56:24.334695
18/2/2026,Wednesday,CAN,arrival,12:55,HU7803,Hainan Airlines,Duration: 3h 25m,09:30 - 12:55,"1175 miles, 1891 km",Airbus A330-300,297,,,Meal (none specific),260218_HU7803_09301255,text,True,2026-02-15T08:56:24.581406
18/2/2026,Wednesday,CAN,arrival,12:55,HU7286,Hainan Airlines,Duration: 2h 15m,10:40 - 12:55,"567 miles, 912 km",Boeing 737-800 Passenger,179,,,Meal (none specific),260218_HU7286_10401255,text,True,2026-02-15T08:56:24.843948
18/2/2026,Wednesday,CAN,arrival,13:00,AQ1006,9 Air,Duration: 2h 40m,10:20 - 13:00,"751 miles, 1208 km",Boeing 737-800 Passenger,167,,,Meal (none specific),260218_AQ1006_10201300,text,True,2026-02-15T08:56:25.074950
18/2/2026,Wednesday,CAN,arrival,13:00,CZ3126,China Southern,Duration: 2h 30m,10:30 - 13:00,"834 miles, 1342 km",Airbus A320,158,,,Meal (none specific),260218_CZ3126_10301300,text,True,2026-02-15T08:56:25.325862
18/2/2026,Wednesday,CAN,arrival,13:00,CZ396,China Southern,Duration: 3h 55m,09:05 - 13:00,"1530 miles, 2462 km",Airbus A321neo,198,MH 4476,,Meal (none specific),260218_CZ396_09051300,text,True,2026-02-15T08:56:25.583679
18/2/2026,Wednesday,CAN,arrival,13:00,HO1857,Juneyao Airlines,Duration: 2h 35m,10:25 - 13:00,"734 miles, 1181 km",Airbus A320,159,3U 4575 /CA 3282 /MF 7610 /MU 3811 /CZ 221 /ZH 5212,,Meal (none specific),260218_HO1857_10251300,text,True,2026-02-15T08:56:25.844254
18/2/2026,Wednesday,CAN,arrival,13:05,CZ3932,China Southern,Duration: 2h 5m,11:00 - 13:05,"677 miles, 1089 km",Airbus A320neo,166,,,Meal (none specific),260218_CZ3932_11001305,text,True,2026-02-15T08:56:26.077913
18/2/2026,Wednesday,CAN,arrival,13:05,JL87,JAL,Duration: 5h 25m,08:40 - 13:05,"1801 miles, 2898 km",Boeing 787-8,211,MU 4207 /CZ 7801,,Meal (none specific),260218_JL87_08401305,text,True,2026-02-15T08:56:30.853965
18/2/2026,Wednesday,CAN,arrival,13:05,MF8385,XiamenAir,Duration: 1h 35m,11:30 - 13:05,"349 miles, 562 km",Boeing 737-800 Passenger,172,MU 4792 /GJ 3903 /HO 7160 /G5 9377 /3U 2497 /NS 8385 /CZ 4296,,Meal (none specific),260218_MF8385_11301305,text,True,2026-02-15T08:56:31.195374
18/2/2026,Wednesday,CAN,arrival,13:05,MU5301,China Eastern,Duration: 2h 35m,10:30 - 13:05,"734 miles, 1181 km",Airbus A330-200,234,HO 5328 /3U 5215 /MF 3673,,Meal (none specific),260218_MU5301_10301305,text,True,2026-02-15T08:56:31.597695
18/2/2026,Wednesday,CAN,arrival,13:10,CZ6290,China Southern,Duration: 2h 5m,11:05 - 13:10,"521 miles, 838 km",Airbus A320neo,166,,,Meal (none specific),260218_CZ6290_11051310,text,True,2026-02-15T08:56:31.855915
18/2/2026,Wednesday,CAN,arrival,13:10,HU7132,Hainan Airlines,Duration: 2h 45m,10:25 - 13:10,"751 miles, 1208 km",Boeing 737-800 Passenger,179,,,Meal (none specific),260218_HU7132_10251310,text,True,2026-02-15T08:56:32.117350
18/2/2026,Wednesday,CAN,arrival,13:20,CZ6604,China Southern,Duration: 2h 20m,11:00 - 13:20,"852 miles, 1371 km",Airbus A320,158,,,Meal (none specific),260218_CZ6604_11001320,text,True,2026-02-15T08:56:32.401291
18/2/2026,Wednesday,CAN,arrival,13:20,CZ3534,China Southern,Duration: 2h 30m,10:50 - 13:20,"734 miles, 1181 km",Airbus A320,158,,,Meal (none specific),260218_CZ3534_10501320,text,True,2026-02-15T08:56:32.715920
18/2/2026,Wednesday,CAN,arrival,13:20,TG668,Thai Airways,Duration: 3h 0m,09:20 - 13:20,"1066 miles, 1715 km",Airbus A330-300,281,PG 4837 /ZH 3651,,Meal (none specific),260218_TG668_09201320,text,True,2026-02-15T08:56:33.007583
18/2/2026,Wednesday,CAN,arrival,13:20,ZH9460,Shenzhen Airlines,Duration: 2h 30m,10:50 - 13:20,"852 miles, 1371 km",Airbus A320,162,SC 9772,,Meal (none specific),260218_ZH9460_10501320,text,True,2026-02-15T08:56:33.323649
18/2/2026,Wednesday,CAN,arrival,13:25,CZ5493,China Southern,Duration: 1h 25m,12:00 - 13:25,"302 miles, 486 km",Airbus A321,188,,,Meal (none specific),260218_CZ5493_12001325,text,True,2026-02-15T08:56:33.595835
18/2/2026,Wednesday,CAN,arrival,13:25,GJ8699,Loong Air,Duration: 2h 35m,10:50 - 13:25,"648 miles, 1043 km",Airbus A321,172,MU 4337 /TV 2459 /G5 6369 /EU 7659 /MF 5858 /3U 4805 /CZ 9951,,Meal (none specific),260218_GJ8699_10501325,text,True,2026-02-15T08:56:33.886857
18/2/2026,Wednesday,CAN,arrival,13:25,ZH9480,Shenzhen Airlines,Duration: 2h 5m,11:20 - 13:25,"728 miles, 1171 km",Boeing 737-800 Passenger,164,SC 9778,,Meal (none specific),260218_ZH9480_11201325,text,True,2026-02-15T08:56:34.151174
18/2/2026,Wednesday,CAN,arrival,13:30,CA4378,Air China,Duration: 2h 35m,10:55 - 13:30,"779 miles, 1253 km",Airbus A321,180,ZH 4472,,Meal (none specific),260218_CA4378_10551330,text,True,2026-02-15T08:56:34.407849
18/2/2026,Wednesday,CAN,arrival,13:30,CZ3196,China Southern,Duration: 2h 30m,11:00 - 13:30,"792 miles, 1274 km",Boeing 737-800 Passenger,172,,,Meal (none specific),260218_CZ3196_11001330,text,True,2026-02-15T08:56:34.661869
18/2/2026,Wednesday,CAN,arrival,13:30,CZ334,China Southern,Duration: 7h 15m,01:15 - 13:30,"3872 miles, 6230 km",Boeing 787-9,288,QR 6394,,Meal (none specific),260218_CZ334_01151330,text,True,2026-02-15T08:56:34.914065
18/2/2026,Wednesday,CAN,arrival,13:35,CA4593,Air China,Duration: 2h 30m,11:05 - 13:35,"819 miles, 1318 km",Airbus A321,180,ZH 4607,,Meal (none specific),260218_CA4593_11051335,text,True,2026-02-15T08:56:35.179487
18/2/2026,Wednesday,CAN,arrival,13:35,HU7208,Hainan Airlines,Duration: 2h 5m,11:30 - 13:35,"667 miles, 1073 km",Airbus A320neo,169,,,Meal (none specific),260218_HU7208_11301335,text,True,2026-02-15T08:56:39.955754
18/2/2026,Wednesday,CAN,arrival,13:35,MH376,Malaysia Airlines,Duration: 4h 10m,09:25 - 13:35,"1632 miles, 2626 km",Airbus A330-300,290,CZ 702,,Meal (none specific),260218_MH376_09251335,text,True,2026-02-15T08:56:40.304944
18/2/2026,Wednesday,CAN,arrival,13:40,CZ3638,China Southern,Duration: 2h 40m,11:00 - 13:40,"765 miles, 1231 km",Airbus A321,188,,,Meal (none specific),260218_CZ3638_11001340,text,True,2026-02-15T08:56:45.146453
18/2/2026,Wednesday,CAN,arrival,13:40,HU7162,Hainan Airlines,Duration: 2h 20m,11:20 - 13:40,"648 miles, 1043 km",Airbus A320neo,169,,,Meal (none specific),260218_HU7162_11201340,text,True,2026-02-15T08:56:45.413323
18/2/2026,Wednesday,CAN,arrival,13:45,OQ2040,Chongqing Airlines,Duration: 2h 20m,11:25 - 13:45,"835 miles, 1344 km",Airbus A319,135,,,Meal (none specific),260218_OQ2040_11251345,text,True,2026-02-15T08:56:54.582907
18/2/2026,Wednesday,CAN,arrival,13:45,OQ2104,Chongqing Airlines,Duration: 2h 20m,11:25 - 13:45,"806 miles, 1297 km",Airbus A320,175,,,Meal (none specific),260218_OQ2104_11251345,text,True,2026-02-15T08:56:54.940934
18/2/2026,Wednesday,CAN,arrival,13:45,ZH9538,Shenzhen Airlines,Duration: 4h 40m,09:05 - 13:45,"1725 miles, 2776 km",Airbus A320,162,SC 9774,,Meal (none specific),260218_ZH9538_09051345,text,True,2026-02-15T08:56:55.250722
18/2/2026,Wednesday,CAN,arrival,13:50,CZ3410,China Southern,Duration: 2h 0m,11:50 - 13:50,"667 miles, 1073 km",Airbus A321neo,198,EK 7439,,Meal (none specific),260218_CZ3410_11501350,text,True,2026-02-15T08:56:55.493238
18/2/2026,Wednesday,CAN,arrival,13:50,CZ3617,China Southern,Duration: 1h 35m,12:15 - 13:50,"464 miles, 747 km",Boeing 737-800 Passenger,172,,,Meal (none specific),260218_CZ3617_12151350,text,True,2026-02-15T08:56:55.753026
18/2/2026,Wednesday,CAN,arrival,13:50,NH923,ANA,Duration: 5h 30m,09:20 - 13:50,"1801 miles, 2898 km",Boeing 767-300 Passenger,270,CA 6700 /ZH 3202,,Meal (none specific),260218_NH923_09201350,text,True,2026-02-15T08:56:56.013285
18/2/2026,Wednesday,CAN,arrival,13:50,OQ2317,Chongqing Airlines,Duration: 2h 5m,11:45 - 13:50,"603 miles, 970 km",Airbus A320,175,,,Meal (none specific),260218_OQ2317_11451350,text,True,2026-02-15T08:56:56.255639
18/2/2026,Wednesday,CAN,arrival,13:55,CZ8482,China Southern,Duration: 5h 20m,08:35 - 13:55,"2236 miles, 3598 km",Airbus A321neo,198,,,Meal (none specific),260218_CZ8482_08351355,text,True,2026-02-15T08:56:56.504833
18/2/2026,Wednesday,CAN,arrival,13:55,CZ340,China Southern,Duration: 4h 0m,10:55 - 13:55,"1252 miles, 2014 km",Airbus A321neo,198,3U 7034,,Meal (none specific),260218_CZ340_10551355,text,True,2026-02-15T08:56:56.752682
18/2/2026,Wednesday,CAN,arrival,13:55,CZ6014,China Southern,Duration: 5h 10m,08:45 - 13:55,"2048 miles, 3295 km",Boeing 737-800 Passenger,172,,,Meal (none specific),260218_CZ6014_08451355,text,True,2026-02-15T08:56:57.007194
18/2/2026,Wednesday,CAN,arrival,13:55,CZ8725,China Southern,Duration: 1h 55m,12:00 - 13:55,"516 miles, 830 km",Boeing 787-9,288,,,Meal (none specific),260218_CZ8725_12001355,text,True,2026-02-15T08:56:57.258708
18/2/2026,Wednesday,CAN,arrival,13:55,CZ3202,China Southern,Duration: 2h 45m,11:10 - 13:55,"815 miles, 1311 km",Boeing 737MAX 8 Passenger,175,EK 7447,,Meal (none specific),260218_CZ3202_11101355,text,True,2026-02-15T08:56:57.520471
18/2/2026,Wednesday,CAN,arrival,13:55,HU7805,Hainan Airlines,Duration: 3h 25m,10:30 - 13:55,"1175 miles, 1891 km",Boeing 737-800 Passenger,179,,,Meal (none specific),260218_HU7805_10301355,text,True,2026-02-15T08:56:57.783020
18/2/2026,Wednesday,CAN,arrival,14:00,HU7270,Hainan Airlines,Duration: 2h 45m,11:15 - 14:00,"792 miles, 1274 km",Airbus A320neo,169,UQ 7270,,Meal (none specific),260218_HU7270_11151400,text,True,2026-02-15T08:57:02.704299
18/2/2026,Wednesday,CAN,arrival,14:05,FM9309,Shanghai Airlines,Duration: 2h 35m,11:30 - 14:05,"734 miles, 1181 km",Boeing 737-500 (winglets) Passenger,166,MU 8384,,Meal (none specific),260218_FM9309_11301405,text,True,2026-02-15T08:57:02.952485
18/2/2026,Wednesday,CAN,arrival,14:05,MU5733,China Eastern,Duration: 1h 55m,12:10 - 14:05,"667 miles, 1073 km",Boeing 737-500 (winglets) Passenger,168,3U 5327 /MF 3991,,Meal (none specific),260218_MU5733_12101405,text,True,2026-02-15T08:57:03.273846
18/2/2026,Wednesday,CAN,arrival,14:10,AQ1024,9 Air,Duration: 1h 20m,12:50 - 14:10,"302 miles, 486 km",Boeing 737-800 Passenger,167,,,Meal (none specific),260218_AQ1024_12501410,text,True,2026-02-15T08:57:03.619413
18/2/2026,Wednesday,CAN,arrival,14:10,VN502,Vietnam Airlines,Duration: 2h 55m,10:15 - 14:10,"978 miles, 1574 km",Airbus A321,184,CZ 7953 /MU 8976 /MF 9020,,Meal (none specific),260218_VN502_10151410,text,True,2026-02-15T08:57:12.635847
18/2/2026,Wednesday,CAN,arrival,14:15,GS7895,Tianjin Airlines,Duration: 3h 10m,11:05 - 14:15,"1119 miles, 1800 km",Airbus A320,170,,,Meal (none specific),260218_GS7895_11051415,text,True,2026-02-15T08:57:12.928214
18/2/2026,Wednesday,CAN,arrival,14:20,CZ8692,China Southern,Duration: 2h 25m,11:55 - 14:20,"719 miles, 1157 km",Airbus A320neo,166,,,Meal (none specific),260218_CZ8692_11551420,text,True,2026-02-15T08:57:17.758635
18/2/2026,Wednesday,CAN,arrival,14:20,CZ8138,China Southern,Duration: 5h 20m,08:00 - 14:20,"2138 miles, 3440 km",Airbus A321neo,198,,,Meal (none specific),260218_CZ8138_08001420,text,True,2026-02-15T08:57:18.115898
18/2/2026,Wednesday,CAN,arrival,14:25,CZ8476,China Southern,Duration: 2h 45m,10:40 - 14:25,"836 miles, 1345 km",Boeing 737-800 Passenger,172,VN 3554,,Meal (none specific),260218_CZ8476_10401425,text,True,2026-02-15T08:57:22.874935
18/2/2026,Wednesday,CAN,arrival,14:25,QR874,Qatar Airways,Duration: 7h 30m,01:55 - 14:25,"3872 miles, 6230 km",Boeing 777-300ER,358,IB 6341 /CZ 710 /BA 7692 /WB 1504 /AY 2769,,Meal (none specific),260218_QR874_01551425,text,True,2026-02-15T08:57:23.140330
18/2/2026,Wednesday,CAN,arrival,14:30,CZ3050,China Southern,Duration: 1h 45m,11:45 - 14:30,"504 miles, 811 km",Airbus A320neo,166,3U 7080 /VN 3556,,Meal (none specific),260218_CZ3050_11451430,text,True,2026-02-15T08:57:23.541033
18/2/2026,Wednesday,CAN,arrival,14:30,CZ3222,China Southern,Duration: 2h 15m,12:15 - 14:30,"669 miles, 1076 km",Airbus A321,188,,,Meal (none specific),260218_CZ3222_12151430,text,True,2026-02-15T08:57:23.801073
18/2/2026,Wednesday,CAN,arrival,14:30,CZ3524,China Southern,Duration: 2h 40m,11:50 - 14:30,"734 miles, 1181 km",Airbus A350-900,324,,,Meal (none specific),260218_CZ3524_11501430,text,True,2026-02-15T08:57:24.085937
18/2/2026,Wednesday,CAN,arrival,14:30,ZH9474,Shenzhen Airlines,Duration: 2h 25m,12:05 - 14:30,"792 miles, 1274 km",Boeing 737-800 Passenger,164,,,Meal (none specific),260218_ZH9474_12051430,text,True,2026-02-15T08:57:24.332913
18/2/2026,Wednesday,CAN,arrival,14:35,CZ3198,China Southern,Duration: 3h 40m,10:55 - 14:35,"1216 miles, 1957 km",Airbus A320,158,,,Meal (none specific),260218_CZ3198_10551435,text,True,2026-02-15T08:57:24.589166
18/2/2026,Wednesday,CAN,arrival,14:35,CZ6367,China Southern,Duration: 4h 35m,10:00 - 14:35,"1398 miles, 2249 km",Airbus A321neo,198,,,Meal (none specific),260218_CZ6367_10001435,text,True,2026-02-15T08:57:24.819467
18/2/2026,Wednesday,CAN,arrival,14:35,OQ2134,Chongqing Airlines,Duration: 3h 5m,11:30 - 14:35,"1027 miles, 1652 km",Airbus A320,175,,,Meal (none specific),260218_OQ2134_11301435,text,True,2026-02-15T08:57:25.055621
18/2/2026,Wednesday,CAN,arrival,14:35,ZH9864,Shenzhen Airlines,Duration: 2h 25m,12:10 - 14:35,"673 miles, 1083 km",Boeing 737-800 Passenger,164,CA 3732 /HO 5275 /SC 9596,,Meal (none specific),260218_ZH9864_12101435,text,True,2026-02-15T08:57:25.301840
18/2/2026,Wednesday,CAN,arrival,14:40,CA4317,Air China,Duration: 2h 10m,12:30 - 14:40,"763 miles, 1228 km",Airbus A321,180,ZH 4413,,Meal (none specific),260218_CA4317_12301440,text,True,2026-02-15T08:57:25.546266
18/2/2026,Wednesday,CAN,arrival,14:40,CZ6596,China Southern,Duration: 2h 15m,12:25 - 14:40,"835 miles, 1344 km",Airbus A320,158,,,Meal (none specific),260218_CZ6596_12251440,text,True,2026-02-15T08:57:30.401029
18/2/2026,Wednesday,CAN,arrival,14:40,CZ3092,China Southern,Duration: 2h 40m,12:00 - 14:40,"798 miles, 1284 km",Boeing 787-9,288,,,Meal (none specific),260218_CZ3092_12001440,text,True,2026-02-15T08:57:30.728463
18/2/2026,Wednesday,CAN,arrival,14:40,ZH9996,Shenzhen Airlines,Duration: 3h 30m,11:10 - 14:40,"990 miles, 1593 km",Airbus A320,162,CA 3796 /SC 9678,,Meal (none specific),260218_ZH9996_11101440,text,True,2026-02-15T08:57:31.019206
18/2/2026,Wednesday,CAN,arrival,14:45,CA4369,Air China,Duration: 5h 35m,09:10 - 14:45,"2048 miles, 3295 km",Boeing 737-800 Passenger,167,SC 5237 /ZH 4463,,Meal (none specific),260218_CA4369_09101445,text,True,2026-02-15T08:57:31.267434
18/2/2026,Wednesday,CAN,arrival,14:45,CZ3402,China Southern,Duration: 2h 15m,12:30 - 14:45,"763 miles, 1228 km",Boeing 737MAX 8 Passenger,175,,,Meal (none specific),260218_CZ3402_12301445,text,True,2026-02-15T08:57:31.522251
18/2/2026,Wednesday,CAN,arrival,14:45,CZ3206,China Southern,Duration: 3h 5m,11:40 - 14:45,"1080 miles, 1738 km",Airbus A321neo,198,,,Meal (none specific),260218_CZ3206_11401445,text,True,2026-02-15T08:57:31.777664
18/2/2026,Wednesday,CAN,arrival,14:45,CZ3112,China Southern,Duration: 3h 15m,11:30 - 14:45,"1134 miles, 1825 km",Boeing 787-9,288,,,Meal (none specific),260218_CZ3112_11301445,text,True,2026-02-15T08:57:32.028789
18/2/2026,Wednesday,CAN,arrival,14:45,CZ602,China Southern,Duration: 9h 35m,08:10 - 14:45,"4704 miles, 7569 km",Boeing 787-9,288,3U 7128,,Meal (none specific),260218_CZ602_08101445,text,True,2026-02-15T08:57:32.277906
18/2/2026,Wednesday,CAN,arrival,14:50,CZ3605,China Southern,Duration: 4h 50m,10:00 - 14:50,"1596 miles, 2568 km",Airbus A321neo,198,,,Meal (none specific),260218_CZ3605_10001450,text,True,2026-02-15T08:57:32.523007
18/2/2026,Wednesday,CAN,arrival,14:50,CZ6199,China Southern,Duration: 3h 55m,10:55 - 14:50,"1186 miles, 1908 km",Airbus A320,158,,,Meal (none specific),260218_CZ6199_10551450,text,True,2026-02-15T08:57:32.801331
18/2/2026,Wednesday,CAN,arrival,14:50,CZ3804,China Southern,Duration: 2h 15m,12:35 - 14:50,"648 miles, 1043 km",Boeing 737-800 Passenger,172,,,Meal (none specific),260218_CZ3804_12351450,text,True,2026-02-15T08:57:33.043258
18/2/2026,Wednesday,CAN,arrival,14:50,CZ3702,China Southern,Duration: 2h 55m,11:55 - 14:50,"998 miles, 1606 km",Airbus A320,158,,,Meal (none specific),260218_CZ3702_11551450,text,True,2026-02-15T08:57:33.277853
18/2/2026,Wednesday,CAN,arrival,14:55,9C6922,Spring Airlines,Duration: 4h 55m,10:00 - 14:55,"1632 miles, 2626 km",Airbus A320,180,,,Meal (none specific),260218_9C6922_10001455,text,True,2026-02-15T08:57:38.019770
18/2/2026,Wednesday,CAN,arrival,14:55,CA1837,Air China,Duration: 2h 20m,12:35 - 14:55,"734 miles, 1181 km",Airbus A330-300,302,SC 5445 /ZH 1837,,Meal (none specific),260218_CA1837_12351455,text,True,2026-02-15T08:57:38.370841
18/2/2026,Wednesday,CAN,arrival,14:55,CZ6739,China Southern,Duration: 1h 45m,13:10 - 14:55,"434 miles, 698 km",Airbus A321,188,,,Meal (none specific),260218_CZ6739_13101455,text,True,2026-02-15T08:57:38.679394
18/2/2026,Wednesday,CAN,arrival,14:55,HU7432,Hainan Airlines,Duration: 2h 50m,12:05 - 14:55,"751 miles, 1208 km",Boeing 737-800 Passenger,179,,,Meal (none specific),260218_HU7432_12051455,text,True,2026-02-15T08:57:38.922113
18/2/2026,Wednesday,CAN,arrival,14:55,ZH9148,Shenzhen Airlines,Duration: 3h 30m,11:25 - 14:55,"1175 miles, 1891 km",Boeing 737-800 Passenger,164,CA 3560 /SC 9258,,Meal (none specific),260218_ZH9148_11251455,text,True,2026-02-15T08:57:39.192831
18/2/2026,Wednesday,CAN,arrival,14:55,ZH9534,Shenzhen Airlines,Duration: 2h 45m,12:10 - 14:55,"751 miles, 1208 km",Airbus A320,162,CA 3542 /HO 5169 /SC 9454,,Meal (none specific),260218_ZH9534_12101455,text,True,2026-02-15T08:57:39.437185
18/2/2026,Wednesday,CAN,arrival,15:00,ET606,Ethiopian,Duration: 9h 55m,00:05 - 15:00,"5022 miles, 8080 km",Boeing 777-300ER,386,CA 5064 /ZH 3602,,Meal (none specific),260218_ET606_00051500,text,True,2026-02-15T08:57:44.194615
18/2/2026,Wednesday,CAN,arrival,15:05,AQ1020,9 Air,Duration: 3h 40m,11:25 - 15:05,"990 miles, 1593 km",Boeing 737-800 Passenger,167,,,Meal (none specific),260218_AQ1020_11251505,text,True,2026-02-15T08:57:44.467249
18/2/2026,Wednesday,CAN,arrival,15:05,CZ644,China Southern,Duration: 9h 25m,08:40 - 15:05,"4716 miles, 7588 km",Airbus A350-900,324,3U 7132,,Meal (none specific),260218_CZ644_08401505,text,True,2026-02-15T08:57:44.813254
18/2/2026,Wednesday,CAN,arrival,15:05,ZH9972,Shenzhen Airlines,Duration: 2h 55m,12:10 - 15:05,"964 miles, 1551 km",Airbus A320,162,CA 3898 /SC 9662,,Meal (none specific),260218_ZH9972_12101505,text,True,2026-02-15T08:57:45.073230
18/2/2026,Wednesday,CAN,arrival,15:10,MU5305,China Eastern,Duration: 2h 40m,12:30 - 15:10,"734 miles, 1181 km",Airbus A330-200,234,HO 5350 /MF 3676,,Meal (none specific),260218_MU5305_12301510,text,True,2026-02-15T08:57:45.316915
18/2/2026,Wednesday,CAN,arrival,15:15,MS958,EgyptAir,Duration: 9h 5m,00:10 - 15:15,"4993 miles, 8034 km",Boeing 777-300,346,CA 5084 /ZH 3552,,Meal (none specific),260218_MS958_00101515,text,True,2026-02-15T08:57:45.581052
18/2/2026,Wednesday,CAN,arrival,15:15,UQ2591,Urumqi Airlines,Duration: 5h 5m,10:10 - 15:15,"2048 miles, 3295 km",Boeing 737-800 Passenger,188,,,Meal (none specific),260218_UQ2591_10101515,text,True,2026-02-15T08:57:45.819316
18/2/2026,Wednesday,CAN,arrival,15:15,ZH9222,Shenzhen Airlines,Duration: 2h 45m,12:30 - 15:15,"815 miles, 1311 km",Airbus A320,162,CA 3522 /SC 9292,,Meal (none specific),260218_ZH9222_12301515,text,True,2026-02-15T08:57:46.083260
18/2/2026,Wednesday,CAN,arrival,15:20,3U8747,Sichuan Airlines,Duration: 1h 55m,13:25 - 15:20,"603 miles, 970 km",Airbus A320,165,CZ 9137 /EU 7341 /HO 5858 /MF 5561 /MU 3475,,Meal (none specific),260218_3U8747_13251520,text,True,2026-02-15T08:57:46.321908
18/2/2026,Wednesday,CAN,arrival,15:20,3U8733,Sichuan Airlines,Duration: 2h 20m,13:00 - 15:20,"763 miles, 1228 km",Airbus A320,165,EU 7331 /G5 6299 /MF 5551 /MU 3465 /CZ 9127 /HO 5850,,Meal (none specific),260218_3U8733_13001520,text,True,2026-02-15T08:57:46.571330
18/2/2026,Wednesday,CAN,arrival,15:20,CZ3406,China Southern,Duration: 2h 10m,13:10 - 15:20,"603 miles, 970 km",Airbus A320,158,,,Meal (none specific),260218_CZ3406_13101520,text,True,2026-02-15T08:57:46.812849
18/2/2026,Wednesday,CAN,arrival,15:20,CZ3494,China Southern,Duration: 2h 15m,13:05 - 15:20,"667 miles, 1073 km",Airbus A320,158,,,Meal (none specific),260218_CZ3494_13051520,text,True,2026-02-15T08:57:47.089945
18/2/2026,Wednesday,CAN,arrival,15:25,9C6719,Spring Airlines,Duration: 2h 35m,12:50 - 15:25,"734 miles, 1181 km",Airbus A320,180,,,Meal (none specific),260218_9C6719_12501525,text,True,2026-02-15T08:57:51.988327
18/2/2026,Wednesday,CAN,arrival,15:25,CA1339,Air China,Duration: 3h 25m,12:00 - 15:25,"1175 miles, 1891 km",Boeing 777-300,333,ZH 1339,,Meal (none specific),260218_CA1339_12001525,text,True,2026-02-15T08:57:52.340275
18/2/2026,Wednesday,CAN,arrival,15:25,CZ358,China Southern,Duration: 3h 0m,11:25 - 15:25,"1066 miles, 1715 km",Airbus A320,158,3U 7038,,Meal (none specific),260218_CZ358_11251525,text,True,2026-02-15T08:57:52.648980
18/2/2026,Wednesday,CAN,arrival,15:25,CZ6777,China Southern,Duration: 1h 25m,14:00 - 15:25,"302 miles, 486 km",Airbus A320,158,,,Meal (none specific),260218_CZ6777_14001525,text,True,2026-02-15T08:57:52.921748
18/2/2026,Wednesday,CAN,arrival,15:25,SV882,Saudia,Duration: 8h 35m,01:50 - 15:25,"4702 miles, 7566 km",Boeing 787-9,297,CZ 7891 /MU 4914,,Meal (none specific),260218_SV882_01501525,text,True,2026-02-15T08:57:53.180839
18/2/2026,Wednesday,CAN,arrival,15:25,VN506,Vietnam Airlines,Duration: 1h 40m,12:45 - 15:25,"504 miles, 811 km",Airbus A321,184,CZ 7951 /MU 8974 /MF 9021,,Meal (none specific),260218_VN506_12451525,text,True,2026-02-15T08:57:53.424881
18/2/2026,Wednesday,CAN,arrival,15:30,3U3054,Sichuan Airlines,Duration: 2h 20m,13:10 - 15:30,"662 miles, 1065 km",Airbus A321,194,G5 8610 /MF 5008 /QW 6180,,Meal (none specific),260218_3U3054_13101530,text,True,2026-02-15T08:57:53.699671
18/2/2026,Wednesday,CAN,arrival,15:30,CZ388,China Southern,Duration: 5h 25m,09:05 - 15:30,"2099 miles, 3377 km",Airbus A321neo,198,,,Meal (none specific),260218_CZ388_09051530,text,True,2026-02-15T08:57:53.927954
18/2/2026,Wednesday,CAN,arrival,15:30,CZ3086,China Southern,Duration: 5h 45m,10:45 - 15:30,"1801 miles, 2898 km",Airbus A321neo,198,3U 7014 /JL 5061,,Meal (none specific),260218_CZ3086_10451530,text,True,2026-02-15T08:57:54.165254
18/2/2026,Wednesday,CAN,arrival,15:30,CZ3764,China Southern,Duration: 2h 15m,13:15 - 15:30,"567 miles, 912 km",Airbus A320neo,166,,,Meal (none specific),260218_CZ3764_13151530,text,True,2026-02-15T08:57:54.424929
18/2/2026,Wednesday,CAN,arrival,15:30,MU6831,China Eastern,Duration: 2h 0m,13:30 - 15:30,"728 miles, 1171 km",Airbus A320,158,KN 6795 /3U 5459 /MF 2263,,Meal (none specific),260218_MU6831_13301530,text,True,2026-02-15T08:57:54.680247
18/2/2026,Wednesday,CAN,arrival,15:35,HU6142,Hainan Airlines,Duration: 2h 5m,13:30 - 15:35,"603 miles, 970 km",Boeing 737-800 Passenger,179,,,Meal (none specific),260218_HU6142_13301535,text,True,2026-02-15T08:57:54.927754
18/2/2026,Wednesday,CAN,arrival,15:35,MU5215,China Eastern,Duration: 2h 40m,12:55 - 15:35,"648 miles, 1043 km",Airbus A320,158,3U 5205 /MF 3609 /KQ 5255,,Meal (none specific),260218_MU5215_12551535,text,True,2026-02-15T08:57:55.180843
18/2/2026,Wednesday,CAN,arrival,15:35,MU5739,China Eastern,Duration: 2h 5m,13:30 - 15:35,"667 miles, 1073 km",Boeing 737 Passenger,168,3U 5331 /MF 3995 /KQ 5261,,Meal (none specific),260218_MU5739_13301535,text,True,2026-02-15T08:57:55.406967
18/2/2026,Wednesday,CAN,arrival,15:40,CZ6261,China Southern,Duration: 5h 10m,10:30 - 15:40,"1725 miles, 2776 km",Airbus A321,188,,,Meal (none specific),260218_CZ6261_10301540,text,True,2026-02-15T08:57:55.650241
18/2/2026,Wednesday,CAN,arrival,15:40,MF8381,XiamenAir,Duration: 2h 20m,13:20 - 15:40,"648 miles, 1043 km",Boeing 737-800 Passenger,172,MU 4716 /GJ 3899 /HO 7156 /G5 9115 /3U 2493 /NS 8381 /CZ 4292,,Meal (none specific),260218_MF8381_13201540,text,True,2026-02-15T08:57:55.903665
18/2/2026,Wednesday,CAN,arrival,15:40,MU2476,China Eastern,Duration: 2h 10m,13:30 - 15:40,"621 miles, 999 km",Boeing 737-500 (winglets) Passenger,168,MF 3258,,Meal (none specific),260218_MU2476_13301540,text,True,2026-02-15T08:57:56.150621
18/2/2026,Wednesday,CAN,arrival,15:45,CZ3102,China Southern,Duration: 3h 15m,12:30 - 15:45,"1134 miles, 1825 km",Airbus A350-900,324,,,Meal (none specific),260218_CZ3102_12301545,text,True,2026-02-15T08:57:56.394486
18/2/2026,Wednesday,CAN,arrival,15:45,MU5259,China Eastern,Duration: 2h 40m,13:05 - 15:45,"964 miles, 1551 km",Airbus A320,158,MF 3645,,Meal (none specific),260218_MU5259_13051545,text,True,2026-02-15T08:57:56.635823
18/2/2026,Wednesday,CAN,arrival,15:45,OQ2124,Chongqing Airlines,Duration: 3h 25m,12:20 - 15:45,"1119 miles, 1800 km",Airbus A320,175,,,Meal (none specific),260218_OQ2124_12201545,text,True,2026-02-15T08:57:56.885415
18/2/2026,Wednesday,CAN,arrival,15:45,ZH9676,Shenzhen Airlines,Duration: 3h 45m,12:00 - 15:45,"1085 miles, 1746 km",Airbus A320,162,CA 3646 /SC 9500,,Meal (none specific),260218_ZH9676_12001545,text,True,2026-02-15T08:57:57.115853
18/2/2026,Wednesday,CAN,arrival,15:50,CZ3398,China Southern,Duration: 2h 25m,13:25 - 15:50,"638 miles, 1027 km",Airbus A320neo,166,,,Meal (none specific),260218_CZ3398_13251550,text,True,2026-02-15T08:57:57.376356
18/2/2026,Wednesday,CAN,arrival,15:50,CZ3520,China Southern,Duration: 3h 25m,12:25 - 15:50,"990 miles, 1593 km",Airbus A321neo,198,,,Meal (none specific),260218_CZ3520_12251550,text,True,2026-02-15T08:57:57.623422
18/2/2026,Wednesday,CAN,arrival,15:50,CZ3238,China Southern,Duration: 2h 50m,13:00 - 15:50,"815 miles, 1311 km",Airbus A320neo,166,,,Meal (none specific),260218_CZ3238_13001550,text,True,2026-02-15T08:57:57.858318
18/2/2026,Wednesday,CAN,arrival,15:50,OQ2028,Chongqing Airlines,Duration: 2h 25m,13:25 - 15:50,"679 miles, 1093 km",Airbus A320,175,,,Meal (none specific),260218_OQ2028_13251550,text,True,2026-02-15T08:57:58.091389
18/2/2026,Wednesday,CAN,arrival,15:55,CZ8160,China Southern,Duration: 3h 0m,11:55 - 15:55,"978 miles, 1574 km",Airbus A321neo,198,3U 7006 /VN 3504,,Meal (none specific),260218_CZ8160_11551555,text,True,2026-02-15T08:57:58.358076
18/2/2026,Wednesday,CAN,arrival,15:55,CZ3510,China Southern,Duration: 2h 50m,13:05 - 15:55,"964 miles, 1551 km",Airbus A321neo,198,,,Meal (none specific),260218_CZ3510_13051555,text,True,2026-02-15T08:57:58.588484
18/2/2026,Wednesday,CAN,arrival,15:55,CZ6895,China Southern,Duration: 5h 10m,10:45 - 15:55,"2048 miles, 3295 km",Boeing 737MAX 8 Passenger,175,QF 3630,,Meal (none specific),260218_CZ6895_10451555,text,True,2026-02-15T08:57:58.842976
18/2/2026,Wednesday,CAN,arrival,15:55,MU5329,China Eastern,Duration: 2h 25m,13:30 - 15:55,"751 miles, 1208 km",Boeing 787-9,296,HO 5332 /MF 3699 /KL 8733 /SV 6909 /EY 5947,,Meal (none specific),260218_MU5329_13301555,text,True,2026-02-15T08:57:59.085944
18/2/2026,Wednesday,CAN,arrival,16:00,HU7807,Hainan Airlines,Duration: 3h 30m,12:30 - 16:00,"1175 miles, 1891 km",Boeing 787-9,290,,,Meal (none specific),260218_HU7807_12301600,text,True,2026-02-15T08:58:08.207076
18/2/2026,Wednesday,CAN,arrival,16:05,3U6703,Sichuan Airlines,Duration: 2h 5m,14:00 - 16:05,"728 miles, 1171 km",Airbus A320,165,CZ 4843 /EU 7137 /G5 8741 /GJ 3073 /MF 5263 /MU 3273,,Meal (none specific),260218_3U6703_14001605,text,True,2026-02-15T08:58:08.479052
18/2/2026,Wednesday,CAN,arrival,16:05,CA4349,Air China,Duration: 2h 10m,13:55 - 16:05,"603 miles, 970 km",Boeing 737-800 Passenger,167,SC 5227 /ZH 4445,,Meal (none specific),260218_CA4349_13551605,text,True,2026-02-15T08:58:08.837988
18/2/2026,Wednesday,CAN,arrival,16:05,CZ3600,China Southern,Duration: 2h 30m,13:35 - 16:05,"673 miles, 1083 km",Airbus A321neo,198,,,Meal (none specific),260218_CZ3600_13351605,text,True,2026-02-15T08:58:09.097594
18/2/2026,Wednesday,CAN,arrival,16:05,CZ6347,China Southern,Duration: 4h 35m,11:30 - 16:05,"1398 miles, 2249 km",Airbus A321neo,198,,,Meal (none specific),260218_CZ6347_11301605,text,True,2026-02-15T08:58:09.357955
18/2/2026,Wednesday,CAN,arrival,16:10,CZ308,China Southern,Duration: 11h 30m,21:40 - 16:10,"5711 miles, 9189 km",Airbus A350-900,324,,,Meal (none specific),260218_CZ308_21401610,text,True,2026-02-15T08:58:09.617033
18/2/2026,Wednesday,CAN,arrival,16:10,HU7152,Hainan Airlines,Duration: 2h 10m,14:00 - 16:10,"728 miles, 1171 km",Boeing 737-800 Passenger,179,8L 7152,,Meal (none specific),260218_HU7152_14001610,text,True,2026-02-15T08:58:09.922159
18/2/2026,Wednesday,CAN,arrival,16:15,CZ3438,China Southern,Duration: 2h 45m,13:30 - 16:15,"763 miles, 1228 km",Airbus A320,158,,,Meal (none specific),260218_CZ3438_13301615,text,True,2026-02-15T08:58:10.150967
18/2/2026,Wednesday,CAN,arrival,16:15,CZ3336,China Southern,Duration: 2h 25m,13:50 - 16:15,"655 miles, 1054 km",Airbus A320,158,,,Meal (none specific),260218_CZ3336_13501615,text,True,2026-02-15T08:58:10.382223
18/2/2026,Wednesday,CAN,arrival,16:20,CA4301,Air China,Duration: 2h 20m,14:00 - 16:20,"763 miles, 1228 km",Airbus A320neo,158,ZH 4399,,Meal (none specific),260218_CA4301_14001620,text,True,2026-02-15T08:58:19.349664
18/2/2026,Wednesday,CAN,arrival,16:20,CZ8080,China Southern,Duration: 2h 55m,12:25 - 16:20,"1066 miles, 1715 km",Airbus A321neo,198,3U 7076,,Meal (none specific),260218_CZ8080_12251620,text,True,2026-02-15T08:58:19.606288
18/2/2026,Wednesday,CAN,arrival,16:20,CZ8775,China Southern,Duration: 3h 5m,13:15 - 16:20,"909 miles, 1463 km",Airbus A320,158,,,Meal (none specific),260218_CZ8775_13151620,text,True,2026-02-15T08:58:19.954571
18/2/2026,Wednesday,CAN,arrival,16:20,CZ6743,China Southern,Duration: 1h 35m,14:45 - 16:20,"434 miles, 698 km",Boeing 737-800 Passenger,172,,,Meal (none specific),260218_CZ6743_14451620,text,True,2026-02-15T08:58:20.210200
18/2/2026,Wednesday,CAN,arrival,16:20,GJ8382,Loong Air,Duration: 2h 5m,14:15 - 16:20,"611 miles, 983 km",Airbus A320,172,MU 4308 /TV 2406 /G5 6438 /HU 2382 /EU 7606 /MF 5805 /3U 4758 /CZ 7086,,Meal (none specific),260218_GJ8382_14151620,text,True,2026-02-15T08:58:20.478967
18/2/2026,Wednesday,CAN,arrival,16:25,CZ336,China Southern,Duration: 11h 25m,10:00 - 16:25,"5811 miles, 9350 km",Boeing 787-9,288,3U 7118,,Meal (none specific),260218_CZ336_10001625,text,True,2026-02-15T08:58:20.731131
18/2/2026,Wednesday,CAN,arrival,16:25,CZ8526,China Southern,Duration: 2h 35m,13:50 - 16:25,"734 miles, 1181 km",Airbus A321neo,198,,,Meal (none specific),260218_CZ8526_13501625,text,True,2026-02-15T08:58:20.976113
18/2/2026,Wednesday,CAN,arrival,16:30,CZ6467,China Southern,Duration: 3h 50m,12:40 - 16:30,"1186 miles, 1908 km",Airbus A321,188,,,Meal (none specific),260218_CZ6467_12401630,text,True,2026-02-15T08:58:21.218387
18/2/2026,Wednesday,CAN,arrival,16:30,CZ3918,China Southern,Duration: 2h 40m,13:50 - 16:30,"713 miles, 1147 km",Airbus A320,158,,,Meal (none specific),260218_CZ3918_13501630,text,True,2026-02-15T08:58:21.479128
18/2/2026,Wednesday,CAN,arrival,16:30,ZH9974,Shenzhen Airlines,Duration: 2h 55m,13:35 - 16:30,"964 miles, 1551 km",Airbus A320,162,CA 3900 /SC 9664,,Meal (none specific),260218_ZH9974_13351630,text,True,2026-02-15T08:58:21.765381
18/2/2026,Wednesday,CAN,arrival,16:35,MU2917,China Eastern,Duration: 2h 50m,13:45 - 16:35,"713 miles, 1147 km",Airbus A320,158,MF 3475,,Meal (none specific),260218_MU2917_13451635,text,True,2026-02-15T08:58:22.012356
18/2/2026,Wednesday,CAN,arrival,16:35,TK72,Turkish Airlines,Duration: 9h 50m,01:45 - 16:35,"4926 miles, 7926 km",Boeing 777-300ER,357,,,Meal (none specific),260218_TK72_01451635,text,True,2026-02-15T08:58:22.265325
18/2/2026,Wednesday,CAN,arrival,16:35,ZH122,Shenzhen Airlines,Duration: 1h 50m,13:45 - 16:35,"504 miles, 811 km",Boeing 737-800 Passenger,164,CA 7982,,Meal (none specific),260218_ZH122_13451635,text,True,2026-02-15T08:58:22.528348
18/2/2026,Wednesday,CAN,arrival,16:40,CA1381,Air China,Duration: 3h 20m,13:20 - 16:40,"1216 miles, 1957 km",Airbus A321,180,ZH 1381,,Meal (none specific),260218_CA1381_13201640,text,True,2026-02-15T08:58:22.792419
18/2/2026,Wednesday,CAN,arrival,16:40,CA1793,Air China,Duration: 2h 45m,13:55 - 16:40,"648 miles, 1043 km",Airbus A321,180,SC 5514 /ZH 1793,,Meal (none specific),260218_CA1793_13551640,text,True,2026-02-15T08:58:23.036511
18/2/2026,Wednesday,CAN,arrival,16:40,CZ378,China Southern,Duration: 13h 10m,20:30 - 16:40,"6483 miles, 10431 km",Boeing 787-9,288,,,Meal (none specific),260218_CZ378_20301640,text,True,2026-02-15T08:58:23.273174
18/2/2026,Wednesday,CAN,arrival,16:45,CZ3106,China Southern,Duration: 3h 15m,13:30 - 16:45,"1134 miles, 1825 km",Airbus A321neo,198,,,Meal (none specific),260218_CZ3106_13301645,text,True,2026-02-15T08:58:23.534632
18/2/2026,Wednesday,CAN,arrival,16:45,CZ3714,China Southern,Duration: 2h 55m,13:50 - 16:45,"998 miles, 1606 km",Airbus A320,158,,,Meal (none specific),260218_CZ3714_13501645,text,True,2026-02-15T08:58:23.786667
18/2/2026,Wednesday,CAN,arrival,16:45,MU2307,China Eastern,Duration: 2h 40m,14:05 - 16:45,"815 miles, 1311 km",Airbus A320,158,MF 3134,,Meal (none specific),260218_MU2307_14051645,text,True,2026-02-15T08:58:24.042645
18/2/2026,Wednesday,CAN,arrival,16:50,CZ6625,China Southern,Duration: 2h 30m,14:20 - 16:50,"792 miles, 1274 km",Boeing 737-800 Passenger,172,,,Meal (none specific),260218_CZ6625_14201650,text,True,2026-02-15T08:58:24.289250
18/2/2026,Wednesday,CAN,arrival,16:50,CZ3954,China Southern,Duration: 2h 50m,14:00 - 16:50,"876 miles, 1409 km",Airbus A320neo,166,,,Meal (none specific),260218_CZ3954_14001650,text,True,2026-02-15T08:58:24.545812
18/2/2026,Wednesday,CAN,arrival,16:50,MU5217,China Eastern,Duration: 2h 20m,14:30 - 16:50,"648 miles, 1043 km",Airbus A321,177,MF 3611 /KQ 5257,,Meal (none specific),260218_MU5217_14301650,text,True,2026-02-15T08:58:24.804615
18/2/2026,Wednesday,CAN,arrival,16:50,MU5257,China Eastern,Duration: 3h 25m,13:25 - 16:50,"990 miles, 1593 km",Airbus A320,158,MF 3643,,Meal (none specific),260218_MU5257_13251650,text,True,2026-02-15T08:58:25.043311
18/2/2026,Wednesday,CAN,arrival,16:55,9C8855,Spring Airlines,Duration: 2h 35m,14:20 - 16:55,"734 miles, 1181 km",Airbus A320,180,,,Meal (none specific),260218_9C8855_14201655,text,True,2026-02-15T08:58:25.291358
18/2/2026,Wednesday,CAN,arrival,16:55,CZ5900,China Southern,Duration: 2h 5m,14:50 - 16:55,"806 miles, 1297 km",Boeing 737-800 Passenger,172,,,Meal (none specific),260218_CZ5900_14501655,text,True,2026-02-15T08:58:25.552694
18/2/2026,Wednesday,CAN,arrival,16:55,HU7262,Hainan Airlines,Duration: 2h 30m,14:25 - 16:55,"648 miles, 1043 km",Boeing 737-800 Passenger,179,,,Meal (none specific),260218_HU7262_14251655,text,True,2026-02-15T08:58:25.794644
18/2/2026,Wednesday,CAN,arrival,16:55,MF8325,XiamenAir,Duration: 1h 55m,15:00 - 16:55,"438 miles, 705 km",Boeing 737-800 Passenger,172,MU 4866 /GJ 3873 /HO 7108 /G5 9259 /3U 2441 /NS 8325 /CZ 4240,,Meal (none specific),260218_MF8325_15001655,text,True,2026-02-15T08:58:26.036808
18/2/2026,Wednesday,CAN,arrival,16:55,MU5737,China Eastern,Duration: 1h 55m,15:00 - 16:55,"667 miles, 1073 km",Boeing 737-800 Passenger,168,3U 5329 /MF 3993 /KQ 5273,,Meal (none specific),260218_MU5737_15001655,text,True,2026-02-15T08:58:26.267406
18/2/2026,Wednesday,CAN,arrival,17:00,CZ5302,China Southern,Duration: 5h 0m,12:00 - 17:00,"1725 miles, 2776 km",Airbus A321,188,,,Meal (none specific),260218_CZ5302_12001700,text,True,2026-02-15T08:58:26.537148
18/2/2026,Wednesday,CAN,arrival,17:00,CZ5944,China Southern,Duration: 4h 45m,12:15 - 17:00,"1538 miles, 2475 km",Airbus A320neo,166,,,Meal (none specific),260218_CZ5944_12151700,text,True,2026-02-15T08:58:26.770358
18/2/2026,Wednesday,CAN,arrival,17:00,MU2219,China Eastern,Duration: 3h 10m,13:50 - 17:00,"1080 miles, 1738 km",Boeing 737-200 Mixed Configuration,75,MF 3075 /SV 6855,,Meal (none specific),260218_MU2219_13501700,text,True,2026-02-15T08:58:27.018546
18/2/2026,Wednesday,CAN,arrival,17:00,MU2807,China Eastern,Duration: 2h 20m,14:40 - 17:00,"673 miles, 1083 km",Airbus A320neo,158,MF 3413 /KQ 5283,,Meal (none specific),260218_MU2807_14401700,text,True,2026-02-15T08:58:27.248725
18/2/2026,Wednesday,CAN,arrival,17:05,CZ3416,China Southern,Duration: 2h 5m,15:00 - 17:05,"667 miles, 1073 km",Airbus A321neo,198,QF 3628,,Meal (none specific),260218_CZ3416_15001705,text,True,2026-02-15T08:58:27.509172
18/2/2026,Wednesday,CAN,arrival,17:05,CZ3536,China Southern,Duration: 2h 5m,15:00 - 17:05,"567 miles, 912 km",Airbus A320,158,,,Meal (none specific),260218_CZ3536_15001705,text,True,2026-02-15T08:58:32.406139
18/2/2026,Wednesday,CAN,arrival,17:05,MU5307,China Eastern,Duration: 2h 35m,14:30 - 17:05,"734 miles, 1181 km",Airbus A321,177,3U 5217 /HO 5357 /MF 3678,,Meal (none specific),260218_MU5307_14301705,text,True,2026-02-15T08:58:32.800509
18/2/2026,Wednesday,CAN,arrival,17:10,MF8305,XiamenAir,Duration: 1h 40m,15:30 - 17:10,"316 miles, 508 km",Boeing 737-800 Passenger,172,GJ 3855 /HO 7090 /G5 9337 /3U 2421 /NS 8305 /CZ 4220,,Meal (none specific),260218_MF8305_15301710,text,True,2026-02-15T08:58:33.078794
18/2/2026,Wednesday,CAN,arrival,17:10,OQ2339,Chongqing Airlines,Duration: 2h 5m,15:05 - 17:10,"603 miles, 970 km",Airbus A320,175,,,Meal (none specific),260218_OQ2339_15051710,text,True,2026-02-15T08:58:33.333765
18/2/2026,Wednesday,CAN,arrival,17:10,ZH8942,Shenzhen Airlines,Duration: 3h 10m,14:00 - 17:10,"1117 miles, 1797 km",Airbus A320,162,CA 3442 /SC 9196,,Meal (none specific),260218_ZH8942_14001710,text,True,2026-02-15T08:58:33.588612
18/2/2026,Wednesday,CAN,arrival,17:15,CA4333,Air China,Duration: 2h 15m,15:00 - 17:15,"728 miles, 1171 km",Airbus A321,180,ZH 4429,,Meal (none specific),260218_CA4333_15001715,text,True,2026-02-15T08:58:33.846615
18/2/2026,Wednesday,CAN,arrival,17:15,CZ3518,China Southern,Duration: 2h 35m,14:40 - 17:15,"679 miles, 1093 km",Airbus A321neo,198,,,Meal (none specific),260218_CZ3518_14401715,text,True,2026-02-15T08:58:34.103254
18/2/2026,Wednesday,CAN,arrival,17:25,CA1327,Air China,Duration: 3h 25m,14:00 - 17:25,"1175 miles, 1891 km",Airbus A330-300,302,ZH 1327,,Meal (none specific),260218_CA1327_14001725,text,True,2026-02-15T08:58:39.060542
18/2/2026,Wednesday,CAN,arrival,17:25,CZ6791,China Southern,Duration: 1h 25m,16:00 - 17:25,"302 miles, 486 km",Airbus A321,188,,,Meal (none specific),260218_CZ6791_16001725,text,True,2026-02-15T08:58:39.345390
18/2/2026,Wednesday,CAN,arrival,17:25,CZ3538,China Southern,Duration: 2h 35m,14:50 - 17:25,"734 miles, 1181 km",Boeing 737MAX 8 Passenger,175,,,Meal (none specific),260218_CZ3538_14501725,text,True,2026-02-15T08:58:39.625276
18/2/2026,Wednesday,CAN,arrival,17:30,CZ3962,China Southern,Duration: 2h 0m,15:30 - 17:30,"577 miles, 928 km",Airbus A320,158,,,Meal (none specific),260218_CZ3962_15301730,text,True,2026-02-15T08:58:39.878783
18/2/2026,Wednesday,CAN,arrival,17:30,HO1869,Juneyao Airlines,Duration: 2h 40m,14:50 - 17:30,"734 miles, 1181 km",Airbus A320,159,,,Meal (none specific),260218_HO1869_14501730,text,True,2026-02-15T08:58:40.174655
18/2/2026,Wednesday,CAN,arrival,17:30,OQ2128,Chongqing Airlines,Duration: 4h 30m,13:00 - 17:30,"1398 miles, 2249 km",Airbus A320,175,,,Meal (none specific),260218_OQ2128_13001730,text,True,2026-02-15T08:58:40.412307
18/2/2026,Wednesday,CAN,arrival,17:45,CZ3162,China Southern,Duration: 3h 15m,14:30 - 17:45,"1134 miles, 1825 km",Airbus A321neo,198,,,Meal (none specific),260218_CZ3162_14301745,text,True,2026-02-15T08:58:40.642965
18/2/2026,Wednesday,CAN,arrival,17:45,CZ3098,China Southern,Duration: 2h 15m,15:30 - 17:45,"515 miles, 829 km",Airbus A330-300,283,CI 8521,,Meal (none specific),260218_CZ3098_15301745,text,True,2026-02-15T08:58:40.915798
18/2/2026,Wednesday,CAN,arrival,17:45,MU6734,China Eastern,Duration: 1h 45m,16:00 - 17:45,"516 miles, 830 km",Boeing 737-200 Mixed Configuration,75,MF 2246,,Meal (none specific),260218_MU6734_16001745,text,True,2026-02-15T08:58:41.165742
18/2/2026,Wednesday,CAN,arrival,17:45,ZH9672,Shenzhen Airlines,Duration: 4h 25m,13:20 - 17:45,"1725 miles, 2776 km",Airbus A320,162,CA 3810 /SC 9496,,Meal (none specific),260218_ZH9672_13201745,text,True,2026-02-15T08:58:41.424330
18/2/2026,Wednesday,CAN,arrival,17:50,AQ1718,9 Air,Duration: 1h 45m,16:05 - 17:50,"452 miles, 727 km",Boeing 737-800 Passenger,167,,,Meal (none specific),260218_AQ1718_16051750,text,True,2026-02-15T08:58:41.654521
18/2/2026,Wednesday,CAN,arrival,17:50,CZ3444,China Southern,Duration: 2h 20m,15:30 - 17:50,"763 miles, 1228 km",Airbus A320neo,166,,,Meal (none specific),260218_CZ3444_15301750,text,True,2026-02-15T08:58:41.915884
18/2/2026,Wednesday,CAN,arrival,17:50,CZ3616,China Southern,Duration: 4h 35m,13:15 - 17:50,"1725 miles, 2776 km",Boeing 777-300ER,361,,,Meal (none specific),260218_CZ3616_13151750,text,True,2026-02-15T08:58:42.164894
18/2/2026,Wednesday,CAN,arrival,17:50,CZ354,China Southern,Duration: 4h 10m,13:40 - 17:50,"1654 miles, 2661 km",Airbus A321,188,3U 7028,,Meal (none specific),260218_CZ354_13401750,text,True,2026-02-15T08:58:42.406436
18/2/2026,Wednesday,CAN,arrival,17:50,CZ6883,China Southern,Duration: 5h 5m,12:45 - 17:50,"2048 miles, 3295 km",Boeing 737MAX 8 Passenger,175,,,Meal (none specific),260218_CZ6883_12451750,text,True,2026-02-15T08:58:42.636301
18/2/2026,Wednesday,CAN,arrival,17:50,HU7260,Hainan Airlines,Duration: 3h 15m,14:35 - 17:50,"1033 miles, 1662 km",Boeing 737-800 Passenger,179,,,Meal (none specific),260218_HU7260_14351750,text,True,2026-02-15T08:58:42.878760
18/2/2026,Wednesday,CAN,arrival,17:55,CZ3232,China Southern,Duration: 2h 55m,15:00 - 17:55,"815 miles, 1311 km",Boeing 737-800 Passenger,172,,,Meal (none specific),260218_CZ3232_15001755,text,True,2026-02-15T08:58:43.109335
18/2/2026,Wednesday,CAN,arrival,17:55,FM9313,Shanghai Airlines,Duration: 2h 25m,15:30 - 17:55,"734 miles, 1181 km",Boeing 737-200 Mixed Configuration,75,MU 8418,,Meal (none specific),260218_FM9313_15301755,text,True,2026-02-15T08:58:43.357696
18/2/2026,Wednesday,CAN,arrival,18:00,CA1795,Air China,Duration: 2h 35m,15:25 - 18:00,"648 miles, 1043 km",Airbus A320,158,SC 5515 /ZH 1795,,Meal (none specific),260218_CA1795_15251800,text,True,2026-02-15T08:58:43.615537
18/2/2026,Wednesday,CAN,arrival,18:00,CZ8100,China Southern,Duration: 3h 5m,13:55 - 18:00,"1066 miles, 1715 km",Airbus A321neo,198,3U 7070,,Meal (none specific),260218_CZ8100_13551800,text,True,2026-02-15T08:58:43.878753
18/2/2026,Wednesday,CAN,arrival,18:00,CZ338,China Southern,Duration: 4h 10m,14:50 - 18:00,"1252 miles, 2014 km",Airbus A321neo,198,3U 7032,,Meal (none specific),260218_CZ338_14501800,text,True,2026-02-15T08:58:48.902863
18/2/2026,Wednesday,CAN,arrival,18:00,CZ304,China Southern,Duration: 12h 0m,22:00 - 18:00,"5933 miles, 9546 km",Boeing 787-9,288,,,Meal (none specific),260218_CZ304_22001800,text,True,2026-02-15T08:58:49.157427
18/2/2026,Wednesday,CAN,arrival,18:05,AQ1056,9 Air,Duration: 2h 40m,15:25 - 18:05,"713 miles, 1147 km",Boeing 737-800 Passenger,167,,,Meal (none specific),260218_AQ1056_15251805,text,True,2026-02-15T08:58:54.024105
18/2/2026,Wednesday,CAN,arrival,18:05,CZ3870,China Southern,Duration: 2h 30m,15:35 - 18:05,"648 miles, 1043 km",Airbus A321neo,198,,,Meal (none specific),260218_CZ3870_15351805,text,True,2026-02-15T08:58:54.339267
18/2/2026,Wednesday,CAN,arrival,18:10,CZ5016,China Southern,Duration: 3h 20m,12:50 - 18:10,"1456 miles, 2343 km",Airbus A321neo,198,,,Meal (none specific),260218_CZ5016_12501810,text,True,2026-02-15T08:58:54.599845
18/2/2026,Wednesday,CAN,arrival,18:15,AQ1116,9 Air,Duration: 2h 15m,16:00 - 18:15,"728 miles, 1171 km",Boeing 737-800 Passenger,167,,,Meal (none specific),260218_AQ1116_16001815,text,True,2026-02-15T08:58:59.392465
18/2/2026,Wednesday,CAN,arrival,18:15,CZ3874,China Southern,Duration: 2h 25m,15:50 - 18:15,"638 miles, 1027 km",Boeing 737MAX 8 Passenger,175,,,Meal (none specific),260218_CZ3874_15501815,text,True,2026-02-15T08:58:59.672439
18/2/2026,Wednesday,CAN,arrival,18:15,CZ3448,China Southern,Duration: 2h 10m,16:05 - 18:15,"667 miles, 1073 km",Boeing 737MAX 8 Passenger,175,QF 3626,,Meal (none specific),260218_CZ3448_16051815,text,True,2026-02-15T08:59:00.042166
18/2/2026,Wednesday,CAN,arrival,18:15,CZ350,China Southern,Duration: 4h 15m,14:00 - 18:15,"1632 miles, 2626 km",Boeing 787-9,288,MH 4480,,Meal (none specific),260218_CZ350_14001815,text,True,2026-02-15T08:59:00.321003
18/2/2026,Wednesday,CAN,arrival,18:15,CZ3880,China Southern,Duration: 1h 45m,16:30 - 18:15,"316 miles, 508 km",Airbus A320neo,166,QF 3623,,Meal (none specific),260218_CZ3880_16301815,text,True,2026-02-15T08:59:00.608482
18/2/2026,Wednesday,CAN,arrival,18:20,3U8735,Sichuan Airlines,Duration: 2h 20m,16:00 - 18:20,"763 miles, 1228 km",Airbus A330,290,CZ 9129 /EU 7333 /HO 5816 /MF 5553 /MU 3467,,Meal (none specific),260218_3U8735_16001820,text,True,2026-02-15T08:59:00.872453
18/2/2026,Wednesday,CAN,arrival,18:20,CA1301,Air China,Duration: 3h 20m,15:00 - 18:20,"1175 miles, 1891 km",Airbus A330,288,LH 7062 /ZH 1301,,Meal (none specific),260218_CA1301_15001820,text,True,2026-02-15T08:59:01.109071
18/2/2026,Wednesday,CAN,arrival,18:20,MU6311,China Eastern,Duration: 3h 25m,14:55 - 18:20,"1134 miles, 1825 km",Airbus A321,177,,,Meal (none specific),260218_MU6311_14551820,text,True,2026-02-15T08:59:01.385635
18/2/2026,Wednesday,CAN,arrival,18:25,CZ8316,China Southern,Duration: 1h 40m,15:45 - 18:25,"504 miles, 811 km",Airbus A320neo,166,3U 7086 /VN 3526,,Meal (none specific),260218_CZ8316_15451825,text,True,2026-02-15T08:59:01.648344
18/2/2026,Wednesday,CAN,arrival,18:25,CZ3386,China Southern,Duration: 2h 25m,16:00 - 18:25,"681 miles, 1096 km",Airbus A320,158,,,Meal (none specific),260218_CZ3386_16001825,text,True,2026-02-15T08:59:01.879066
18/2/2026,Wednesday,CAN,arrival,18:25,CZ3540,China Southern,Duration: 2h 35m,15:50 - 18:25,"734 miles, 1181 km",Boeing 737MAX 8 Passenger,175,,,Meal (none specific),260218_CZ3540_15501825,text,True,2026-02-15T08:59:02.133112
18/2/2026,Wednesday,CAN,arrival,18:25,CZ8671,China Southern,Duration: 1h 55m,16:30 - 18:25,"516 miles, 830 km",Boeing 737-800 Passenger,172,,,Meal (none specific),260218_CZ8671_16301825,text,True,2026-02-15T08:59:07.066582
18/2/2026,Wednesday,CAN,arrival,18:25,CZ8778,China Southern,Duration: 3h 40m,14:45 - 18:25,"1085 miles, 1746 km",Airbus A320,158,,,Meal (none specific),260218_CZ8778_14451825,text,True,2026-02-15T08:59:07.325983
18/2/2026,Wednesday,CAN,arrival,18:25,HU7857,Hainan Airlines,Duration: 2h 55m,15:30 - 18:25,"815 miles, 1311 km",Boeing 737-800 Passenger,179,,,Meal (none specific),260218_HU7857_15301825,text,True,2026-02-15T08:59:07.605765
18/2/2026,Wednesday,CAN,arrival,18:30,CA4355,Air China,Duration: 2h 15m,16:15 - 18:30,"643 miles, 1035 km",Airbus A321,180,ZH 4451,,Meal (none specific),260218_CA4355_16151830,text,True,2026-02-15T08:59:07.885240
18/2/2026,Wednesday,CAN,arrival,18:30,CZ5746,China Southern,Duration: 2h 30m,16:00 - 18:30,"792 miles, 1274 km",Boeing 737-800 Passenger,172,,,Meal (none specific),260218_CZ5746_16001830,text,True,2026-02-15T08:59:08.131161
18/2/2026,Wednesday,CAN,arrival,18:30,CZ3607,China Southern,Duration: 3h 55m,14:35 - 18:30,"1186 miles, 1908 km",Airbus A320,158,,,Meal (none specific),260218_CZ3607_14351830,text,True,2026-02-15T08:59:08.375534
18/2/2026,Wednesday,CAN,arrival,18:30,CZ3822,China Southern,Duration: 2h 30m,16:00 - 18:30,"673 miles, 1083 km",Boeing 737-800 Passenger,172,,,Meal (none specific),260218_CZ3822_16001830,text,True,2026-02-15T08:59:08.607053
18/2/2026,Wednesday,CAN,arrival,18:35,CA2803,Air China,Duration: 3h 20m,15:15 - 18:35,"1119 miles, 1800 km",Boeing 737-800 Passenger,167,ZH 4177,,Meal (none specific),260218_CA2803_15151835,text,True,2026-02-15T08:59:08.872654
18/2/2026,Wednesday,CAN,arrival,18:40,CZ5492,China Southern,Duration: 1h 40m,17:00 - 18:40,"434 miles, 698 km",Boeing 777-300ER,361,,,Meal (none specific),260218_CZ5492_17001840,text,True,2026-02-15T08:59:09.137448
18/2/2026,Wednesday,CAN,arrival,18:40,CZ3800,China Southern,Duration: 3h 35m,15:05 - 18:40,"990 miles, 1593 km",Airbus A320neo,166,,,Meal (none specific),260218_CZ3800_15051840,text,True,2026-02-15T08:59:09.402871
18/2/2026,Wednesday,CAN,arrival,18:40,MU2305,China Eastern,Duration: 3h 5m,15:35 - 18:40,"1080 miles, 1738 km",Airbus A320,158,MF 3132 /SV 6997,,Meal (none specific),260218_MU2305_15351840,text,True,2026-02-15T08:59:09.636530
18/2/2026,Wednesday,CAN,arrival,18:40,SC1171,Shandong Airlines,Duration: 2h 50m,15:50 - 18:40,"964 miles, 1551 km",Boeing 737-800 Passenger,167,ZH 2517 /G5 8313 /CA 4613 /TV 3017,,Meal (none specific),260218_SC1171_15501840,text,True,2026-02-15T08:59:09.896665
18/2/2026,Wednesday,CAN,arrival,18:45,CZ3104,China Southern,Duration: 3h 15m,15:30 - 18:45,"1134 miles, 1825 km",Airbus A320,158,,,Meal (none specific),260218_CZ3104_15301845,text,True,2026-02-15T08:59:10.167632
18/2/2026,Wednesday,CAN,arrival,18:45,HU7007,Hainan Airlines,Duration: 1h 15m,17:30 - 18:45,"302 miles, 486 km",Airbus A320neo,169,,,Meal (none specific),260218_HU7007_17301845,text,True,2026-02-15T08:59:10.412009
18/2/2026,Wednesday,CAN,arrival,18:50,CZ5834,China Southern,Duration: 5h 15m,13:35 - 18:50,"2194 miles, 3530 km",Boeing 737MAX 8 Passenger,175,,,Meal (none specific),260218_CZ5834_13351850,text,True,2026-02-15T08:59:10.654826
18/2/2026,Wednesday,CAN,arrival,18:50,CZ3212,China Southern,Duration: 2h 50m,16:00 - 18:50,"815 miles, 1311 km",Boeing 737-800 Passenger,172,,,Meal (none specific),260218_CZ3212_16001850,text,True,2026-02-15T08:59:15.446654
18/2/2026,Wednesday,CAN,arrival,18:50,CZ3885,China Southern,Duration: 2h 15m,16:35 - 18:50,"588 miles, 946 km",Boeing 737-800 Passenger,172,,,Meal (none specific),260218_CZ3885_16351850,text,True,2026-02-15T08:59:15.708713
18/2/2026,Wednesday,CAN,arrival,18:50,JD5356,Capital Airlines,Duration: 3h 0m,15:50 - 18:50,"1027 miles, 1652 km",Airbus A320,169,HU 5032,,Meal (none specific),260218_JD5356_15501850,text,True,2026-02-15T08:59:16.011808
18/2/2026,Wednesday,CAN,arrival,18:50,KN5321,China United Airlines,Duration: 3h 20m,15:30 - 18:50,"1134 miles, 1825 km",Boeing 737 Passenger,178,MU 8259,,Meal (none specific),260218_KN5321_15301850,text,True,2026-02-15T08:59:16.314877
18/2/2026,Wednesday,CAN,arrival,18:55,CZ8328,China Southern,Duration: 2h 35m,15:20 - 18:55,"982 miles, 1580 km",Airbus A320neo,166,,,Meal (none specific),260218_CZ8328_15201855,text,True,2026-02-15T08:59:16.563413
18/2/2026,Wednesday,CAN,arrival,18:55,CZ3270,China Southern,Duration: 3h 15m,15:40 - 18:55,"1117 miles, 1797 km",Airbus A320neo,166,,,Meal (none specific),260218_CZ3270_15401855,text,True,2026-02-15T08:59:16.843296
18/2/2026,Wednesday,CAN,arrival,18:55,CZ3132,China Southern,Duration: 3h 10m,15:45 - 18:55,"1027 miles, 1652 km",Boeing 737-800 Passenger,172,,,Meal (none specific),260218_CZ3132_15451855,text,True,2026-02-15T08:59:17.121226
18/2/2026,Wednesday,CAN,arrival,18:55,CZ3676,China Southern,Duration: 2h 10m,16:45 - 18:55,"567 miles, 912 km",Airbus A320,158,,,Meal (none specific),260218_CZ3676_16451855,text,True,2026-02-15T08:59:17.354202
18/2/2026,Wednesday,CAN,arrival,18:55,FM9315,Shanghai Airlines,Duration: 2h 20m,16:35 - 18:55,"734 miles, 1181 km",Boeing 737-500 (winglets) Passenger,166,MU 8419,,Meal (none specific),260218_FM9315_16351855,text,True,2026-02-15T08:59:17.633994
18/2/2026,Wednesday,CAN,arrival,18:55,HU7242,Hainan Airlines,Duration: 1h 55m,17:00 - 18:55,"603 miles, 970 km",Boeing 737-800 Passenger,179,,,Meal (none specific),260218_HU7242_17001855,text,True,2026-02-15T08:59:17.866255
18/2/2026,Wednesday,CAN,arrival,18:55,HU7809,Hainan Airlines,Duration: 3h 25m,15:30 - 18:55,"1175 miles, 1891 km",Boeing 787-9,290,,,Meal (none specific),260218_HU7809_15301855,text,True,2026-02-15T08:59:18.157506
18/2/2026,Wednesday,CAN,arrival,18:55,ZH9224,Shenzhen Airlines,Duration: 2h 25m,16:30 - 18:55,"815 miles, 1311 km",Airbus A320,162,CA 3424 /SC 9294,,Meal (none specific),260218_ZH9224_16301855,text,True,2026-02-15T08:59:18.393645
18/2/2026,Wednesday,CAN,arrival,19:00,HO1867,Juneyao Airlines,Duration: 2h 30m,16:30 - 19:00,"734 miles, 1181 km",Boeing 787-9,324,3U 4579 /CA 3285 /MF 7666 /MU 3815 /CZ 225 /ZH 5216,,Meal (none specific),260218_HO1867_16301900,text,True,2026-02-15T08:59:18.654264
18/2/2026,Wednesday,CAN,arrival,19:00,KR935,Cambodia Airways,Duration: 2h 55m,15:05 - 19:00,"1003 miles, 1614 km",Airbus A319,150,,,Meal (none specific),260218_KR935_15051900,text,True,2026-02-15T08:59:18.927826
18/2/2026,Wednesday,CAN,arrival,19:00,MU5311,China Eastern,Duration: 2h 45m,16:15 - 19:00,"751 miles, 1208 km",Airbus A320neo,158,MF 3681 /SV 6919 /EY 5725 /AF 9295,,Meal (none specific),260218_MU5311_16151900,text,True,2026-02-15T08:59:19.186604
18/2/2026,Wednesday,CAN,arrival,19:05,CZ6851,China Southern,Duration: 4h 50m,14:15 - 19:05,"1596 miles, 2568 km",Airbus A320neo,166,,,Meal (none specific),260218_CZ6851_14151905,text,True,2026-02-15T08:59:19.418069
18/2/2026,Wednesday,CAN,arrival,19:05,MU5793,China Eastern,Duration: 2h 40m,16:25 - 19:05,"939 miles, 1511 km",Boeing 737 Passenger,168,,,Meal (none specific),260218_MU5793_16251905,text,True,2026-02-15T08:59:19.672340
18/2/2026,Wednesday,CAN,arrival,19:10,CA4303,Air China,Duration: 2h 40m,16:30 - 19:10,"763 miles, 1228 km",Airbus A321neo,197,ZH 4401,,Meal (none specific),260218_CA4303_16301910,text,True,2026-02-15T08:59:19.902650
18/2/2026,Wednesday,CAN,arrival,19:10,CZ5096,China Southern,Duration: 2h 55m,15:15 - 19:10,"1066 miles, 1715 km",Airbus A320neo,166,,,Meal (none specific),260218_CZ5096_15151910,text,True,2026-02-15T08:59:20.191495
18/2/2026,Wednesday,CAN,arrival,19:10,CZ3802,China Southern,Duration: 2h 35m,16:35 - 19:10,"648 miles, 1043 km",Boeing 737-800 Passenger,172,,,Meal (none specific),260218_CZ3802_16351910,text,True,2026-02-15T08:59:20.442352
18/2/2026,Wednesday,CAN,arrival,19:10,CZ3048,China Southern,Duration: 4h 25m,14:45 - 19:10,"1632 miles, 2626 km",Boeing 737MAX 8 Passenger,175,MH 4609,,Meal (none specific),260218_CZ3048_14451910,text,True,2026-02-15T08:59:20.707666
18/2/2026,Wednesday,CAN,arrival,19:10,CZ8102,China Southern,Duration: 5h 35m,14:35 - 19:10,"1840 miles, 2961 km",Airbus A321neo,198,3U 7022,,Meal (none specific),260218_CZ8102_14351910,text,True,2026-02-15T08:59:20.985786
18/2/2026,Wednesday,CAN,arrival,19:10,JD5921,Capital Airlines,Duration: 3h 30m,15:40 - 19:10,"1134 miles, 1825 km",Airbus A321,176,,,Meal (none specific),260218_JD5921_15401910,text,True,2026-02-15T08:59:21.242482
18/2/2026,Wednesday,CAN,arrival,19:10,MU5237,China Eastern,Duration: 2h 20m,16:50 - 19:10,"679 miles, 1093 km",Airbus A320,158,MF 3629,,Meal (none specific),260218_MU5237_16501910,text,True,2026-02-15T08:59:21.472661
18/2/2026,Wednesday,CAN,arrival,19:15,CZ3426,China Southern,Duration: 2h 0m,17:15 - 19:15,"603 miles, 970 km",Airbus A321,188,,,Meal (none specific),260218_CZ3426_17151915,text,True,2026-02-15T08:59:21.720951
18/2/2026,Wednesday,CAN,arrival,19:15,CZ8250,China Southern,Duration: 2h 50m,16:25 - 19:15,"869 miles, 1398 km",Airbus A320neo,166,,,Meal (none specific),260218_CZ8250_16251915,text,True,2026-02-15T08:59:21.969746
18/2/2026,Wednesday,CAN,arrival,19:15,MU2869,China Eastern,Duration: 2h 55m,16:20 - 19:15,"804 miles, 1294 km",Airbus A320,158,,,Meal (none specific),260218_MU2869_16201915,text,True,2026-02-15T08:59:26.757098
18/2/2026,Wednesday,CAN,arrival,19:20,CZ386,China Southern,Duration: 5h 15m,15:05 - 19:20,"1801 miles, 2898 km",Boeing 777-300ER,361,3U 7052 /JL 5031,,Meal (none specific),260218_CZ386_15051920,text,True,2026-02-15T08:59:31.662518
18/2/2026,Wednesday,CAN,arrival,19:20,HU7232,Hainan Airlines,Duration: 2h 50m,16:30 - 19:20,"751 miles, 1208 km",Boeing 737-800 Passenger,179,,,Meal (none specific),260218_HU7232_16301920,text,True,2026-02-15T08:59:32.029676
18/2/2026,Wednesday,CAN,arrival,19:20,MU6992,China Eastern,Duration: 2h 30m,16:50 - 19:20,"648 miles, 1043 km",Airbus A320,158,3U 5468 /MF 2296,,Meal (none specific),260218_MU6992_16501920,text,True,2026-02-15T08:59:32.296705
18/2/2026,Wednesday,CAN,arrival,19:25,CA1797,Air China,Duration: 2h 25m,17:00 - 19:25,"648 miles, 1043 km",Airbus A321,180,ZH 1797,,Meal (none specific),260218_CA1797_17001925,text,True,2026-02-15T08:59:32.659205
18/2/2026,Wednesday,CAN,arrival,19:25,CA1365,Air China,Duration: 3h 25m,16:00 - 19:25,"1175 miles, 1891 km",Airbus A350-900,312,UA 7510 /ZH 1365,,Meal (none specific),260218_CA1365_16001925,text,True,2026-02-15T08:59:32.975706
18/2/2026,Wednesday,CAN,arrival,19:25,MU7637,China Eastern,Duration: 2h 0m,17:25 - 19:25,"667 miles, 1073 km",Boeing 737-500 (winglets) Passenger,168,,,Meal (none specific),260218_MU7637_17251925,text,True,2026-02-15T08:59:33.232627
18/2/2026,Wednesday,CAN,arrival,19:25,SC4675,Shandong Airlines,Duration: 3h 25m,16:00 - 19:25,"990 miles, 1593 km",Boeing 737-800 Passenger,167,CA 4751 /G5 6501 /TV 3159 /ZH 2649,,Meal (none specific),260218_SC4675_16001925,text,True,2026-02-15T08:59:33.473142
18/2/2026,Wednesday,CAN,arrival,19:25,ZH9828,Shenzhen Airlines,Duration: 2h 35m,16:50 - 19:25,"713 miles, 1147 km",Boeing 737-800 Passenger,164,CA 3878 /HO 5243 /SC 9568,,Meal (none specific),260218_ZH9828_16501925,text,True,2026-02-15T08:59:33.702713
18/2/2026,Wednesday,CAN,arrival,19:30,CZ3062,China Southern,Duration: 4h 15m,16:15 - 19:30,"1252 miles, 2014 km",Airbus A321neo,198,3U 7024,,Meal (none specific),260218_CZ3062_16151930,text,True,2026-02-15T08:59:33.951555
18/2/2026,Wednesday,CAN,arrival,19:30,CZ3526,China Southern,Duration: 2h 40m,16:50 - 19:30,"734 miles, 1181 km",Airbus A321neo,198,,,Meal (none specific),260218_CZ3526_16501930,text,True,2026-02-15T08:59:38.823606
18/2/2026,Wednesday,CAN,arrival,19:30,CZ6885,China Southern,Duration: 5h 5m,14:25 - 19:30,"2048 miles, 3295 km",Boeing 737-800 Passenger,172,,,Meal (none specific),260218_CZ6885_14251930,text,True,2026-02-15T08:59:39.097434
18/2/2026,Wednesday,CAN,arrival,19:30,CZ8721,China Southern,Duration: 2h 0m,17:30 - 19:30,"516 miles, 830 km",Boeing 737-800 Passenger,172,,,Meal (none specific),260218_CZ8721_17301930,text,True,2026-02-15T08:59:39.425202
18/2/2026,Wednesday,CAN,arrival,19:35,AQ1102,9 Air,Duration: 2h 5m,17:30 - 19:35,"603 miles, 970 km",Boeing 737-800 Passenger,167,,,Meal (none specific),260218_AQ1102_17301935,text,True,2026-02-15T08:59:39.697409
18/2/2026,Wednesday,CAN,arrival,19:35,CZ3038,China Southern,Duration: 5h 20m,13:15 - 19:35,"2099 miles, 3377 km",Airbus A321neo,198,,,Meal (none specific),260218_CZ3038_13151935,text,True,2026-02-15T08:59:39.950698
18/2/2026,Wednesday,CAN,arrival,19:35,CZ5764,China Southern,Duration: 2h 40m,16:55 - 19:35,"792 miles, 1274 km",Boeing 787-9,288,,,Meal (none specific),260218_CZ5764_16551935,text,True,2026-02-15T08:59:40.347865
18/2/2026,Wednesday,CAN,arrival,19:35,MU6261,China Eastern,Duration: 2h 30m,17:05 - 19:35,"815 miles, 1311 km",Airbus A321,177,,,Meal (none specific),260218_MU6261_17051935,text,True,2026-02-15T08:59:40.597699
18/2/2026,Wednesday,CAN,arrival,19:40,CA4341,Air China,Duration: 2h 0m,17:40 - 19:40,"603 miles, 970 km",Boeing 737-800 Passenger,167,SC 5221 /ZH 4437,,Meal (none specific),260218_CA4341_17401940,text,True,2026-02-15T08:59:40.846845
18/2/2026,Wednesday,CAN,arrival,19:40,CZ3082,China Southern,Duration: 2h 55m,15:45 - 19:40,"1066 miles, 1715 km",Boeing 737-800 Passenger,172,3U 7062,,Meal (none specific),260218_CZ3082_15451940,text,True,2026-02-15T08:59:41.088730
18/2/2026,Wednesday,CAN,arrival,19:40,CZ6419,China Southern,Duration: 1h 40m,18:00 - 19:40,"464 miles, 747 km",Boeing 737-800 Passenger,172,,,Meal (none specific),260218_CZ6419_18001940,text,True,2026-02-15T08:59:41.344998
18/2/2026,Wednesday,CAN,arrival,19:40,CZ6092,China Southern,Duration: 2h 15m,16:25 - 19:40,"791 miles, 1273 km",Airbus A320,158,3U 7084,,Meal (none specific),260218_CZ6092_16251940,text,True,2026-02-15T08:59:41.623568
18/2/2026,Wednesday,CAN,arrival,19:45,CZ8108,China Southern,Duration: 4h 45m,16:00 - 19:45,"1534 miles, 2468 km",Airbus A321neo,198,,,Meal (none specific),260218_CZ8108_16001945,text,True,2026-02-15T08:59:41.920551
18/2/2026,Wednesday,CAN,arrival,19:45,CZ3180,China Southern,Duration: 3h 15m,16:30 - 19:45,"1134 miles, 1825 km",Airbus A321neo,198,,,Meal (none specific),260218_CZ3180_16301945,text,True,2026-02-15T08:59:42.187111
18/2/2026,Wednesday,CAN,arrival,19:45,HU7009,Hainan Airlines,Duration: 1h 15m,18:30 - 19:45,"302 miles, 486 km",Airbus A330-300,297,,,Meal (none specific),260218_HU7009_18301945,text,True,2026-02-15T08:59:42.438739
18/2/2026,Wednesday,CAN,arrival,19:45,ZH9482,Shenzhen Airlines,Duration: 2h 45m,17:00 - 19:45,"866 miles, 1393 km",Airbus A320,162,,,Meal (none specific),260218_ZH9482_17001945,text,True,2026-02-15T08:59:42.673139
18/2/2026,Wednesday,CAN,arrival,19:50,3U8205,Sichuan Airlines,Duration: 2h 10m,17:40 - 19:50,"667 miles, 1073 km",Airbus A320,165,G5 6285 /MF 5451 /QW 9945,,Meal (none specific),260218_3U8205_17401950,text,True,2026-02-15T08:59:42.920765
18/2/2026,Wednesday,CAN,arrival,19:50,CZ6528,China Southern,Duration: 3h 0m,16:50 - 19:50,"998 miles, 1606 km",Boeing 737-800 Passenger,172,,,Meal (none specific),260218_CZ6528_16501950,text,True,2026-02-15T08:59:43.175753
18/2/2026,Wednesday,CAN,arrival,19:50,MU6309,China Eastern,Duration: 3h 5m,16:45 - 19:50,"1134 miles, 1825 km",Airbus A320neo,158,KN 6737 /MF 7511 /SV 6842 /EY 5714,,Meal (none specific),260218_MU6309_16451950,text,True,2026-02-15T08:59:47.939734
18/2/2026,Wednesday,CAN,arrival,19:50,ZH9472,Shenzhen Airlines,Duration: 2h 40m,17:10 - 19:50,"1080 miles, 1738 km",Boeing 737-800 Passenger,164,,,Meal (none specific),260218_ZH9472_17101950,text,True,2026-02-15T08:59:48.351248
18/2/2026,Wednesday,CAN,arrival,19:55,CZ5591,China Southern,Duration: 1h 45m,18:10 - 19:55,"333 miles, 536 km",Airbus A320,158,,,Meal (none specific),260218_CZ5591_18101955,text,True,2026-02-15T08:59:48.666015
18/2/2026,Wednesday,CAN,arrival,19:55,CZ3472,China Southern,Duration: 2h 25m,17:30 - 19:55,"763 miles, 1228 km",Boeing 737MAX 8 Passenger,175,EK 7445,,Meal (none specific),260218_CZ3472_17301955,text,True,2026-02-15T08:59:48.915126
18/2/2026,Wednesday,CAN,arrival,19:55,CZ6060,China Southern,Duration: 2h 45m,16:10 - 19:55,"1003 miles, 1614 km",Airbus A320neo,166,,,Meal (none specific),260218_CZ6060_16101955,text,True,2026-02-15T08:59:49.181415
18/2/2026,Wednesday,CAN,arrival,19:55,HU7811,Hainan Airlines,Duration: 3h 25m,16:30 - 19:55,"1175 miles, 1891 km",Boeing 787,271,,,Meal (none specific),260218_HU7811_16301955,text,True,2026-02-15T08:59:49.442497
18/2/2026,Wednesday,CAN,arrival,19:55,MU6896,China Eastern,Duration: 3h 40m,16:15 - 19:55,"1111 miles, 1788 km",Boeing 737-500 (winglets) Passenger,168,MF 2268,,Meal (none specific),260218_MU6896_16151955,text,True,2026-02-15T08:59:49.696270
18/2/2026,Wednesday,CAN,arrival,19:55,ZH8992,Shenzhen Airlines,Duration: 1h 15m,18:40 - 19:55,"302 miles, 486 km",Airbus A320,162,CA 3500 /SC 9226,,Meal (none specific),260218_ZH8992_18401955,text,True,2026-02-15T08:59:49.943731
18/2/2026,Wednesday,CAN,arrival,20:00,CA1865,Air China,Duration: 3h 0m,17:00 - 20:00,"751 miles, 1208 km",Airbus A350-900,312,LH 7146 /SC 5447 /ZH 1865,,Meal (none specific),260218_CA1865_17002000,text,True,2026-02-15T08:59:50.203968
18/2/2026,Wednesday,CAN,arrival,20:00,MF8311,XiamenAir,Duration: 2h 30m,17:30 - 20:00,"648 miles, 1043 km",Airbus A321neo,208,MU 4712 /GJ 3861 /HO 7094 /G5 9343 /3U 2427 /NS 8311 /CZ 4226,,Meal (none specific),260218_MF8311_17302000,text,True,2026-02-15T08:59:50.442213
18/2/2026,Wednesday,CAN,arrival,20:00,MF8339,XiamenAir,Duration: 3h 35m,16:25 - 20:00,"1134 miles, 1825 km",Airbus A321neo,208,MU 4684 /GJ 3879 /HO 7118 /G5 9329 /3U 2453 /NS 8339 /CZ 4252 /KL 3767,,Meal (none specific),260218_MF8339_16252000,text,True,2026-02-15T08:59:50.721489
18/2/2026,Wednesday,CAN,arrival,20:05,CZ374,China Southern,Duration: 2h 55m,16:10 - 20:05,"978 miles, 1574 km",Airbus A321neo,198,3U 7050 /VN 3502,,Meal (none specific),260218_CZ374_16102005,text,True,2026-02-15T08:59:50.979275
18/2/2026,Wednesday,CAN,arrival,20:05,CZ3602,China Southern,Duration: 4h 35m,15:30 - 20:05,"1398 miles, 2249 km",Airbus A320neo,166,,,Meal (none specific),260218_CZ3602_15302005,text,True,2026-02-15T08:59:51.200054
18/2/2026,Wednesday,CAN,arrival,20:05,SC1175,Shandong Airlines,Duration: 2h 55m,17:10 - 20:05,"964 miles, 1551 km",Boeing 737-800 Passenger,167,ZH 2515 /G5 6457 /CA 4611 /TV 3015,,Meal (none specific),260218_SC1175_17102005,text,True,2026-02-15T08:59:51.478461
18/2/2026,Wednesday,CAN,arrival,20:10,CZ6457,China Southern,Duration: 4h 10m,16:00 - 20:10,"1186 miles, 1908 km",Airbus A320neo,166,,,Meal (none specific),260218_CZ6457_16002010,text,True,2026-02-15T08:59:51.738708
18/2/2026,Wednesday,CAN,arrival,20:10,CZ3360,China Southern,Duration: 4h 40m,15:30 - 20:10,"1538 miles, 2475 km",Airbus A321neo,198,,,Meal (none specific),260218_CZ3360_15302010,text,True,2026-02-15T08:59:52.023876
18/2/2026,Wednesday,CAN,arrival,20:10,HO1851,Juneyao Airlines,Duration: 2h 35m,17:35 - 20:10,"734 miles, 1181 km",Airbus A320,159,3U 4569 /CA 3277 /MF 7612 /MU 3805 /CZ 215 /ZH 5206,,Meal (none specific),260218_HO1851_17352010,text,True,2026-02-15T08:59:52.314308
18/2/2026,Wednesday,CAN,arrival,20:15,8L9975,Lucky Air,Duration: 2h 5m,18:10 - 20:15,"667 miles, 1073 km",Airbus A330-200,279,,,Meal (none specific),260218_8L9975_18102015,text,True,2026-02-15T08:59:52.562027
18/2/2026,Wednesday,CAN,arrival,20:15,HU7252,Hainan Airlines,Duration: 2h 15m,18:00 - 20:15,"728 miles, 1171 km",Airbus A320neo,169,,,Meal (none specific),260218_HU7252_18002015,text,True,2026-02-15T08:59:52.847647
18/2/2026,Wednesday,CAN,arrival,20:15,KY8281,Kunming Airlines,Duration: 2h 15m,18:00 - 20:15,"667 miles, 1073 km",Boeing 737-800 Passenger,160,ZH 5581 /CA 5721 /TV 8017,,Meal (none specific),260218_KY8281_18002015,text,True,2026-02-15T08:59:53.094800
18/2/2026,Wednesday,CAN,arrival,20:15,MU9199,China Eastern,Duration: 2h 45m,17:30 - 20:15,"734 miles, 1181 km",Airbus A330-200,234,,,Meal (none specific),260218_MU9199_17302015,text,True,2026-02-15T08:59:53.338453
18/2/2026,Wednesday,CAN,arrival,20:20,3U8737,Sichuan Airlines,Duration: 2h 20m,18:00 - 20:20,"763 miles, 1228 km",Airbus A320,165,CZ 9131 /EU 7335 /HO 5852 /MF 5555 /MU 3469,,Meal (none specific),260218_3U8737_18002020,text,True,2026-02-15T08:59:53.563026
18/2/2026,Wednesday,CAN,arrival,20:20,AK116,AirAsia,Duration: 4h 10m,16:10 - 20:20,"1632 miles, 2626 km",Airbus A321neo,236,,,Meal (none specific),260218_AK116_16102020,text,True,2026-02-15T08:59:53.805695
18/2/2026,Wednesday,CAN,arrival,20:20,AQ1034,9 Air,Duration: 2h 30m,17:50 - 20:20,"673 miles, 1083 km",Boeing 737-800 Passenger,167,,,Meal (none specific),260218_AQ1034_17502020,text,True,2026-02-15T08:59:54.017464
18/2/2026,Wednesday,CAN,arrival,20:20,CZ3424,China Southern,Duration: 2h 25m,17:55 - 20:20,"852 miles, 1371 km",Airbus A320,158,,,Meal (none specific),260218_CZ3424_17552020,text,True,2026-02-15T08:59:54.278021
18/2/2026,Wednesday,CAN,arrival,20:20,CZ3700,China Southern,Duration: 2h 25m,17:55 - 20:20,"673 miles, 1083 km",Airbus A320,158,,,Meal (none specific),260218_CZ3700_17552020,text,True,2026-02-15T08:59:54.520543
18/2/2026,Wednesday,CAN,arrival,20:30,9C8931,Spring Airlines,Duration: 2h 25m,18:05 - 20:30,"734 miles, 1181 km",Airbus A320,180,,,Meal (none specific),260218_9C8931_18052030,text,True,2026-02-15T09:00:03.599146
18/2/2026,Wednesday,CAN,arrival,20:30,CZ398,China Southern,Duration: 2h 35m,17:55 - 20:30,"798 miles, 1284 km",Boeing 737MAX 8 Passenger,175,,,Meal (none specific),260218_CZ398_17552030,text,True,2026-02-15T09:00:03.877867
18/2/2026,Wednesday,CAN,arrival,20:30,CZ3706,China Southern,Duration: 2h 0m,18:30 - 20:30,"516 miles, 830 km",Airbus A320,158,,,Meal (none specific),260218_CZ3706_18302030,text,True,2026-02-15T09:00:04.168788
18/2/2026,Wednesday,CAN,arrival,20:30,MF8355,XiamenAir,Duration: 3h 15m,17:15 - 20:30,"1119 miles, 1800 km",Boeing 737-800 Passenger,172,3U 2467 /CZ 4266 /G5 9297 /GJ 3889 /HO 7132 /NS 8355,,Meal (none specific),260218_MF8355_17152030,text,True,2026-02-15T09:00:04.442849
18/2/2026,Wednesday,CAN,arrival,20:35,CZ5486,China Southern,Duration: 2h 30m,18:05 - 20:35,"792 miles, 1274 km",Boeing 737-800 Passenger,172,,,Meal (none specific),260218_CZ5486_18052035,text,True,2026-02-15T09:00:04.684707
18/2/2026,Wednesday,CAN,arrival,20:45,CZ3450,China Southern,Duration: 2h 5m,18:40 - 20:45,"667 miles, 1073 km",Airbus A321neo,198,,,Meal (none specific),260218_CZ3450_18402045,text,True,2026-02-15T09:00:04.938560
18/2/2026,Wednesday,CAN,arrival,20:50,CZ3122,China Southern,Duration: 3h 20m,17:30 - 20:50,"1134 miles, 1825 km",Airbus A320,158,SV 6007,,Meal (none specific),260218_CZ3122_17302050,text,True,2026-02-15T09:00:05.187085
18/2/2026,Wednesday,CAN,arrival,20:50,HU7314,Hainan Airlines,Duration: 2h 25m,18:25 - 20:50,"673 miles, 1083 km",Boeing 737-800 Passenger,179,,,Meal (none specific),260218_HU7314_18252050,text,True,2026-02-15T09:00:09.972466
18/2/2026,Wednesday,CAN,arrival,20:50,MU6552,China Eastern,Duration: 2h 20m,18:30 - 20:50,"638 miles, 1027 km",Boeing 737-200 Mixed Configuration,75,MF 7588,,Meal (none specific),260218_MU6552_18302050,text,True,2026-02-15T09:00:10.302002
18/2/2026,Wednesday,CAN,arrival,20:50,ZH9988,Shenzhen Airlines,Duration: 2h 10m,18:40 - 20:50,"638 miles, 1027 km",Boeing 737-800 Passenger,164,CA 7908 /SC 9672,,Meal (none specific),260218_ZH9988_18402050,text,True,2026-02-15T09:00:10.586927
18/2/2026,Wednesday,CAN,arrival,20:55,CA4309,Air China,Duration: 2h 25m,18:30 - 20:55,"728 miles, 1171 km",Airbus A321,180,ZH 4779,,Meal (none specific),260218_CA4309_18302055,text,True,2026-02-15T09:00:10.961385
18/2/2026,Wednesday,CAN,arrival,20:55,CZ5176,China Southern,Duration: 4h 40m,16:15 - 20:55,"1596 miles, 2568 km",Airbus A330-300,283,,,Meal (none specific),260218_CZ5176_16152055,text,True,2026-02-15T09:00:11.265782
18/2/2026,Wednesday,CAN,arrival,20:55,CZ3298,China Southern,Duration: 2h 40m,18:15 - 20:55,"713 miles, 1147 km",Airbus A321,188,,,Meal (none specific),260218_CZ3298_18152055,text,True,2026-02-15T09:00:20.447354
18/2/2026,Wednesday,CAN,arrival,21:00,CX940,Cathay Pacific,Duration: 1h 5m,19:55 - 21:00,"84 miles, 135 km",Airbus A330-300,286,,,Meal (none specific),260218_CX940_19552100,text,True,2026-02-15T09:00:21.007773
18/2/2026,Wednesday,CAN,arrival,21:00,CZ3914,China Southern,Duration: 4h 55m,16:05 - 21:00,"1725 miles, 2776 km",Boeing 787-9,288,,,Meal (none specific),260218_CZ3914_16052100,text,True,2026-02-15T09:00:21.373311
18/2/2026,Wednesday,CAN,arrival,21:00,CZ6749,China Southern,Duration: 1h 45m,19:15 - 21:00,"434 miles, 698 km",Airbus A321,188,,,Meal (none specific),260218_CZ6749_19152100,text,True,2026-02-15T09:00:21.637422
18/2/2026,Wednesday,CAN,arrival,21:05,CA9674,Air China,Duration: 5h 35m,15:30 - 21:05,"2048 miles, 3295 km",Boeing 737-800 Passenger,167,,,Meal (none specific),260218_CA9674_15302105,text,True,2026-02-15T09:00:21.930601
18/2/2026,Wednesday,CAN,arrival,21:05,CA8305,Air China,Duration: 2h 15m,18:50 - 21:05,"567 miles, 912 km",Airbus A321,180,ZH 4105,,Meal (none specific),260218_CA8305_18502105,text,True,2026-02-15T09:00:22.212473
18/2/2026,Wednesday,CAN,arrival,21:05,CZ6307,China Southern,Duration: 4h 35m,16:30 - 21:05,"1398 miles, 2249 km",Airbus A321neo,198,,,Meal (none specific),260218_CZ6307_16302105,text,True,2026-02-15T09:00:22.526193
18/2/2026,Wednesday,CAN,arrival,21:05,MU9741,China Eastern,Duration: 2h 20m,18:45 - 21:05,"835 miles, 1344 km",Boeing 737 Passenger,168,3U 5477,,Meal (none specific),260218_MU9741_18452105,text,True,2026-02-15T09:00:22.797396
18/2/2026,Wednesday,CAN,arrival,21:05,MU6185,China Eastern,Duration: 2h 20m,18:45 - 21:05,"728 miles, 1171 km",Airbus A320,158,KN 6719 /3U 5411 /MF 7465,,Meal (none specific),260218_MU6185_18452105,text,True,2026-02-15T09:00:23.063638
18/2/2026,Wednesday,CAN,arrival,21:05,ZH9654,Shenzhen Airlines,Duration: 2h 30m,18:35 - 21:05,"713 miles, 1147 km",Airbus A320,162,CA 3668 /SC 9492,,Meal (none specific),260218_ZH9654_18352105,text,True,2026-02-15T09:00:23.313374
18/2/2026,Wednesday,CAN,arrival,21:10,CZ3640,China Southern,Duration: 2h 50m,18:20 - 21:10,"765 miles, 1231 km",Airbus A320,158,,,Meal (none specific),260218_CZ3640_18202110,text,True,2026-02-15T09:00:23.569761
18/2/2026,Wednesday,CAN,arrival,21:10,CZ3831,China Southern,Duration: 2h 45m,18:25 - 21:10,"751 miles, 1208 km",Airbus A321,188,AA 9083,,Meal (none specific),260218_CZ3831_18252110,text,True,2026-02-15T09:00:23.811740
18/2/2026,Wednesday,CAN,arrival,21:10,MU6387,China Eastern,Duration: 3h 10m,18:00 - 21:10,"998 miles, 1606 km",Boeing 737-500 (winglets) Passenger,168,MF 7549,,Meal (none specific),260218_MU6387_18002110,text,True,2026-02-15T09:00:28.714712
18/2/2026,Wednesday,CAN,arrival,21:10,ZH9978,Shenzhen Airlines,Duration: 3h 0m,18:10 - 21:10,"964 miles, 1551 km",Boeing 737-800 Passenger,164,CA 7906 /SC 9666,,Meal (none specific),260218_ZH9978_18102110,text,True,2026-02-15T09:00:28.980612
18/2/2026,Wednesday,CAN,arrival,21:15,CA4389,Air China,Duration: 2h 5m,19:10 - 21:15,"599 miles, 964 km",Airbus A321,180,ZH 4483,,Meal (none specific),260218_CA4389_19102115,text,True,2026-02-15T09:00:29.393214
18/2/2026,Wednesday,CAN,arrival,21:15,CZ8012,China Southern,Duration: 4h 20m,16:55 - 21:15,"1632 miles, 2626 km",Boeing 737MAX 8 Passenger,175,MH 4610,,Meal (none specific),260218_CZ8012_16552115,text,True,2026-02-15T09:00:29.652042
18/2/2026,Wednesday,CAN,arrival,21:15,CZ6394,China Southern,Duration: 1h 40m,19:35 - 21:15,"464 miles, 747 km",Boeing 737-800 Passenger,172,,,Meal (none specific),260218_CZ6394_19352115,text,True,2026-02-15T09:00:29.895829
18/2/2026,Wednesday,CAN,arrival,21:20,MU5327,China Eastern,Duration: 2h 50m,18:30 - 21:20,"734 miles, 1181 km",Airbus A330-200,234,HO 5330 /MF 3697,,Meal (none specific),260218_MU5327_18302120,text,True,2026-02-15T09:00:30.146318
18/2/2026,Wednesday,CAN,arrival,21:20,OQ2112,Chongqing Airlines,Duration: 2h 40m,18:40 - 21:20,"852 miles, 1371 km",Airbus A320,175,,,Meal (none specific),260218_OQ2112_18402120,text,True,2026-02-15T09:00:30.381255
18/2/2026,Wednesday,CAN,arrival,21:25,CA1309,Air China,Duration: 3h 25m,18:00 - 21:25,"1175 miles, 1891 km",Airbus A330-300,302,AC 6604 /UA 7511 /ZH 1309,,Meal (none specific),260218_CA1309_18002125,text,True,2026-02-15T09:00:30.640267
18/2/2026,Wednesday,CAN,arrival,21:25,CA2805,Air China,Duration: 3h 25m,18:00 - 21:25,"1119 miles, 1800 km",Boeing 737-800 Passenger,167,ZH 4179,,Meal (none specific),260218_CA2805_18002125,text,True,2026-02-15T09:00:30.877766
18/2/2026,Wednesday,CAN,arrival,21:25,CZ6787,China Southern,Duration: 1h 25m,20:00 - 21:25,"302 miles, 486 km",Airbus A321,188,,,Meal (none specific),260218_CZ6787_20002125,text,True,2026-02-15T09:00:31.196233
18/2/2026,Wednesday,CAN,arrival,21:25,CZ3372,China Southern,Duration: 2h 25m,19:00 - 21:25,"679 miles, 1093 km",Boeing 737-800 Passenger,172,,,Meal (none specific),260218_CZ3372_19002125,text,True,2026-02-15T09:00:31.431365
18/2/2026,Wednesday,CAN,arrival,21:30,CZ6447,China Southern,Duration: 4h 0m,17:30 - 21:30,"1186 miles, 1908 km",Airbus A320,158,,,Meal (none specific),260218_CZ6447_17302130,text,True,2026-02-15T09:00:31.703034
18/2/2026,Wednesday,CAN,arrival,21:30,CZ3234,China Southern,Duration: 2h 50m,18:40 - 21:30,"846 miles, 1361 km",Airbus A320,158,,,Meal (none specific),260218_CZ3234_18402130,text,True,2026-02-15T09:00:31.923836
18/2/2026,Wednesday,CAN,arrival,21:30,GJ8995,Loong Air,Duration: 2h 25m,19:05 - 21:30,"648 miles, 1043 km",Airbus A320,172,MU 3144 /TV 2533 /G5 6423 /EU 7733 /MF 5932 /3U 4869 /CZ 9955,,Meal (none specific),260218_GJ8995_19052130,text,True,2026-02-15T09:00:32.168637
18/2/2026,Wednesday,CAN,arrival,21:30,HU7442,Hainan Airlines,Duration: 2h 0m,19:30 - 21:30,"603 miles, 970 km",Airbus A320neo,169,,,Meal (none specific),260218_HU7442_19302130,text,True,2026-02-15T09:00:32.416150
18/2/2026,Wednesday,CAN,arrival,21:30,MU9767,China Eastern,Duration: 2h 40m,18:50 - 21:30,"673 miles, 1083 km",Airbus A320neo,158,MF 2347,,Meal (none specific),260218_MU9767_18502130,text,True,2026-02-15T09:00:32.659645
18/2/2026,Wednesday,CAN,arrival,21:30,ZH9982,Shenzhen Airlines,Duration: 2h 20m,19:10 - 21:30,"648 miles, 1043 km",Boeing 737-800 Passenger,164,CA 3606 /HO 5199 /SC 9668,,Meal (none specific),260218_ZH9982_19102130,text,True,2026-02-15T09:00:32.891099
18/2/2026,Wednesday,CAN,arrival,21:35,CZ3959,China Southern,Duration: 2h 35m,19:00 - 21:35,"792 miles, 1274 km",Boeing 737-800 Passenger,172,,,Meal (none specific),260218_CZ3959_19002135,text,True,2026-02-15T09:00:33.152426
18/2/2026,Wednesday,CAN,arrival,21:35,CZ8348,China Southern,Duration: 4h 20m,17:15 - 21:35,"1632 miles, 2626 km",Boeing 737MAX 8 Passenger,175,,,Meal (none specific),260218_CZ8348_17152135,text,True,2026-02-15T09:00:33.404134
18/2/2026,Wednesday,CAN,arrival,21:35,ZH9536,Shenzhen Airlines,Duration: 2h 45m,18:50 - 21:35,"751 miles, 1208 km",Airbus A320,162,CA 3726 /HO 5197 /SC 9456,,Meal (none specific),260218_ZH9536_18502135,text,True,2026-02-15T09:00:38.207300
18/2/2026,Wednesday,CAN,arrival,21:40,CZ3572,China Southern,Duration: 2h 35m,19:05 - 21:40,"734 miles, 1181 km",Boeing 737-800 Passenger,172,,,Meal (none specific),260218_CZ3572_19052140,text,True,2026-02-15T09:00:38.502142
18/2/2026,Wednesday,CAN,arrival,21:40,HU7847,Hainan Airlines,Duration: 2h 50m,18:50 - 21:40,"815 miles, 1311 km",Airbus A320neo,169,9H 7847,,Meal (none specific),260218_HU7847_18502140,text,True,2026-02-15T09:00:38.762358
18/2/2026,Wednesday,CAN,arrival,21:45,3U3052,Sichuan Airlines,Duration: 1h 55m,19:50 - 21:45,"625 miles, 1006 km",Airbus A321,194,G5 8612 /MF 5006,,Meal (none specific),260218_3U3052_19502145,text,True,2026-02-15T09:00:39.029030
18/2/2026,Wednesday,CAN,arrival,21:45,CZ6881,China Southern,Duration: 5h 0m,16:45 - 21:45,"2048 miles, 3295 km",Boeing 777-300ER,361,,,Meal (none specific),260218_CZ6881_16452145,text,True,2026-02-15T09:00:43.780118
18/2/2026,Wednesday,CAN,arrival,21:45,EK362,Emirates,Duration: 6h 55m,10:50 - 21:45,"3641 miles, 5858 km",Airbus A380-800 Passenger,510,CZ 7870,,Meal (none specific),260218_EK362_10502145,text,True,2026-02-15T09:00:44.120224
18/2/2026,Wednesday,CAN,arrival,21:50,3U6709,Sichuan Airlines,Duration: 2h 5m,19:45 - 21:50,"728 miles, 1171 km",Airbus A320,165,CZ 4845 /EU 7139 /G5 8843 /GJ 3075 /MF 5265 /MU 3275,,Meal (none specific),260218_3U6709_19452150,text,True,2026-02-15T09:00:44.453157
18/2/2026,Wednesday,CAN,arrival,21:50,CZ3696,China Southern,Duration: 2h 55m,18:55 - 21:50,"998 miles, 1606 km",Airbus A321neo,198,,,Meal (none specific),260218_CZ3696_18552150,text,True,2026-02-15T09:00:49.313723
18/2/2026,Wednesday,CAN,arrival,21:50,CZ3528,China Southern,Duration: 2h 15m,19:35 - 21:50,"567 miles, 912 km",Airbus A320,158,,,Meal (none specific),260218_CZ3528_19352150,text,True,2026-02-15T09:00:49.575460
18/2/2026,Wednesday,CAN,arrival,21:55,AQ1012,9 Air,Duration: 2h 30m,19:25 - 21:55,"751 miles, 1208 km",Boeing 737-800 Passenger,167,,,Meal (none specific),260218_AQ1012_19252155,text,True,2026-02-15T09:00:49.828905
18/2/2026,Wednesday,CAN,arrival,21:55,CZ8024,China Southern,Duration: 2h 50m,18:05 - 21:55,"1066 miles, 1715 km",Airbus A320neo,166,3U 7074,,Meal (none specific),260218_CZ8024_18052155,text,True,2026-02-15T09:00:50.135804
18/2/2026,Wednesday,CAN,arrival,21:55,CZ3848,China Southern,Duration: 2h 20m,19:35 - 21:55,"648 miles, 1043 km",Airbus A321neo,198,,,Meal (none specific),260218_CZ3848_19352155,text,True,2026-02-15T09:00:50.380643
18/2/2026,Wednesday,CAN,arrival,21:55,CZ3040,China Southern,Duration: 4h 5m,17:50 - 21:55,"1654 miles, 2661 km",Airbus A321,188,3U 7068,,Meal (none specific),260218_CZ3040_17502155,text,True,2026-02-15T09:00:50.635108
18/2/2026,Wednesday,CAN,arrival,21:55,MU2311,China Eastern,Duration: 2h 45m,19:10 - 21:55,"815 miles, 1311 km",Airbus A321,177,MF 3138,,Meal (none specific),260218_MU2311_19102155,text,True,2026-02-15T09:00:50.880510
18/2/2026,Wednesday,CAN,arrival,22:00,MU5315,China Eastern,Duration: 2h 40m,19:20 - 22:00,"734 miles, 1181 km",Airbus A321,177,HO 5372 /MF 3685,,Meal (none specific),260218_MU5315_19202200,text,True,2026-02-15T09:00:55.677301
18/2/2026,Wednesday,CAN,arrival,22:00,PN6379,West Air (China),Duration: 2h 25m,19:35 - 22:00,"792 miles, 1274 km",Airbus A320,180,,,Meal (none specific),260218_PN6379_19352200,text,True,2026-02-15T09:00:55.944036
18/2/2026,Wednesday,CAN,arrival,22:00,PN6507,West Air (China),Duration: 2h 25m,19:35 - 22:00,"852 miles, 1371 km",Airbus A320,180,,,Meal (none specific),260218_PN6507_19352200,text,True,2026-02-15T09:00:56.235237
18/2/2026,Wednesday,CAN,arrival,22:00,ZH9830,Shenzhen Airlines,Duration: 2h 40m,19:20 - 22:00,"713 miles, 1147 km",Boeing 737-800 Passenger,164,CA 3382 /HO 5245 /SC 9570,,Meal (none specific),260218_ZH9830_19202200,text,True,2026-02-15T09:00:56.504120
18/2/2026,Wednesday,CAN,arrival,22:05,CZ6064,China Southern,Duration: 3h 40m,17:25 - 22:05,"1457 miles, 2344 km",Airbus A320neo,166,3U 7046,,Meal (none specific),260218_CZ6064_17252205,text,True,2026-02-15T09:00:56.750120
18/2/2026,Wednesday,CAN,arrival,22:05,CZ8092,China Southern,Duration: 9h 50m,15:15 - 22:05,"4704 miles, 7569 km",Boeing 787-9,288,3U 7134,,Meal (none specific),260218_CZ8092_15152205,text,True,2026-02-15T09:00:56.999952
18/2/2026,Wednesday,CAN,arrival,22:05,MU5231,China Eastern,Duration: 1h 45m,20:20 - 22:05,"401 miles, 645 km",Airbus A320,158,MF 3623 /KQ 5293,,Meal (none specific),260218_MU5231_20202205,text,True,2026-02-15T09:00:57.216961
18/2/2026,Wednesday,CAN,arrival,22:05,ZH9990,Shenzhen Airlines,Duration: 2h 15m,19:50 - 22:05,"638 miles, 1027 km",Airbus A320,162,CA 3718 /SC 9674,,Meal (none specific),260218_ZH9990_19502205,text,True,2026-02-15T09:00:57.465428
18/2/2026,Wednesday,CAN,arrival,22:05,ZH9694,Shenzhen Airlines,Duration: 2h 35m,19:30 - 22:05,"748 miles, 1204 km",Airbus A320,162,CA 3672 /SC 9502,,Meal (none specific),260218_ZH9694_19302205,text,True,2026-02-15T09:00:57.719943
18/2/2026,Wednesday,CAN,arrival,22:10,CZ6737,China Southern,Duration: 1h 45m,20:25 - 22:10,"434 miles, 698 km",Airbus A321,188,,,Meal (none specific),260218_CZ6737_20252210,text,True,2026-02-15T09:01:02.467480
18/2/2026,Wednesday,CAN,arrival,22:10,ZH9674,Shenzhen Airlines,Duration: 4h 55m,17:15 - 22:10,"1725 miles, 2776 km",Airbus A320,162,CA 7958 /SC 9498,,Meal (none specific),260218_ZH9674_17152210,text,True,2026-02-15T09:01:02.719953
18/2/2026,Wednesday,CAN,arrival,22:15,3U8749,Sichuan Airlines,Duration: 2h 5m,20:10 - 22:15,"603 miles, 970 km",Airbus A321,194,CZ 9139 /EU 7343 /HO 5860 /MF 5563 /MU 3477,,Meal (none specific),260218_3U8749_20102215,text,True,2026-02-15T09:01:03.035283
18/2/2026,Wednesday,CAN,arrival,22:15,CZ3418,China Southern,Duration: 2h 45m,19:30 - 22:15,"763 miles, 1228 km",Airbus A320,158,EK 7443,,Meal (none specific),260218_CZ3418_19302215,text,True,2026-02-15T09:01:03.325134
18/2/2026,Wednesday,CAN,arrival,22:15,CZ3314,China Southern,Duration: 1h 50m,20:25 - 22:15,"534 miles, 859 km",Airbus A320neo,166,,,Meal (none specific),260218_CZ3314_20252215,text,True,2026-02-15T09:01:03.586483
18/2/2026,Wednesday,CAN,arrival,22:15,HU7352,Hainan Airlines,Duration: 2h 15m,20:00 - 22:15,"728 miles, 1171 km",Boeing 737-800 Passenger,179,,,Meal (none specific),260218_HU7352_20002215,text,True,2026-02-15T09:01:03.817636
18/2/2026,Wednesday,CAN,arrival,22:15,OQ2026,Chongqing Airlines,Duration: 2h 30m,19:45 - 22:15,"939 miles, 1511 km",Airbus A320,175,,,Meal (none specific),260218_OQ2026_19452215,text,True,2026-02-15T09:01:04.077328
18/2/2026,Wednesday,CAN,arrival,22:15,ZH9656,Shenzhen Airlines,Duration: 4h 30m,17:45 - 22:15,"1398 miles, 2249 km",Airbus A320,162,CA 3806 /SC 9494,,Meal (none specific),260218_ZH9656_17452215,text,True,2026-02-15T09:01:04.316746
18/2/2026,Wednesday,CAN,arrival,22:20,CZ3574,China Southern,Duration: 3h 35m,18:45 - 22:20,"990 miles, 1593 km",Airbus A321neo,198,,,Meal (none specific),260218_CZ3574_18452220,text,True,2026-02-15T09:01:04.562166
18/2/2026,Wednesday,CAN,arrival,22:20,CZ3712,China Southern,Duration: 3h 10m,19:10 - 22:20,"964 miles, 1551 km",Airbus A320,158,,,Meal (none specific),260218_CZ3712_19102220,text,True,2026-02-15T09:01:04.808732
18/2/2026,Wednesday,CAN,arrival,22:20,CZ3144,China Southern,Duration: 3h 30m,18:50 - 22:20,"1119 miles, 1800 km",Airbus A321,188,,,Meal (none specific),260218_CZ3144_18502220,text,True,2026-02-15T09:01:05.052192
18/2/2026,Wednesday,CAN,arrival,22:20,HU7234,Hainan Airlines,Duration: 2h 20m,20:00 - 22:20,"679 miles, 1093 km",Boeing 737-800 Passenger,179,,,Meal (none specific),260218_HU7234_20002220,text,True,2026-02-15T09:01:05.287451
18/2/2026,Wednesday,CAN,arrival,22:25,CA4328,Air China,Duration: 2h 25m,20:00 - 22:25,"763 miles, 1228 km",Airbus A321,180,ZH 4424,,Meal (none specific),260218_CA4328_20002225,text,True,2026-02-15T09:01:05.531923
18/2/2026,Wednesday,CAN,arrival,22:25,CA1830,Air China,Duration: 2h 30m,19:55 - 22:25,"734 miles, 1181 km",Airbus A330-300,302,SC 5449 /ZH 1830,,Meal (none specific),260218_CA1830_19552225,text,True,2026-02-15T09:01:05.761271
18/2/2026,Wednesday,CAN,arrival,22:25,CZ3034,China Southern,Duration: 2h 35m,18:50 - 22:25,"982 miles, 1580 km",Airbus A320neo,166,3U 7044,,Meal (none specific),260218_CZ3034_18502225,text,True,2026-02-15T09:01:06.008598
18/2/2026,Wednesday,CAN,arrival,22:25,CZ6050,China Southern,Duration: 2h 40m,18:45 - 22:25,"836 miles, 1345 km",Boeing 737-800 Passenger,172,3U 7092 /VN 3510,,Meal (none specific),260218_CZ6050_18452225,text,True,2026-02-15T09:01:06.234929
18/2/2026,Wednesday,CAN,arrival,22:25,CZ3500,China Southern,Duration: 2h 10m,20:15 - 22:25,"667 miles, 1073 km",Airbus A320neo,166,,,Meal (none specific),260218_CZ3500_20152225,text,True,2026-02-15T09:01:06.480281
18/2/2026,Wednesday,CAN,arrival,22:30,CZ8336,China Southern,Duration: 3h 25m,19:05 - 22:30,"1226 miles, 1973 km",Airbus A320neo,166,,,Meal (none specific),260218_CZ8336_19052230,text,True,2026-02-15T09:01:06.724044
18/2/2026,Wednesday,CAN,arrival,22:30,CZ3868,China Southern,Duration: 2h 20m,20:10 - 22:30,"535 miles, 861 km",Airbus A320neo,166,,,Meal (none specific),260218_CZ3868_20102230,text,True,2026-02-15T09:01:06.969183
18/2/2026,Wednesday,CAN,arrival,22:35,CZ6632,China Southern,Duration: 2h 35m,20:00 - 22:35,"792 miles, 1274 km",Boeing 737-800 Passenger,172,,,Meal (none specific),260218_CZ6632_20002235,text,True,2026-02-15T09:01:11.821274
18/2/2026,Wednesday,CAN,arrival,22:35,CZ3308,China Southern,Duration: 3h 30m,19:05 - 22:35,"1216 miles, 1957 km",Airbus A320neo,166,,,Meal (none specific),260218_CZ3308_19052235,text,True,2026-02-15T09:01:12.129234
18/2/2026,Wednesday,CAN,arrival,22:35,PN6205,West Air (China),Duration: 2h 5m,20:30 - 22:35,"603 miles, 970 km",Airbus A320,180,,,Meal (none specific),260218_PN6205_20302235,text,True,2026-02-15T09:01:17.022590
18/2/2026,Wednesday,CAN,arrival,22:40,CA1379,Air China,Duration: 3h 25m,19:15 - 22:40,"1175 miles, 1891 km",Boeing 777-300,333,UA 7512 /ZH 1379,,Meal (none specific),260218_CA1379_19152240,text,True,2026-02-15T09:01:17.289734
18/2/2026,Wednesday,CAN,arrival,22:40,CZ8302,China Southern,Duration: 4h 20m,18:20 - 22:40,"1632 miles, 2626 km",Boeing 737MAX 8 Passenger,175,MH 4484,,Meal (none specific),260218_CZ8302_18202240,text,True,2026-02-15T09:01:22.234571
18/2/2026,Wednesday,CAN,arrival,22:40,CZ3504,China Southern,Duration: 2h 35m,20:05 - 22:40,"734 miles, 1181 km",Airbus A320,158,,,Meal (none specific),260218_CZ3504_20052240,text,True,2026-02-15T09:01:22.586070
18/2/2026,Wednesday,CAN,arrival,22:45,CA8394,Air China,Duration: 3h 15m,19:30 - 22:45,"1134 miles, 1825 km",Airbus A321,180,ZH 4494,,Meal (none specific),260218_CA8394_19302245,text,True,2026-02-15T09:01:22.840635
18/2/2026,Wednesday,CAN,arrival,22:50,3U8739,Sichuan Airlines,Duration: 2h 20m,20:30 - 22:50,"763 miles, 1228 km",Airbus A321,194,CZ 9133 /EU 7337 /HO 5854 /MF 5557 /MU 3471,,Meal (none specific),260218_3U8739_20302250,text,True,2026-02-15T09:01:23.089498
18/2/2026,Wednesday,CAN,arrival,22:50,CZ5048,China Southern,Duration: 3h 50m,19:00 - 22:50,"1530 miles, 2462 km",Airbus A321neo,198,,,Meal (none specific),260218_CZ5048_19002250,text,True,2026-02-15T09:01:23.356137
18/2/2026,Wednesday,CAN,arrival,22:50,ZH9444,Shenzhen Airlines,Duration: 2h 20m,20:30 - 22:50,"728 miles, 1171 km",Airbus A320,162,CA 3830 /SC 9406,,Meal (none specific),260218_ZH9444_20302250,text,True,2026-02-15T09:01:23.658781
18/2/2026,Wednesday,CAN,arrival,22:55,HU7284,Hainan Airlines,Duration: 2h 30m,20:25 - 22:55,"792 miles, 1274 km",Boeing 737-800 Passenger,179,,,Meal (none specific),260218_HU7284_20252255,text,True,2026-02-15T09:01:23.901206
18/2/2026,Wednesday,CAN,arrival,22:55,HU7214,Hainan Airlines,Duration: 2h 15m,20:40 - 22:55,"673 miles, 1083 km",Boeing 737-800 Passenger,179,,,Meal (none specific),260218_HU7214_20402255,text,True,2026-02-15T09:01:24.172615
18/2/2026,Wednesday,CAN,arrival,22:55,HU7210,Hainan Airlines,Duration: 2h 55m,20:00 - 22:55,"964 miles, 1551 km",Boeing 787-9,290,,,Meal (none specific),260218_HU7210_20002255,text,True,2026-02-15T09:01:24.447197
18/2/2026,Wednesday,CAN,arrival,22:55,ZH9874,Shenzhen Airlines,Duration: 2h 25m,20:30 - 22:55,"673 miles, 1083 km",Boeing 737-800 Passenger,164,CA 3746 /HO 5203 /SC 9604,,Meal (none specific),260218_ZH9874_20302255,text,True,2026-02-15T09:01:24.677534
18/2/2026,Wednesday,CAN,arrival,23:00,9C7348,Spring Airlines,Duration: 3h 5m,18:55 - 23:00,"978 miles, 1574 km",Airbus A320,180,,,Meal (none specific),260218_9C7348_18552300,text,True,2026-02-15T09:01:24.925505
18/2/2026,Wednesday,CAN,arrival,23:00,CZ3514,China Southern,Duration: 2h 50m,20:10 - 23:00,"673 miles, 1083 km",Boeing 737-800 Passenger,172,,,Meal (none specific),260218_CZ3514_20102300,text,True,2026-02-15T09:01:25.149777
18/2/2026,Wednesday,CAN,arrival,23:00,CZ3218,China Southern,Duration: 3h 0m,20:00 - 23:00,"815 miles, 1311 km",Boeing 737-800 Passenger,172,,,Meal (none specific),260218_CZ3218_20002300,text,True,2026-02-15T09:01:25.402670
18/2/2026,Wednesday,CAN,arrival,23:00,FD532,Thai AirAsia,Duration: 3h 5m,18:55 - 23:00,"1062 miles, 1709 km",Airbus A320,180,,,Meal (none specific),260218_FD532_18552300,text,True,2026-02-15T09:01:25.622448
18/2/2026,Wednesday,CAN,arrival,23:00,HU7813,Hainan Airlines,Duration: 3h 30m,19:30 - 23:00,"1175 miles, 1891 km",Airbus A320neo,169,,,Meal (none specific),260218_HU7813_19302300,text,True,2026-02-15T09:01:25.877486
18/2/2026,Wednesday,CAN,arrival,23:00,ZH8694,Shenzhen Airlines,Duration: 2h 40m,20:20 - 23:00,"765 miles, 1231 km",Boeing 737-800 Passenger,164,CA 3464 /HO 5077 /SC 9138,,Meal (none specific),260218_ZH8694_20202300,text,True,2026-02-15T09:01:26.119454
18/2/2026,Wednesday,CAN,arrival,23:05,CZ364,China Southern,Duration: 3h 10m,18:55 - 23:05,"1066 miles, 1715 km",Airbus A321neo,198,3U 7042,,Meal (none specific),260218_CZ364_18552305,text,True,2026-02-15T09:01:26.379046
18/2/2026,Wednesday,CAN,arrival,23:05,MU5317,China Eastern,Duration: 2h 40m,20:25 - 23:05,"734 miles, 1181 km",Airbus A330-200,234,HO 5352 /MF 3687,,Meal (none specific),260218_MU5317_20252305,text,True,2026-02-15T09:01:35.640512
18/2/2026,Wednesday,CAN,arrival,23:05,OQ2132,Chongqing Airlines,Duration: 3h 10m,19:55 - 23:05,"1080 miles, 1738 km",Airbus A320,175,,,Meal (none specific),260218_OQ2132_19552305,text,True,2026-02-15T09:01:35.907524
18/2/2026,Wednesday,CAN,arrival,23:05,ZH8910,Shenzhen Airlines,Duration: 2h 30m,20:35 - 23:05,"748 miles, 1204 km",Airbus A320,162,CA 3340 /HO 5179 /SC 9176,,Meal (none specific),260218_ZH8910_20352305,text,True,2026-02-15T09:01:36.236094
18/2/2026,Wednesday,CAN,arrival,23:10,CZ3264,China Southern,Duration: 2h 25m,20:45 - 23:10,"643 miles, 1035 km",Airbus A321neo,198,,,Meal (none specific),260218_CZ3264_20452310,text,True,2026-02-15T09:01:36.495425
18/2/2026,Wednesday,CAN,arrival,23:10,CZ3322,China Southern,Duration: 2h 55m,20:15 - 23:10,"679 miles, 1093 km",Airbus A320,158,,,Meal (none specific),260218_CZ3322_20152310,text,True,2026-02-15T09:01:41.416287
18/2/2026,Wednesday,CAN,arrival,23:10,CZ8212,China Southern,Duration: 2h 45m,20:25 - 23:10,"751 miles, 1208 km",Airbus A321,188,,,Meal (none specific),260218_CZ8212_20252310,text,True,2026-02-15T09:01:41.658937
18/2/2026,Wednesday,CAN,arrival,23:10,CZ3362,China Southern,Duration: 2h 15m,20:55 - 23:10,"611 miles, 983 km",Boeing 737-800 Passenger,172,,,Meal (none specific),260218_CZ3362_20552310,text,True,2026-02-15T09:01:41.925367
18/2/2026,Wednesday,CAN,arrival,23:15,CA4353,Air China,Duration: 2h 10m,21:05 - 23:15,"603 miles, 970 km",Boeing 737-800 Passenger,167,SC 5229 /ZH 4449,,Meal (none specific),260218_CA4353_21052315,text,True,2026-02-15T09:01:42.184744
18/2/2026,Wednesday,CAN,arrival,23:15,OQ2325,Chongqing Airlines,Duration: 2h 20m,20:55 - 23:15,"603 miles, 970 km",Airbus A320,175,,,Meal (none specific),260218_OQ2325_20552315,text,True,2026-02-15T09:01:42.444596
18/2/2026,Wednesday,CAN,arrival,23:20,CZ3818,China Southern,Duration: 2h 40m,20:40 - 23:20,"638 miles, 1027 km",Airbus A320,158,,,Meal (none specific),260218_CZ3818_20402320,text,True,2026-02-15T09:01:42.731426
18/2/2026,Wednesday,CAN,arrival,23:20,CZ5670,China Southern,Duration: 3h 0m,20:20 - 23:20,"866 miles, 1393 km",Airbus A320,158,,,Meal (none specific),260218_CZ5670_20202320,text,True,2026-02-15T09:01:42.961710
18/2/2026,Wednesday,CAN,arrival,23:20,OQ2136,Chongqing Airlines,Duration: 3h 20m,20:00 - 23:20,"1027 miles, 1652 km",Airbus A320,175,,,Meal (none specific),260218_OQ2136_20002320,text,True,2026-02-15T09:01:52.082809
18/2/2026,Wednesday,CAN,arrival,23:25,CA4584,Air China,Duration: 2h 25m,21:00 - 23:25,"679 miles, 1093 km",Airbus A321,180,ZH 4834,,Meal (none specific),260218_CA4584_21002325,text,True,2026-02-15T09:01:52.410344
18/2/2026,Wednesday,CAN,arrival,23:25,CZ6779,China Southern,Duration: 1h 25m,22:00 - 23:25,"302 miles, 486 km",Airbus A320,158,,,Meal (none specific),260218_CZ6779_22002325,text,True,2026-02-15T09:01:52.682718
18/2/2026,Wednesday,CAN,arrival,23:25,HU7011,Hainan Airlines,Duration: 1h 20m,22:05 - 23:25,"302 miles, 486 km",Boeing 737-800 Passenger,179,,,Meal (none specific),260218_HU7011_22052325,text,True,2026-02-15T09:01:57.676671
18/2/2026,Wednesday,CAN,arrival,23:25,JD5166,Capital Airlines,Duration: 4h 30m,18:55 - 23:25,"1725 miles, 2776 km",Airbus A321,176,,,Meal (none specific),260218_JD5166_18552325,text,True,2026-02-15T09:01:57.931250
18/2/2026,Wednesday,CAN,arrival,23:30,CZ3266,China Southern,Duration: 2h 15m,21:15 - 23:30,"691 miles, 1112 km",Airbus A320,158,,,Meal (none specific),260218_CZ3266_21152330,text,True,2026-02-15T09:01:58.222062
18/2/2026,Wednesday,CAN,arrival,23:30,CZ3294,China Southern,Duration: 2h 5m,21:25 - 23:30,"679 miles, 1093 km",Airbus A321neo,198,,,Meal (none specific),260218_CZ3294_21252330,text,True,2026-02-15T09:01:58.476725
18/2/2026,Wednesday,CAN,arrival,23:30,CZ5466,China Southern,Duration: 3h 40m,19:50 - 23:30,"1085 miles, 1746 km",Airbus A321,188,,,Meal (none specific),260218_CZ5466_19502330,text,True,2026-02-15T09:01:58.737893
18/2/2026,Wednesday,CAN,arrival,23:35,9C7396,Spring Airlines,Duration: 3h 30m,20:05 - 23:35,"1080 miles, 1738 km",Airbus A320,180,,,Meal (none specific),260218_9C7396_20052335,text,True,2026-02-15T09:01:58.967968
18/2/2026,Wednesday,CAN,arrival,23:35,CZ3810,China Southern,Duration: 2h 20m,21:15 - 23:35,"567 miles, 912 km",Airbus A320,158,,,Meal (none specific),260218_CZ3810_21152335,text,True,2026-02-15T09:01:59.204505
18/2/2026,Wednesday,CAN,arrival,23:35,OQ2106,Chongqing Airlines,Duration: 2h 20m,21:15 - 23:35,"806 miles, 1297 km",Airbus A320,175,,,Meal (none specific),260218_OQ2106_21152335,text,True,2026-02-15T09:01:59.529109
18/2/2026,Wednesday,CAN,arrival,23:35,ZH9994,Shenzhen Airlines,Duration: 3h 30m,20:05 - 23:35,"990 miles, 1593 km",Airbus A320,162,CA 3802 /SC 9676,,Meal (none specific),260218_ZH9994_20052335,text,True,2026-02-15T09:01:59.773854
18/2/2026,Wednesday,CAN,arrival,23:35,ZH9832,Shenzhen Airlines,Duration: 2h 35m,21:00 - 23:35,"713 miles, 1147 km",Boeing 737-800 Passenger,164,CA 3378 /HO 5247 /SC 9572,,Meal (none specific),260218_ZH9832_21002335,text,True,2026-02-15T09:02:00.026242
18/2/2026,Wednesday,CAN,arrival,23:40,CZ3395,China Southern,Duration: 2h 30m,21:10 - 23:40,"792 miles, 1274 km",Boeing 737-800 Passenger,172,,,Meal (none specific),260218_CZ3395_21102340,text,True,2026-02-15T09:02:00.286938
18/2/2026,Wednesday,CAN,arrival,23:45,AQ1112,9 Air,Duration: 1h 45m,22:00 - 23:45,"434 miles, 698 km",Boeing 737-800 Passenger,167,,,Meal (none specific),260218_AQ1112_22002345,text,True,2026-02-15T09:02:00.520217
18/2/2026,Wednesday,CAN,arrival,23:45,CZ8020,China Southern,Duration: 2h 50m,19:55 - 23:45,"1066 miles, 1715 km",Airbus A320neo,166,3U 7008,,Meal (none specific),260218_CZ8020_19552345,text,True,2026-02-15T09:02:00.774404
18/2/2026,Wednesday,CAN,arrival,23:45,CZ3178,China Southern,Duration: 3h 15m,20:30 - 23:45,"1134 miles, 1825 km",Boeing 777-300ER,361,,,Meal (none specific),260218_CZ3178_20302345,text,True,2026-02-15T09:02:01.020555
18/2/2026,Wednesday,CAN,arrival,23:45,ZH9984,Shenzhen Airlines,Duration: 2h 20m,21:25 - 23:45,"648 miles, 1043 km",Airbus A320,162,CA 3384 /HO 5123 /SC 9670,,Meal (none specific),260218_ZH9984_21252345,text,True,2026-02-15T09:02:01.286729
18/2/2026,Wednesday,CAN,arrival,23:50,CZ3248,China Southern,Duration: 1h 45m,22:05 - 23:50,"408 miles, 656 km",Airbus A320,158,,,Meal (none specific),260218_CZ3248_22052350,text,True,2026-02-15T09:02:01.517955
18/2/2026,Wednesday,CAN,arrival,23:50,CZ6377,China Southern,Duration: 4h 55m,18:55 - 23:50,"1596 miles, 2568 km",Airbus A320neo,166,,,Meal (none specific),260218_CZ6377_18552350,text,True,2026-02-15T09:02:01.761587
18/2/2026,Wednesday,CAN,arrival,23:50,CZ3952,China Southern,Duration: 2h 55m,20:55 - 23:50,"998 miles, 1606 km",Airbus A321neo,198,,,Meal (none specific),260218_CZ3952_20552350,text,True,2026-02-15T09:02:02.010225
18/2/2026,Wednesday,CAN,arrival,23:50,CZ3204,China Southern,Duration: 2h 50m,21:00 - 23:50,"815 miles, 1311 km",Airbus A321neo,198,,,Meal (none specific),260218_CZ3204_21002350,text,True,2026-02-15T09:02:02.246320
18/2/2026,Wednesday,CAN,arrival,23:50,HU7250,Hainan Airlines,Duration: 2h 50m,21:00 - 23:50,"998 miles, 1606 km",Boeing 737-800 Passenger,179,,,Meal (none specific),260218_HU7250_21002350,text,True,2026-02-15T09:02:02.483086
18/2/2026,Wednesday,CAN,arrival,23:50,ZH9696,Shenzhen Airlines,Duration: 4h 20m,19:30 - 23:50,"1596 miles, 2568 km",Airbus A320,162,CA 3836 /SC 9504,,Meal (none specific),260218_ZH9696_19302350,text,True,2026-02-15T09:02:02.714245
18/2/2026,Wednesday,CAN,arrival,23:55,CZ6486,China Southern,Duration: 3h 55m,20:00 - 23:55,"1186 miles, 1908 km",Airbus A320,158,,,Meal (none specific),260218_CZ6486_20002355,text,True,2026-02-15T09:02:02.964435
18/2/2026,Wednesday,CAN,arrival,23:55,CZ6887,China Southern,Duration: 5h 10m,18:45 - 23:55,"2048 miles, 3295 km",Boeing 737MAX 8 Passenger,175,,,Meal (none specific),260218_CZ6887_18452355,text,True,2026-02-15T09:02:03.221996
18/2/2026,Wednesday,CAN,arrival,23:55,HU7288,Hainan Airlines,Duration: 2h 40m,21:15 - 23:55,"792 miles, 1274 km",Airbus A320neo,169,,,Meal (none specific),260218_HU7288_21152355,text,True,2026-02-15T09:02:03.458572
18/2/2026,Wednesday,CAN,arrival,23:55,HU7815,Hainan Airlines,Duration: 3h 25m,20:30 - 23:55,"1175 miles, 1891 km",Boeing 787-9,290,,,Meal (none specific),260218_HU7815_20302355,text,True,2026-02-15T09:02:03.713452
18/2/2026,Wednesday,CAN,arrival,23:55,ZH9876,Shenzhen Airlines,Duration: 2h 30m,21:25 - 23:55,"673 miles, 1083 km",Boeing 737-800 Passenger,164,CA 3754 /HO 5205 /SC 9606,,Meal (none specific),260218_ZH9876_21252355,text,True,2026-02-15T09:02:03.956758
18/2/2026,Wednesday,CAN,arrival,23:55,ZH9964,Shenzhen Airlines,Duration: 2h 0m,21:55 - 23:55,"567 miles, 912 km",Airbus A320,162,CA 3614 /SC 9660,,Meal (none specific),260218_ZH9964_21552355,text,True,2026-02-15T09:02:04.222315
18/2/2026,Wednesday,CAN,arrival,,CZ6664,,,,,,,,,,,recovery,True,2026-02-15T09:02:04.426713
18/2/2026,Wednesday,CAN,arrival,,CZ3302,,,,,,,,,,,recovery,True,2026-02-15T09:02:04.426713
18/2/2026,Wednesday,CAN,arrival,,CZ6488,,,,,,,,,,,recovery,True,2026-02-15T09:02:04.426713
18/2/2026,Wednesday,CAN,arrival,,8B167,,,,,,,,,,,recovery,True,2026-02-15T09:02:04.426713
18/2/2026,Wednesday,CAN,arrival,,CZ3236,,,,,,,,,,,recovery,True,2026-02-15T09:02:04.426713
18/2/2026,Wednesday,CAN,arrival,,CZ3934,,,,,,,,,,,recovery,True,2026-02-15T09:02:04.426713
18/2/2026,Wednesday,CAN,arrival,,CZ3100,,,,,,,,,,,recovery,True,2026-02-15T09:02:04.426713
18/2/2026,Wednesday,CAN,arrival,,CZ3347,,,,,,,,,,,recovery,True,2026-02-15T09:02:04.426713
18/2/2026,Wednesday,CAN,arrival,,CZ3303,,,,,,,,,,,recovery,True,2026-02-15T09:02:04.426713
18/2/2026,Wednesday,CAN,arrival,,CZ3502,,,,,,,,,,,recovery,True,2026-02-15T09:02:04.426713
18/2/2026,Wednesday,CAN,arrival,,CZ382,,,,,,,,,,,recovery,True,2026-02-15T09:02:04.426713
18/2/2026,Wednesday,CAN,arrival,,CZ3856,,,,,,,,,,,recovery,True,2026-02-15T09:02:04.426713
18/2/2026,Wednesday,CAN,arrival,,CZ3891,,,,,,,,,,,recovery,True,2026-02-15T09:02:04.426713
18/2/2026,Wednesday,CAN,arrival,,CZ656,,,,,,,,,,,recovery,True,2026-02-15T09:02:04.426713
18/2/2026,Wednesday,CAN,arrival,,CZ3136,,,,,,,,,,,recovery,True,2026-02-15T09:02:04.426713
18/2/2026,Wednesday,CAN,arrival,,CZ3316,,,,,,,,,,,recovery,True,2026-02-15T09:02:04.426713
18/2/2026,Wednesday,CAN,arrival,,CZ3878,,,,,,,,,,,recovery,True,2026-02-15T09:02:04.426713
18/2/2026,Wednesday,CAN,arrival,,CZ3895,,,,,,,,,,,recovery,True,2026-02-15T09:02:04.426713
18/2/2026,Wednesday,CAN,arrival,,CZ3922,,,,,,,,,,,recovery,True,2026-02-15T09:02:04.426713
18/2/2026,Wednesday,CAN,arrival,,CZ8294,,,,,,,,,,,recovery,True,2026-02-15T09:02:04.426713
18/2/2026,Wednesday,CAN,arrival,,CZ3332,,,,,,,,,,,recovery,True,2026-02-15T09:02:04.426713
18/2/2026,Wednesday,CAN,arrival,,CZ3958,,,,,,,,,,,recovery,True,2026-02-15T09:02:04.426713
18/2/2026,Wednesday,CAN,arrival,,MU2303,,,,,,,,,,,recovery,True,2026-02-15T09:02:04.426713
18/2/2026,Wednesday,CAN,arrival,,CZ3208,,,,,,,,,,,recovery,True,2026-02-15T09:02:04.426713
18/2/2026,Wednesday,CAN,arrival,,CZ3648,,,,,,,,,,,recovery,True,2026-02-15T09:02:04.426713
18/2/2026,Wednesday,CAN,arrival,,CZ3893,,,,,,,,,,,recovery,True,2026-02-15T09:02:04.426713
18/2/2026,Wednesday,CAN,arrival,,CZ8532,,,,,,,,,,,recovery,True,2026-02-15T09:02:04.426713
18/2/2026,Wednesday,CAN,arrival,,CZ3268,,,,,,,,,,,recovery,True,2026-02-15T09:02:04.426713
18/2/2026,Wednesday,CAN,arrival,,CZ8216,,,,,,,,,,,recovery,True,2026-02-15T09:02:04.426713
18/2/2026,Wednesday,CAN,arrival,,CZ3636,,,,,,,,,,,recovery,True,2026-02-15T09:02:04.426713
18/2/2026,Wednesday,CAN,arrival,,CZ326,,,,,,,,,,,recovery,True,2026-02-15T09:02:04.426713
18/2/2026,Wednesday,CAN,arrival,,CZ3344,,,,,,,,,,,recovery,True,2026-02-15T09:02:04.426713
18/2/2026,Wednesday,CAN,arrival,,CZ3844,,,,,,,,,,,recovery,True,2026-02-15T09:02:04.426713
18/2/2026,Wednesday,CAN,arrival,,CZ3345,,,,,,,,,,,recovery,True,2026-02-15T09:02:04.426713
18/2/2026,Wednesday,CAN,arrival,,CZ3864,,,,,,,,,,,recovery,True,2026-02-15T09:02:04.426713
18/2/2026,Wednesday,CAN,arrival,,CA1359,,,,,,,,,,,recovery,True,2026-02-15T09:02:04.426713
18/2/2026,Wednesday,CAN,arrival,,CZ3908,,,,,,,,,,,recovery,True,2026-02-15T09:02:04.426713
18/2/2026,Wednesday,CAN,arrival,,CZ8608,,,,,,,,,,,recovery,True,2026-02-15T09:02:04.426713
18/2/2026,Wednesday,CAN,arrival,,CZ3110,,,,,,,,,,,recovery,True,2026-02-15T09:02:04.426713
18/2/2026,Wednesday,CAN,arrival,,CZ3778,,,,,,,,,,,recovery,True,2026-02-15T09:02:04.426713
18/2/2026,Wednesday,CAN,arrival,,CZ3400,,,,,,,,,,,recovery,True,2026-02-15T09:02:04.426713
18/2/2026,Wednesday,CAN,arrival,,CZ3506,,,,,,,,,,,recovery,True,2026-02-15T09:02:04.426713
18/2/2026,Wednesday,CAN,arrival,,CZ3986,,,,,,,,,,,recovery,True,2026-02-15T09:02:04.426713
18/2/2026,Wednesday,CAN,arrival,,CZ3942,,,,,,,,,,,recovery,True,2026-02-15T09:02:04.426713
18/2/2026,Wednesday,CAN,arrival,,CZ3334,,,,,,,,,,,recovery,True,2026-02-15T09:02:04.426713
18/2/2026,Wednesday,CAN,arrival,,CZ8214,,,,,,,,,,,recovery,True,2026-02-15T09:02:04.426713
18/2/2026,Wednesday,CAN,arrival,,CZ3806,,,,,,,,,,,recovery,True,2026-02-15T09:02:04.426713
18/2/2026,Wednesday,CAN,arrival,,CZ3440,,,,,,,,,,,recovery,True,2026-02-15T09:02:04.426713
18/2/2026,Wednesday,CAN,arrival,,CZ6068,,,,,,,,,,,recovery,True,2026-02-15T09:02:04.426713
18/2/2026,Wednesday,CAN,arrival,,CA1315,,,,,,,,,,,recovery,True,2026-02-15T09:02:04.426713
18/2/2026,Wednesday,CAN,arrival,,CZ3900,,,,,,,,,,,recovery,True,2026-02-15T09:02:04.426713
18/2/2026,Wednesday,CAN,arrival,,CZ3284,,,,,,,,,,,recovery,True,2026-02-15T09:02:04.426713
18/2/2026,Wednesday,CAN,arrival,,CZ8246,,,,,,,,,,,recovery,True,2026-02-15T09:02:04.426713
18/2/2026,Wednesday,CAN,arrival,,CZ3379,,,,,,,,,,,recovery,True,2026-02-15T09:02:04.426713
18/2/2026,Wednesday,CAN,arrival,,CZ3830,,,,,,,,,,,recovery,True,2026-02-15T09:02:04.426713
18/2/2026,Wednesday,CAN,arrival,,CZ3387,,,,,,,,,,,recovery,True,2026-02-15T09:02:04.426713
18/2/2026,Wednesday,CAN,arrival,,CZ322,,,,,,,,,,,recovery,True,2026-02-15T09:02:04.426713
18/2/2026,Wednesday,CAN,arrival,,CZ8928,,,,,,,,,,,recovery,True,2026-02-15T09:02:04.426713
18/2/2026,Wednesday,CAN,arrival,,CZ3742,,,,,,,,,,,recovery,True,2026-02-15T09:02:04.426713
18/2/2026,Wednesday,CAN,arrival,,CZ3384,,,,,,,,,,,recovery,True,2026-02-15T09:02:04.426713
18/2/2026,Wednesday,CAN,arrival,,CZ3295,,,,,,,,,,,recovery,True,2026-02-15T09:02:04.426713
18/2/2026,Wednesday,CAN,arrival,,CZ6242,,,,,,,,,,,recovery,True,2026-02-15T09:02:04.426713
