date,day_name,airport,direction,time,flight,airline,duration,time_range,distance,aircraft,seats,codeshare,meals,uid,airline_source,page_date_verified,scraped_at
15/3/2026,Sunday,BKK,arrival,00:00,9C8755,Spring Airlines,5h 5m,19:55 - 00:00,"1809 miles, 2911 km",Airbus A320,180,,Meal (none specific),260315_9C8755_19550000,text,True,2026-02-14T16:11:16.831591
15/3/2026,Sunday,BKK,arrival,00:05,MU2071,China Eastern,5h 10m,19:55 - 00:05,"2034 miles, 3273 km",Airbus A320neo,158,,Meal (none specific),260315_MU2071_19550005,text,True,2026-02-14T16:11:17.091679
15/3/2026,Sunday,BKK,arrival,00:10,3U3937,Sichuan Airlines,3h 20m,21:50 - 00:10,"1178 miles, 1895 km",Airbus A320,165,CZ 1532,Meal (none specific),260315_3U3937_21500010,text,True,2026-02-14T16:11:17.340678
15/3/2026,Sunday,BKK,arrival,00:10,CA979,Air China,5h 10m,20:00 - 00:10,"2073 miles, 3335 km",Airbus A330-300,302,,Meal (none specific),260315_CA979_20000010,text,True,2026-02-14T16:11:17.595721
15/3/2026,Sunday,BKK,arrival,00:10,FD4103,Thai AirAsia,1h 20m,22:50 - 00:10,"373 miles, 600 km",Airbus A320,180,,Meal (none specific),260315_FD4103_22500010,text,True,2026-02-14T16:11:17.833569
15/3/2026,Sunday,BKK,arrival,00:10,TW101,T´Way Air,6h 20m,19:50 - 00:10,"2291 miles, 3686 km",Boeing 737-800 Passenger,189,H1 5850,Meal (none specific),260315_TW101_19500010,text,True,2026-02-14T16:11:18.088016
15/3/2026,Sunday,BKK,arrival,00:15,CX617,Cathay Pacific,3h 5m,22:10 - 00:15,"1055 miles, 1697 km",Airbus A330-300,286,AA 8919 /AC 9763 /AY 5129 /OM 5635 /PG 4570 /QR 3452,Meal (none specific),260315_CX617_22100015,text,True,2026-02-14T16:11:18.332175
15/3/2026,Sunday,BKK,arrival,00:20,NH805,ANA,7h 25m,18:55 - 00:20,"2905 miles, 4674 km",Boeing 787-9,324,UA 7971 /AC 6251 /ET 1411 /TG 6005,Meal (none specific),260315_NH805_18550020,text,True,2026-02-14T16:11:18.581049
15/3/2026,Sunday,BKK,arrival,00:25,HX779,Hong Kong Airlines,3h 20m,22:05 - 00:25,"1055 miles, 1697 km",Airbus A330-300,293,,Meal (none specific),260315_HX779_22050025,text,True,2026-02-14T16:11:18.829542
15/3/2026,Sunday,BKK,arrival,00:35,ET629,Ethiopian,3h 45m,20:50 - 00:35,"1434 miles, 2307 km",Boeing 787-9,315,,Meal (none specific),260315_ET629_20500035,text,True,2026-02-14T16:11:19.091825
15/3/2026,Sunday,BKK,arrival,00:45,KE659,Korean Air,6h 10m,20:35 - 00:45,"2291 miles, 3686 km",Boeing 787-10,325,HA 6011 /DL 7917,Meal (none specific),260315_KE659_20350045,text,True,2026-02-14T16:11:19.353221
15/3/2026,Sunday,BKK,arrival,00:45,MF843,XiamenAir,3h 30m,22:15 - 00:45,"1365 miles, 2196 km",Boeing 737-800 Passenger,172,PG 4264,Meal (none specific),260315_MF843_22150045,text,True,2026-02-14T16:11:19.597842
15/3/2026,Sunday,BKK,arrival,00:50,HO1357,Juneyao Airlines,4h 50m,21:00 - 00:50,"1809 miles, 2911 km",Airbus A320,159,MU 3975,Meal (none specific),260315_HO1357_21000050,text,True,2026-02-14T16:11:19.827624
15/3/2026,Sunday,BKK,arrival,00:55,FM849,Shanghai Airlines,4h 50m,21:05 - 00:55,"1809 miles, 2911 km",Boeing 737-500 (winglets) Passenger,166,MU 8351,Meal (none specific),260315_FM849_21050055,text,True,2026-02-14T16:11:20.072650
15/3/2026,Sunday,BKK,arrival,00:55,KE655,Korean Air,6h 5m,20:50 - 00:55,"2291 miles, 3686 km",Airbus A321neo,182,WS 6078 /DL 7921,Meal (none specific),260315_KE655_20500055,text,True,2026-02-14T16:11:20.311145
15/3/2026,Sunday,BKK,arrival,01:05,CZ3035,China Southern,3h 5m,23:00 - 01:05,"1066 miles, 1715 km",Boeing 737-800 Passenger,172,3U 7071,Meal (none specific),260315_CZ3035_23000105,text,True,2026-02-14T16:11:20.560715
15/3/2026,Sunday,BKK,arrival,01:10,EK371,Emirates,1h 20m,23:50 - 01:10,"235 miles, 378 km",Boeing 777-300ER,355,QF 8371,Meal (none specific),260315_EK371_23500110,text,True,2026-02-14T16:11:20.818537
15/3/2026,Sunday,BKK,arrival,01:20,8M390,MAI,1h 20m,23:30 - 01:20,"381 miles, 613 km",Airbus A319,134,,Meal (none specific),260315_8M390_23300120,text,True,2026-02-14T16:11:21.057611
15/3/2026,Sunday,BKK,arrival,01:20,MU2803,China Eastern,4h 35m,21:45 - 01:20,"1704 miles, 2742 km",Airbus A320neo,158,,Meal (none specific),260315_MU2803_21450120,text,True,2026-02-14T16:11:21.305798
15/3/2026,Sunday,BKK,arrival,01:25,BR61,EVA Air,3h 55m,22:30 - 01:25,"1554 miles, 2500 km",Boeing 787-10,342,AI 7061 /TG 6313 /TK 9473,Meal (none specific),260315_BR61_22300125,text,True,2026-02-14T16:11:21.542743
15/3/2026,Sunday,BKK,arrival,01:25,SC4079,Shandong Airlines,5h 20m,21:05 - 01:25,"1988 miles, 3199 km",Boeing 737-800 Passenger,167,CA 8869,Meal (none specific),260315_SC4079_21050125,text,True,2026-02-14T16:11:21.789814
15/3/2026,Sunday,BKK,arrival,01:30,CA805,Air China,4h 35m,21:55 - 01:30,"1809 miles, 2911 km",Airbus A320,158,,Meal (none specific),260315_CA805_21550130,text,True,2026-02-14T16:11:22.050854
15/3/2026,Sunday,BKK,arrival,01:30,KU413,Kuwait Airways,6h 45m,14:45 - 01:30,"3547 miles, 5707 km",Boeing 777-300ER,334,TG 4632 /A3 1182,Meal (none specific),260315_KU413_14450130,text,True,2026-02-14T16:11:22.291850
15/3/2026,Sunday,BKK,arrival,01:30,TW105,T´Way Air,6h 5m,21:25 - 01:30,"2325 miles, 3741 km",Boeing 737-800 Passenger,189,H1 5960,Meal (none specific),260315_TW105_21250130,text,True,2026-02-14T16:11:22.518565
15/3/2026,Sunday,BKK,arrival,01:35,CI837,China Airlines,4h 5m,22:30 - 01:35,"1554 miles, 2500 km",Airbus A321neo,185,PG 4906,Meal (none specific),260315_CI837_22300135,text,True,2026-02-14T16:11:22.756000
15/3/2026,Sunday,BKK,arrival,01:40,CZ8157,China Southern,3h 5m,23:35 - 01:40,"1062 miles, 1709 km",Airbus A320neo,166,,Meal (none specific),260315_CZ8157_23350140,text,True,2026-02-14T16:11:22.997737
15/3/2026,Sunday,BKK,arrival,01:50,CZ3079,China Southern,4h 25m,22:25 - 01:50,"1675 miles, 2695 km",Boeing 737-800 Passenger,172,,Meal (none specific),260315_CZ3079_22250150,text,True,2026-02-14T16:11:23.251726
15/3/2026,Sunday,BKK,arrival,01:55,FM841,Shanghai Airlines,4h 35m,22:20 - 01:55,"1809 miles, 2911 km",Boeing 737 Mixed Configuration,76,MU 8607,Meal (none specific),260315_FM841_22200155,text,True,2026-02-14T16:11:23.502753
15/3/2026,Sunday,BKK,arrival,02:05,MU2077,China Eastern,3h 0m,00:05 - 02:05,"1066 miles, 1715 km",Boeing 737-200 Mixed Configuration,75,,Meal (none specific),260315_MU2077_00050205,text,True,2026-02-14T16:11:23.752857
15/3/2026,Sunday,BKK,arrival,02:15,ZH305,Shenzhen Airlines,2h 55m,00:20 - 02:15,"1062 miles, 1709 km",Airbus A320,162,CA 7979 /TG 6455,Meal (none specific),260315_ZH305_00200215,text,True,2026-02-14T16:11:23.996401
15/3/2026,Sunday,BKK,arrival,02:20,CA715,Air China,4h 20m,23:00 - 02:20,"1706 miles, 2745 km",Airbus A320,158,SC 131,Meal (none specific),260315_CA715_23000220,text,True,2026-02-14T16:11:24.226728
15/3/2026,Sunday,BKK,arrival,02:35,5J931,Cebu Pacific,3h 50m,23:45 - 02:35,"1366 miles, 2198 km",Airbus A330-900neo,459,,Meal (none specific),260315_5J931_23450235,text,True,2026-02-14T16:11:24.467738
15/3/2026,Sunday,BKK,arrival,04:05,FM847,Shanghai Airlines,4h 50m,00:15 - 04:05,"1809 miles, 2911 km",Boeing 737 Mixed Configuration,76,MU 8653,Meal (none specific),260315_FM847_00150405,text,True,2026-02-14T16:11:24.708792
15/3/2026,Sunday,BKK,arrival,04:20,TK58,Turkish Airlines,8h 50m,15:30 - 04:20,"4694 miles, 7553 km",Boeing 787-9,300,TG 7548,Meal (none specific),260315_TK58_15300420,text,True,2026-02-14T16:11:24.948738
15/3/2026,Sunday,BKK,arrival,04:50,6E1911,IndiGo,2h 45m,00:35 - 04:50,"1022 miles, 1644 km",Airbus A320neo,180,,Meal (none specific),260315_6E1911_00350450,text,True,2026-02-14T16:11:25.190928
15/3/2026,Sunday,BKK,arrival,05:00,JL727,JAL,6h 15m,00:45 - 05:00,"2599 miles, 4182 km",Boeing 787-8,211,UL 3345 /PG 4170 /AS 7341 /HA 5378 /6E 3810,Meal (none specific),260315_JL727_00450500,text,True,2026-02-14T16:11:25.432014
15/3/2026,Sunday,BKK,arrival,05:05,JL33,JAL,6h 55m,00:10 - 05:05,"2867 miles, 4613 km",Boeing 787-9,210,AA 8485 /AS 7337 /HA 5004 /PG 4152 /UL 3357 /6E 3807 /KC 1033,Meal (none specific),260315_JL33_00100505,text,True,2026-02-14T16:11:25.682924
15/3/2026,Sunday,BKK,arrival,05:05,TG318,Thai Airways,4h 15m,23:20 - 05:05,"1894 miles, 3047 km",Airbus A330-300,281,AC 7447 /BR 3408 /NH 5950 /OZ 6775,Meal (none specific),260315_TG318_23200505,text,True,2026-02-14T16:11:25.925750
15/3/2026,Sunday,BKK,arrival,05:10,NH849,ANA,7h 5m,00:05 - 05:10,"2867 miles, 4613 km",Boeing 787-9,249,UA 8003 /AC 6273 /TG 6106,Meal (none specific),260315_NH849_00050510,text,True,2026-02-14T16:11:26.157539
15/3/2026,Sunday,BKK,arrival,05:10,TG310,Thai Airways,3h 30m,00:25 - 05:10,"1393 miles, 2241 km",Airbus A330-300,281,,Meal (none specific),260315_TG310_00250510,text,True,2026-02-14T16:11:26.387971
15/3/2026,Sunday,BKK,arrival,05:20,TG901,Thai Airways,8h 50m,16:30 - 05:20,"4694 miles, 7553 km",Airbus A350-900,327,TK 4521,Meal (none specific),260315_TG901_16300520,text,True,2026-02-14T16:11:26.622825
15/3/2026,Sunday,BKK,arrival,05:25,TG661,Thai Airways,7h 5m,00:20 - 05:25,"2867 miles, 4613 km",Airbus A350-900,327,NH 5965,Meal (none specific),260315_TG661_00200525,text,True,2026-02-14T16:11:26.871025
15/3/2026,Sunday,BKK,arrival,05:30,TG340,Thai Airways,2h 30m,02:00 - 05:30,"979 miles, 1575 km",Airbus A320,156,AC 7423 /PG 4824,Meal (none specific),260315_TG340_02000530,text,True,2026-02-14T16:11:27.116313
15/3/2026,Sunday,BKK,arrival,05:30,VZ3719,Vietjet Thailand,5h 15m,01:15 - 05:30,"2034 miles, 3273 km",Airbus A320,180,,Meal (none specific),260315_VZ3719_01150530,text,True,2026-02-14T16:11:27.347854
15/3/2026,Sunday,BKK,arrival,05:35,VZ751,Vietjet Thailand,4h 10m,23:55 - 05:35,"1961 miles, 3155 km",Airbus A320,180,,Meal (none specific),260315_VZ751_23550535,text,True,2026-02-14T16:11:27.573825
15/3/2026,Sunday,BKK,arrival,05:40,TG462,Thai Airways,9h 10m,00:30 - 05:40,"4581 miles, 7371 km",Airbus A350-900,327,GF 6362 /LY 8416 /TK 8005 /WY 5907,Meal (none specific),260315_TG462_00300540,text,True,2026-02-14T16:11:27.816543
15/3/2026,Sunday,BKK,arrival,05:45,TG961,Thai Airways,10h 45m,13:00 - 05:45,"5183 miles, 8339 km",Airbus A350-900,327,AC 7456,Meal (none specific),260315_TG961_13000545,text,True,2026-02-14T16:11:28.044535
15/3/2026,Sunday,BKK,arrival,05:50,TG314,Thai Airways,2h 25m,01:55 - 05:50,"1022 miles, 1644 km",Airbus A320,156,AC 7434 /NH 5948,Meal (none specific),260315_TG314_01550550,text,True,2026-02-14T16:11:28.287695
15/3/2026,Sunday,BKK,arrival,05:55,TG338,Thai Airways,3h 25m,01:00 - 05:55,"1390 miles, 2237 km",Airbus A330-300,281,AC 7446 /NH 5978 /OZ 6777,Meal (none specific),260315_TG338_01000555,text,True,2026-02-14T16:11:28.516028
15/3/2026,Sunday,BKK,arrival,05:55,TG941,Thai Airways,10h 50m,13:05 - 05:55,"5673 miles, 9128 km",Boeing 787-9,293,TP 8375,Meal (none specific),260315_TG941_13050555,text,True,2026-02-14T16:11:28.747704
15/3/2026,Sunday,BKK,arrival,06:00,TG931,Thai Airways,11h 30m,12:30 - 06:00,"5903 miles, 9498 km",Boeing 777-300ER,339,,Meal (none specific),260315_TG931_12300600,text,True,2026-02-14T16:11:28.985552
15/3/2026,Sunday,BKK,arrival,06:05,AY141,Finnair,11h 15m,13:50 - 06:05,"4941 miles, 7950 km",Airbus A350-900,300,,Meal (none specific),260315_AY141_13500605,text,True,2026-02-14T16:11:29.227921
15/3/2026,Sunday,BKK,arrival,06:05,TG316,Thai Airways,4h 15m,00:20 - 06:05,"1842 miles, 2964 km",Boeing 777-300ER,339,AC 7440 /NH 5944,Meal (none specific),260315_TG316_00200605,text,True,2026-02-14T16:11:29.466754
15/3/2026,Sunday,BKK,arrival,06:10,TG935,Thai Airways,11h 0m,13:10 - 06:10,"5787 miles, 9311 km",Boeing 787-8,256,TP 8369,Meal (none specific),260315_TG935_13100610,text,True,2026-02-14T16:11:29.719552
15/3/2026,Sunday,BKK,arrival,06:10,TG308,Thai Airways,3h 40m,01:00 - 06:10,"1494 miles, 2404 km",Airbus A320,156,AC 7442 /OZ 6779,Meal (none specific),260315_TG308_01000610,text,True,2026-02-14T16:11:29.955581
15/3/2026,Sunday,BKK,arrival,06:10,TG342,Thai Airways,4h 35m,23:35 - 06:10,"2328 miles, 3746 km",Boeing 787-8,256,AC 7414,Meal (none specific),260315_TG342_23350610,text,True,2026-02-14T16:11:30.199493
15/3/2026,Sunday,BKK,arrival,06:10,TG346,Thai Airways,4h 25m,23:45 - 06:10,"2085 miles, 3355 km",Airbus A350-900,327,AC 7416 /OZ 9410,Meal (none specific),260315_TG346_23450610,text,True,2026-02-14T16:11:30.431027
15/3/2026,Sunday,BKK,arrival,06:10,TG925,Thai Airways,10h 35m,13:35 - 06:10,"5498 miles, 8846 km",Airbus A350-900,327,TP 8395,Meal (none specific),260315_TG925_13350610,text,True,2026-02-14T16:11:30.658780
15/3/2026,Sunday,BKK,arrival,06:10,TG971,Thai Airways,10h 55m,13:15 - 06:10,"5657 miles, 9102 km",Boeing 777-300ER,339,AC 7405 /LX 4300,Meal (none specific),260315_TG971_13150610,text,True,2026-02-14T16:11:30.885732
15/3/2026,Sunday,BKK,arrival,06:15,QR830,Qatar Airways,6h 35m,19:40 - 06:15,"3299 miles, 5308 km",Airbus A350-1000,354,J2 6830 /BA 6332 /WB 1577 /JU 8315 /B6 6511 /AA 8271 /AS 5770 /IB 6250,Meal (none specific),260315_QR830_19400615,text,True,2026-02-14T16:11:31.113117
15/3/2026,Sunday,BKK,arrival,06:15,TG350,Thai Airways,4h 45m,23:30 - 06:15,"2237 miles, 3599 km",Airbus A350-900,327,AC 7418,Meal (none specific),260315_TG350_23300615,text,True,2026-02-14T16:11:31.353677
15/3/2026,Sunday,BKK,arrival,06:15,TG911,Thai Airways,11h 25m,11:50 - 06:15,"5984 miles, 9628 km",Boeing 777-300ER,339,AC 7402,Meal (none specific),260315_TG911_11500615,text,True,2026-02-14T16:11:31.584750
15/3/2026,Sunday,BKK,arrival,06:20,TG951,Thai Airways,10h 30m,13:50 - 06:20,"5396 miles, 8682 km",Boeing 777-300ER,339,AC 7454 /TP 8371,Meal (none specific),260315_TG951_13500620,text,True,2026-02-14T16:11:31.818869
15/3/2026,Sunday,BKK,arrival,06:20,TG955,Thai Airways,11h 0m,13:20 - 06:20,"5418 miles, 8718 km",Airbus A350-900,327,,Meal (none specific),260315_TG955_13200620,text,True,2026-02-14T16:11:32.058752
15/3/2026,Sunday,BKK,arrival,06:20,UL402,SriLankan Airlines,3h 35m,01:15 - 06:20,"1494 miles, 2404 km",Airbus A320,143,AY 6646 /QF 4198 /JL 5705 /8M 5402,Meal (none specific),260315_UL402_01150620,text,True,2026-02-14T16:11:32.287663
15/3/2026,Sunday,BKK,arrival,06:25,TG326,Thai Airways,3h 45m,01:10 - 06:25,"1556 miles, 2504 km",Airbus A350-900,327,AC 7432 /NH 5972,Meal (none specific),260315_TG326_01100625,text,True,2026-02-14T16:11:32.517398
15/3/2026,Sunday,BKK,arrival,06:25,TG921,Thai Airways,10h 40m,13:45 - 06:25,"5623 miles, 9047 km",Boeing 777-300ER,339,AC 7403 /TP 8383,Meal (none specific),260315_TG921_13450625,text,True,2026-02-14T16:11:32.751930
15/3/2026,Sunday,BKK,arrival,06:30,NH877,ANA,7h 5m,01:25 - 06:30,"2867 miles, 4613 km",Boeing 787-8,324,TG 6102,Meal (none specific),260315_NH877_01250630,text,True,2026-02-14T16:11:32.985978
15/3/2026,Sunday,BKK,arrival,06:30,TG330,Thai Airways,3h 30m,01:30 - 06:30,"1516 miles, 2439 km",Airbus A330-300,281,AC 7444 /NH 5988,Meal (none specific),260315_TG330_01300630,text,True,2026-02-14T16:11:33.215783
15/3/2026,Sunday,BKK,arrival,06:30,VZ3525,Vietjet Thailand,5h 0m,02:30 - 06:30,"1809 miles, 2911 km",Airbus A320,180,,Meal (none specific),260315_VZ3525_02300630,text,True,2026-02-14T16:11:33.449637
15/3/2026,Sunday,BKK,arrival,06:40,QR838,Qatar Airways,6h 35m,20:05 - 06:40,"3299 miles, 5308 km",Boeing 787-9,311,JU 8320 /WB 1579 /AA 8146 /AS 5772 /B6 6622 /BA 2310 /IB 6363 /J2 6838,Meal (none specific),260315_QR838_20050640,text,True,2026-02-14T16:11:33.721626
15/3/2026,Sunday,BKK,arrival,06:40,VZ761,Vietjet Thailand,4h 15m,00:55 - 06:40,"1894 miles, 3047 km",Airbus A320,180,,Meal (none specific),260315_VZ761_00550640,text,True,2026-02-14T16:11:33.948852
15/3/2026,Sunday,BKK,arrival,06:45,WY817,Oman Air,5h 40m,22:05 - 06:45,"2868 miles, 4615 km",Boeing 787-9,281,GA 8988 /OV 8117 /TG 7522,Meal (none specific),260315_WY817_22050645,text,True,2026-02-14T16:11:34.182626
15/3/2026,Sunday,BKK,arrival,06:50,TG344,Thai Airways,4h 15m,01:05 - 06:50,"1961 miles, 3155 km",Airbus A320,156,,Meal (none specific),260315_TG344_01050650,text,True,2026-02-14T16:11:34.421910
15/3/2026,Sunday,BKK,arrival,07:10,EY402,Etihad,6h 15m,21:55 - 07:10,"3103 miles, 4993 km",Boeing 777-300ER,373,GA 9036 /MS 8128 /PG 4011 /UX 2729 /VN 3724,Meal (none specific),260315_EY402_21550710,text,True,2026-02-14T16:11:34.658755
15/3/2026,Sunday,BKK,arrival,07:10,G9821,Air Arabia,6h 15m,21:55 - 07:10,"3055 miles, 4915 km",Airbus A321,176,,Meal (none specific),260315_G9821_21550710,text,True,2026-02-14T16:11:34.884771
15/3/2026,Sunday,BKK,arrival,07:10,N091,Norse,11h 50m,13:20 - 07:10,"5418 miles, 8718 km",Boeing 787-9,338,A1 5921,Meal (none specific),260315_N091_13200710,text,True,2026-02-14T16:11:35.116185
15/3/2026,Sunday,BKK,arrival,07:25,HY531,Uzbekistan Airways,6h 10m,23:15 - 07:25,"2698 miles, 4341 km",Airbus A321neo,188,,Meal (none specific),260315_HY531_23150725,text,True,2026-02-14T16:11:35.352636
15/3/2026,Sunday,BKK,arrival,07:30,AF196,Air France,11h 20m,14:10 - 07:30,"5903 miles, 9498 km",Boeing 777-200 / 200ER,328,KL 2404 /SK 9971,Meal (none specific),260315_AF196_14100730,text,True,2026-02-14T16:11:35.596720
15/3/2026,Sunday,BKK,arrival,07:35,EK374,Emirates,6h 0m,22:35 - 07:35,"3064 miles, 4930 km",Airbus A380-800 Passenger,510,DE 5911 /QF 8374,Meal (none specific),260315_EK374_22350735,text,True,2026-02-14T16:11:35.845880
15/3/2026,Sunday,BKK,arrival,07:50,AI2336,Air India,4h 20m,02:00 - 07:50,"1842 miles, 2964 km",Airbus A320neo,165,,Meal (none specific),260315_AI2336_02000750,text,True,2026-02-14T16:11:36.081101
15/3/2026,Sunday,BKK,arrival,07:55,VZ2105,Vietjet Thailand,1h 20m,06:35 - 07:55,"373 miles, 600 km",Airbus A320,180,,Meal (none specific),260315_VZ2105_06350755,text,True,2026-02-14T16:11:36.318888
15/3/2026,Sunday,BKK,arrival,08:10,AZ758,ITA Airways,11h 0m,15:10 - 08:10,"5546 miles, 8924 km",Airbus A330-900neo,278,LH 5232 /VN 3654,Meal (none specific),260315_AZ758_15100810,text,True,2026-02-14T16:11:36.555786
15/3/2026,Sunday,BKK,arrival,08:15,PG102,Bangkok Airways,1h 15m,07:00 - 08:15,"290 miles, 467 km",Airbus A319,133,AY 6288 /BR 3890 /CI 9741 /CX 6538 /EK 4403 /EY 7765 /HX 3846 /JL 5992 /KC 1102 /KL 3729 /MH 4980 /PR 3703 /SQ 5420 /TG 5903 /TK 4434 /VN 3760,Meal (none specific),260315_PG102_07000815,text,True,2026-02-14T16:11:36.796961
15/3/2026,Sunday,BKK,arrival,08:15,TR608,Scoot,2h 35m,06:40 - 08:15,"884 miles, 1422 km",Boeing 787-8,331,SQ 8614,Meal (none specific),260315_TR608_06400815,text,True,2026-02-14T16:11:37.037658
15/3/2026,Sunday,BKK,arrival,08:20,SU270,Aeroflot,9h 5m,19:15 - 08:20,"4439 miles, 7142 km",Boeing 777-300ER,403,,Meal (none specific),260315_SU270_19150820,text,True,2026-02-14T16:11:37.270909
15/3/2026,Sunday,BKK,arrival,08:25,SQ706,Singapore Airlines,2h 25m,07:00 - 08:25,"884 miles, 1422 km",Airbus A350-900,259,LX 9066 /NZ 3446 /PG 4702 /VA 5716,Meal (none specific),260315_SQ706_07000825,text,True,2026-02-14T16:11:37.503618
15/3/2026,Sunday,BKK,arrival,08:25,TG352,Thai Airways,4h 15m,02:40 - 08:25,"1894 miles, 3047 km",Airbus A320,156,,Meal (none specific),260315_TG352_02400825,text,True,2026-02-14T16:11:37.747714
15/3/2026,Sunday,BKK,arrival,08:35,UB19,Myanmar National Airlines,1h 25m,06:40 - 08:35,"381 miles, 613 km",Boeing 737-800 Passenger,167,,Meal (none specific),260315_UB19_06400835,text,True,2026-02-14T16:11:37.989742
15/3/2026,Sunday,BKK,arrival,08:40,TK64,Turkish Airlines,8h 55m,19:45 - 08:40,"4694 miles, 7553 km",Boeing 787-9,300,TG 7542,Meal (none specific),260315_TK64_19450840,text,True,2026-02-14T16:11:38.227906
15/3/2026,Sunday,BKK,arrival,08:50,PG110,Bangkok Airways,1h 35m,07:15 - 08:50,"290 miles, 467 km",ATR 42 / ATR 72,70,BR 3882 /CI 9610 /EY 7753 /PR 3746 /SQ 5430 /TG 5915,Meal (none specific),260315_PG110_07150850,text,True,2026-02-14T16:11:38.463333
15/3/2026,Sunday,BKK,arrival,08:50,TG426,Thai Airways,1h 45m,08:05 - 08:50,"583 miles, 938 km",Airbus A320,156,MH 5587 /OS 8614 /TK 8162,Meal (none specific),260315_TG426_08050850,text,True,2026-02-14T16:11:38.711782
15/3/2026,Sunday,BKK,arrival,08:55,KC931,Air Astana,6h 40m,00:15 - 08:55,"2499 miles, 4021 km",Airbus A321neo,169,JL 4784 /CX 6235,Meal (none specific),260315_KC931_00150855,text,True,2026-02-14T16:11:38.941010
15/3/2026,Sunday,BKK,arrival,09:00,TG332,Thai Airways,Duration: 4h 0m,03:30 - 09:00,"1842 miles, 2964 km",Airbus A321neo,176,NH 5592,Meal (none specific),260315_TG332_03300900,text,True,2026-02-14T16:11:43.537859
15/3/2026,Sunday,BKK,arrival,09:10,6E1055,IndiGo,Duration: 3h 55m,03:45 - 09:10,"1556 miles, 2504 km",Airbus A321neo,232,,Meal (none specific),260315_6E1055_03450910,text,True,2026-02-14T16:11:43.785572
15/3/2026,Sunday,BKK,arrival,09:10,PG104,Bangkok Airways,Duration: 1h 15m,07:55 - 09:10,"290 miles, 467 km",Airbus A319,133,AY 6278 /BR 3892 /CI 9722 /CX 6542 /EK 4405 /EY 7766 /HX 3848 /KC 1104 /KL 3753 /MH 4914 /PR 3745 /SQ 5388 /TG 5905 /TK 4435 /VN 3914,Meal (none specific),260315_PG104_07550910,text,True,2026-02-14T16:11:44.036607
15/3/2026,Sunday,BKK,arrival,09:15,8M335,MAI,Duration: 1h 20m,07:25 - 09:15,"381 miles, 613 km",Airbus A320,180,UL 3307,Meal (none specific),260315_8M335_07250915,text,True,2026-02-14T16:11:44.297931
15/3/2026,Sunday,BKK,arrival,09:15,AF198,Air France,Duration: 11h 10m,16:05 - 09:15,"5903 miles, 9498 km",Airbus A350-900,306,KL 2152 /QF 4225 /SK 9970,Meal (none specific),260315_AF198_16050915,text,True,2026-02-14T16:11:44.534636
15/3/2026,Sunday,BKK,arrival,09:15,VZ331,Vietjet Thailand,Duration: 1h 15m,08:00 - 09:15,"361 miles, 581 km",Airbus A320,180,,Meal (none specific),260315_VZ331_08000915,text,True,2026-02-14T16:11:44.780039
15/3/2026,Sunday,BKK,arrival,09:20,GF152,Gulf Air,Duration: 6h 35m,22:45 - 09:20,"3365 miles, 5414 km",Boeing 787-9,282,TG 4654,Meal (none specific),260315_GF152_22450920,text,True,2026-02-14T16:11:45.033074
15/3/2026,Sunday,BKK,arrival,09:20,PG270,Bangkok Airways,Duration: 1h 35m,07:45 - 09:20,"420 miles, 676 km",Airbus A319,133,AF 4378 /AY 6286 /BR 3912 /CI 9720 /EY 7750 /HX 3838 /KC 1270 /KL 3724 /LX 4163 /MH 4930 /PR 3728 /QR 4437 /TG 5640 /VN 3984,Meal (none specific),260315_PG270_07450920,text,True,2026-02-14T16:11:45.265733
15/3/2026,Sunday,BKK,arrival,09:25,TG41,Thai Airways,Duration: 1h 0m,08:25 - 09:25,"236 miles, 380 km",Airbus A320,156,MH 5871,Meal (none specific),260315_TG41_08250925,text,True,2026-02-14T16:11:45.497577
15/3/2026,Sunday,BKK,arrival,09:30,K6722,Air Cambodia,Duration: 1h 10m,08:20 - 09:30,"325 miles, 523 km",Airbus A321,184,,Meal (none specific),260315_K6722_08200930,text,True,2026-02-14T16:11:45.743661
15/3/2026,Sunday,BKK,arrival,09:35,NX996,Air Macau,Duration: 2h 55m,07:40 - 09:35,"1032 miles, 1660 km",Airbus A321,179,,Meal (none specific),260315_NX996_07400935,text,True,2026-02-14T16:11:45.984534
15/3/2026,Sunday,BKK,arrival,09:35,TG402,Thai Airways,Duration: 2h 20m,08:15 - 09:35,"884 miles, 1422 km",Boeing 777-200 / 200ER,292,KU 6932 /PG 4802,Meal (none specific),260315_TG402_08150935,text,True,2026-02-14T16:11:46.230029
15/3/2026,Sunday,BKK,arrival,09:35,TG3,Thai Airways,Duration: 1h 5m,08:30 - 09:35,"291 miles, 468 km",Airbus A320,156,MH 5858,Meal (none specific),260315_TG3_08300935,text,True,2026-02-14T16:11:46.475558
15/3/2026,Sunday,BKK,arrival,09:40,QV633,Lao Airlines,Duration: 2h 0m,07:40 - 09:40,"441 miles, 710 km",ATR 42 / ATR 72,70,,Meal (none specific),260315_QV633_07400940,text,True,2026-02-14T16:11:46.719756
15/3/2026,Sunday,BKK,arrival,09:40,TG603,Thai Airways,Duration: 2h 45m,07:55 - 09:40,"1055 miles, 1697 km",Airbus A321neo,176,,Meal (none specific),260315_TG603_07550940,text,True,2026-02-14T16:11:46.958975
15/3/2026,Sunday,BKK,arrival,09:45,PG106,Bangkok Airways,Duration: 1h 15m,08:30 - 09:45,"290 miles, 467 km",Airbus A319,133,AF 4390 /AY 6912 /BR 3894 /CI 9816 /CX 6528 /EK 4407 /EY 7767 /HX 3864 /KC 1106 /KL 3755 /MH 4979 /PR 3737 /SQ 5390 /TG 5907 /TK 4406 /VN 3916,Meal (none specific),260315_PG106_08300945,text,True,2026-02-14T16:11:47.199976
15/3/2026,Sunday,BKK,arrival,09:45,TG21,Thai Airways,Duration: 1h 5m,08:40 - 09:45,"298 miles, 479 km",Airbus A320,156,GF 6347 /MH 5867 /TK 8486,Meal (none specific),260315_TG21_08400945,text,True,2026-02-14T16:11:47.428936
15/3/2026,Sunday,BKK,arrival,09:45,VZ211,Vietjet Thailand,Duration: 1h 5m,08:40 - 09:45,"236 miles, 380 km",Airbus A320,180,,Meal (none specific),260315_VZ211_08400945,text,True,2026-02-14T16:11:47.676685
15/3/2026,Sunday,BKK,arrival,09:50,6E1051,IndiGo,Duration: 4h 25m,03:55 - 09:50,"1894 miles, 3047 km",Airbus A321neo,232,,Meal (none specific),260315_6E1051_03550950,text,True,2026-02-14T16:11:47.915614
15/3/2026,Sunday,BKK,arrival,09:50,CI833,China Airlines,Duration: 3h 50m,07:00 - 09:50,"1554 miles, 2500 km",Airbus A330-300,309,PG 4900,Meal (none specific),260315_CI833_07000950,text,True,2026-02-14T16:11:48.161052
15/3/2026,Sunday,BKK,arrival,09:50,FD4351,Thai AirAsia,Duration: 1h 10m,08:40 - 09:50,"291 miles, 468 km",Airbus A320,180,,Meal (none specific),260315_FD4351_08400950,text,True,2026-02-14T16:11:48.397699
15/3/2026,Sunday,BKK,arrival,09:50,GX8909,GX Airlines,Duration: 2h 20m,08:30 - 09:50,"790 miles, 1271 km",Airbus A320,175,,Meal (none specific),260315_GX8909_08300950,text,True,2026-02-14T16:11:48.629736
15/3/2026,Sunday,BKK,arrival,09:55,UO704,HK Express,Duration: 3h 5m,07:50 - 09:55,"1055 miles, 1697 km",Airbus A321neo,236,,Meal (none specific),260315_UO704_07500955,text,True,2026-02-14T16:11:48.879874
15/3/2026,Sunday,BKK,arrival,09:55,VZ131,Vietjet Thailand,Duration: 1h 25m,08:30 - 09:55,"439 miles, 706 km",Airbus A320,180,,Meal (none specific),260315_VZ131_08300955,text,True,2026-02-14T16:11:49.108828
15/3/2026,Sunday,BKK,arrival,09:55,VZ101,Vietjet Thailand,Duration: 1h 20m,08:35 - 09:55,"373 miles, 600 km",Airbus A320,180,,Meal (none specific),260315_VZ101_08350955,text,True,2026-02-14T16:11:49.344695
15/3/2026,Sunday,BKK,arrival,10:00,5J929,Cebu Pacific,Duration: 3h 40m,07:20 - 10:00,"1366 miles, 2198 km",Airbus A330-900neo,459,,Meal (none specific),260315_5J929_07201000,text,True,2026-02-14T16:11:49.597582
15/3/2026,Sunday,BKK,arrival,10:00,FD4151,Thai AirAsia,Duration: 1h 20m,08:40 - 10:00,"439 miles, 706 km",Airbus A320,180,,Meal (none specific),260315_FD4151_08401000,text,True,2026-02-14T16:11:49.833044
15/3/2026,Sunday,BKK,arrival,10:00,FD4403,Thai AirAsia,Duration: 1h 25m,08:35 - 10:00,"406 miles, 653 km",Airbus A320,180,,Meal (none specific),260315_FD4403_08351000,text,True,2026-02-14T16:11:50.083547
15/3/2026,Sunday,BKK,arrival,10:00,SU652,Aeroflot,Duration: 8h 30m,23:30 - 10:00,"3660 miles, 5889 km",Airbus A330-300,307,,Meal (none specific),260315_SU652_23301000,text,True,2026-02-14T16:11:50.314284
15/3/2026,Sunday,BKK,arrival,10:05,HU7939,Hainan Airlines,Duration: 2h 5m,09:00 - 10:05,"778 miles, 1252 km",Boeing 737-800 Passenger,179,,Meal (none specific),260315_HU7939_09001005,text,True,2026-02-14T16:11:50.566731
15/3/2026,Sunday,BKK,arrival,10:05,KL843,KLM,Duration: 11h 5m,17:00 - 10:05,"5753 miles, 9257 km",Boeing 777-300ER,381,AF 3237 /QF 4232 /SK 6836,Meal (none specific),260315_KL843_17001005,text,True,2026-02-14T16:11:50.818509
15/3/2026,Sunday,BKK,arrival,10:05,KU411,Kuwait Airways,Duration: 6h 40m,23:25 - 10:05,"3547 miles, 5707 km",Boeing 777-300ER,334,TG 4622 /A3 1180,Meal (none specific),260315_KU411_23251005,text,True,2026-02-14T16:11:51.056593
15/3/2026,Sunday,BKK,arrival,10:10,CZ357,China Southern,Duration: 3h 5m,08:05 - 10:10,"1066 miles, 1715 km",Boeing 737MAX 8 Passenger,175,3U 7037,Meal (none specific),260315_CZ357_08051010,text,True,2026-02-14T16:11:51.391228
15/3/2026,Sunday,BKK,arrival,10:10,PG212,Bangkok Airways,Duration: 1h 20m,08:50 - 10:10,"254 miles, 409 km",ATR 42 / ATR 72,70,AF 8033 /AY 6884 /CI 9612 /EK 4475 /EY 7777 /GA 9685 /GF 4411 /KL 3982 /LX 4177 /PR 3715 /QF 3441 /TG 5673 /TK 4448 /WY 5819,Meal (none specific),260315_PG212_08501010,text,True,2026-02-14T16:11:51.643763
15/3/2026,Sunday,BKK,arrival,10:15,MH784,Malaysia Airlines,Duration: 2h 15m,09:00 - 10:15,"762 miles, 1226 km",Boeing 737-800 (winglets) Passenger/BBJ2,166,8M 9520 /AY 6628 /FY 7488 /PG 4502 /QR 5418 /TG 4702 /WY 5683,Meal (none specific),260315_MH784_09001015,text,True,2026-02-14T16:11:51.917807
15/3/2026,Sunday,BKK,arrival,10:15,VN601,Vietnam Airlines,Duration: 1h 35m,08:40 - 10:15,"447 miles, 719 km",Airbus A321,184,AZ 3017 /K6 3601 /PG 4290 /KL 4075 /SK 8210,Meal (none specific),260315_VN601_08401015,text,True,2026-02-14T16:11:52.167338
15/3/2026,Sunday,BKK,arrival,10:20,8M337,MAI,Duration: 1h 50m,08:00 - 10:20,"651 miles, 1047 km",Embraer 190,98,,Meal (none specific),260315_8M337_08001020,text,True,2026-02-14T16:11:52.416588
15/3/2026,Sunday,BKK,arrival,10:20,TG260,Thai Airways,Duration: 1h 35m,08:45 - 10:20,"469 miles, 755 km",Airbus A320,156,MH 5839,Meal (none specific),260315_TG260_08451020,text,True,2026-02-14T16:11:52.664604
15/3/2026,Sunday,BKK,arrival,10:25,S76307,S7 Airlines,Duration: 6h 20m,05:05 - 10:25,"2689 miles, 4327 km",Boeing 737-800 (winglets) Passenger/BBJ2,176,,Meal (none specific),260315_S76307_05051025,text,True,2026-02-14T16:11:52.913195
15/3/2026,Sunday,BKK,arrival,10:25,VZ315,Vietjet Thailand,Duration: 1h 30m,08:55 - 10:25,"420 miles, 676 km",Airbus A320,180,,Meal (none specific),260315_VZ315_08551025,text,True,2026-02-14T16:11:53.167436
15/3/2026,Sunday,BKK,arrival,10:25,VZ341,Vietjet Thailand,Duration: 1h 25m,09:00 - 10:25,"406 miles, 653 km",Airbus A320,180,,Meal (none specific),260315_VZ341_09001025,text,True,2026-02-14T16:11:53.424812
15/3/2026,Sunday,BKK,arrival,10:30,G9823,Air Arabia,Duration: 6h 15m,01:15 - 10:30,"3055 miles, 4915 km",Airbus A320neo,174,,Meal (none specific),260315_G9823_01151030,text,True,2026-02-14T16:11:53.679566
15/3/2026,Sunday,BKK,arrival,10:30,PG108,Bangkok Airways,Duration: 1h 30m,09:00 - 10:30,"290 miles, 467 km",ATR 42 / ATR 72,70,BR 3888 /CI 9728 /EY 7768 /KC 1108 /PR 3756 /QR 4306 /SQ 5418 /TG 5914 /TK 4467 /VN 3070,Meal (none specific),260315_PG108_09001030,text,True,2026-02-14T16:11:53.940770
15/3/2026,Sunday,BKK,arrival,10:35,HU423,Hainan Airlines,Duration: 3h 30m,08:05 - 10:35,"1176 miles, 1892 km",Boeing 737-800 Passenger,179,,Meal (none specific),260315_HU423_08051035,text,True,2026-02-14T16:11:54.191621
15/3/2026,Sunday,BKK,arrival,10:35,PG122,Bangkok Airways,Duration: 1h 15m,09:20 - 10:35,"290 miles, 467 km",Airbus A319,133,AY 6922 /BR 3932 /CI 9832 /CX 6546 /EK 4413 /EY 7754 /HX 3850 /KC 1122 /KL 3756 /LX 4179 /MH 4912 /PR 3741 /QR 4304 /SQ 5432 /TG 5983 /TK 4436,Meal (none specific),260315_PG122_09201035,text,True,2026-02-14T16:11:54.441891
15/3/2026,Sunday,BKK,arrival,10:35,TG637,Thai Airways,Duration: 3h 55m,07:40 - 10:35,"1554 miles, 2500 km",Airbus A320,156,BR 2219 /LY 8403,Meal (none specific),260315_TG637_07401035,text,True,2026-02-14T16:11:54.693125
15/3/2026,Sunday,BKK,arrival,10:40,CX705,Cathay Pacific,Duration: 3h 10m,08:30 - 10:40,"1055 miles, 1697 km",Boeing 777-300ER,339,AA 8906 /AC 9773 /AY 5847 /FJ 5470 /OM 5645 /PG 4550 /QR 3469,Meal (none specific),260315_CX705_08301040,text,True,2026-02-14T16:11:54.950557
15/3/2026,Sunday,BKK,arrival,10:40,PG302,Bangkok Airways,Duration: 1h 0m,09:40 - 10:40,"144 miles, 232 km",ATR 42 / ATR 72,70,AY 6282 /BR 3974 /CI 9752 /EY 7780 /GF 4499 /KC 1302 /KL 3740 /LX 4187 /PR 3730 /QR 4342 /TG 5694,Meal (none specific),260315_PG302_09401040,text,True,2026-02-14T16:11:55.201987
15/3/2026,Sunday,BKK,arrival,10:40,SU272,Aeroflot,Duration: 9h 5m,21:35 - 10:40,"4439 miles, 7142 km",Boeing 777-300ER,403,,Meal (none specific),260315_SU272_21351040,text,True,2026-02-14T16:11:55.457931
15/3/2026,Sunday,BKK,arrival,10:40,VZ321,Vietjet Thailand,Duration: 1h 30m,09:10 - 10:40,"469 miles, 755 km",Airbus A320,180,,Meal (none specific),260315_VZ321_09101040,text,True,2026-02-14T16:11:55.709398
15/3/2026,Sunday,BKK,arrival,10:45,9C8891,Spring Airlines,Duration: 4h 50m,06:55 - 10:45,"1809 miles, 2911 km",Airbus A320,180,,Meal (none specific),260315_9C8891_06551045,text,True,2026-02-14T16:11:55.954643
15/3/2026,Sunday,BKK,arrival,10:45,FD4213,Thai AirAsia,Duration: 1h 15m,09:30 - 10:45,"334 miles, 537 km",Airbus A320,180,,Meal (none specific),260315_FD4213_09301045,text,True,2026-02-14T16:11:56.220147
15/3/2026,Sunday,BKK,arrival,10:45,LX180,SWISS,Duration: 10h 45m,18:00 - 10:45,"5657 miles, 9102 km",Boeing 777-300ER,320,TG 7103,Meal (none specific),260315_LX180_18001045,text,True,2026-02-14T16:11:56.458796
15/3/2026,Sunday,BKK,arrival,10:45,VJ801,VietJet,Duration: 1h 30m,09:15 - 10:45,"447 miles, 719 km",Airbus A320,180,A1 2801 /W2 4801 /H1 4014,Meal (none specific),260315_VJ801_09151045,text,True,2026-02-14T16:11:56.716967
15/3/2026,Sunday,BKK,arrival,10:50,TG103,Thai Airways,Duration: 1h 25m,09:25 - 10:50,"373 miles, 600 km",Airbus A320,156,BR 3431 /MH 5619,Meal (none specific),260315_TG103_09251050,text,True,2026-02-14T16:11:56.958657
15/3/2026,Sunday,BKK,arrival,10:50,TG242,Thai Airways,Duration: 1h 25m,09:25 - 10:50,"406 miles, 653 km",Airbus A320,156,BR 3416 /GF 6342 /MH 5837,Meal (none specific),260315_TG242_09251050,text,True,2026-02-14T16:11:57.201565
15/3/2026,Sunday,BKK,arrival,10:50,TR606,Scoot,Duration: 2h 30m,09:20 - 10:50,"884 miles, 1422 km",Boeing 787-8,331,SQ 8544,Meal (none specific),260315_TR606_09201050,text,True,2026-02-14T16:11:57.462191
15/3/2026,Sunday,BKK,arrival,10:55,TG589,Thai Airways,Duration: 1h 5m,09:50 - 10:55,"235 miles, 378 km",Airbus A320,156,TK 8009,Meal (none specific),260315_TG589_09501055,text,True,2026-02-14T16:11:57.710037
15/3/2026,Sunday,BKK,arrival,11:00,9C7419,Spring Airlines,Duration: 3h 0m,09:00 - 11:00,"1066 miles, 1715 km",Airbus A320,180,,Meal (none specific),260315_9C7419_09001100,text,True,2026-02-14T16:11:57.956009
15/3/2026,Sunday,BKK,arrival,11:00,SQ708,Singapore Airlines,Duration: 2h 45m,09:15 - 11:00,"884 miles, 1422 km",Boeing 787,337,AC 5857 /LX 9062 /NZ 3448 /PG 4704 /SK 8019 /VA 5718,Meal (none specific),260315_SQ708_09151100,text,True,2026-02-14T16:11:58.204746
15/3/2026,Sunday,BKK,arrival,11:05,TG587,Thai Airways,Duration: 1h 20m,09:45 - 11:05,"325 miles, 523 km",Airbus A320,156,TK 8013,Meal (none specific),260315_TG587_09451105,text,True,2026-02-14T16:11:58.455626
15/3/2026,Sunday,BKK,arrival,11:10,BR67,EVA Air,Duration: 4h 5m,08:05 - 11:10,"1554 miles, 2500 km",Boeing 777-300ER,333,AI 7053 /TG 6303,Meal (none specific),260315_BR67_08051110,text,True,2026-02-14T16:11:58.713392
15/3/2026,Sunday,BKK,arrival,11:10,ZH309,Shenzhen Airlines,Duration: 3h 0m,09:10 - 11:10,"1062 miles, 1709 km",Airbus A320,162,CA 7989 /TG 6453,Meal (none specific),260315_ZH309_09101110,text,True,2026-02-14T16:11:58.967683
15/3/2026,Sunday,BKK,arrival,11:15,CX717,Cathay Pacific,Duration: 3h 5m,09:10 - 11:15,"1055 miles, 1697 km",Airbus A330-300,286,AY 5849 /OM 5649 /PG 4562 /AA 8891,Meal (none specific),260315_CX717_09101115,text,True,2026-02-14T16:11:59.234824
15/3/2026,Sunday,BKK,arrival,11:15,MF853,XiamenAir,Duration: 3h 35m,08:40 - 11:15,"1365 miles, 2196 km",Boeing 737MAX 8 Passenger,177,PG 4268,Meal (none specific),260315_MF853_08401115,text,True,2026-02-14T16:11:59.478870
15/3/2026,Sunday,BKK,arrival,11:15,OZ743,Asiana,Duration: 6h 5m,07:10 - 11:15,"2291 miles, 3686 km",Airbus A321neo,187,TG 6756,Meal (none specific),260315_OZ743_07101115,text,True,2026-02-14T16:11:59.723900
15/3/2026,Sunday,BKK,arrival,11:15,PG124,Bangkok Airways,Duration: 1h 15m,10:00 - 11:15,"290 miles, 467 km",Airbus A319,133,AY 6882 /BR 3896 /CI 9812 /CX 6514 /EK 4415 /EY 7755 /GA 9619 /GF 4447 /HX 3880 /KC 1124 /LX 4183 /MH 4920 /PR 3739 /QR 4362 /SQ 5402 /TG 5967 /TK 4420,Meal (none specific),260315_PG124_10001115,text,True,2026-02-14T16:11:59.972871
15/3/2026,Sunday,BKK,arrival,11:20,PG262,Bangkok Airways,Duration: 1h 30m,09:50 - 11:20,"406 miles, 653 km",Airbus A319,133,AY 6874 /BR 3970 /CI 9732 /CX 6512 /EK 4511 /EY 7636 /GA 9571 /GF 4417 /HX 3790 /JL 5900 /KC 1262 /KL 3987 /LX 4157 /LY 8494 /MH 4960 /PR 3753 /QF 3481,Meal (none specific),260315_PG262_09501120,text,True,2026-02-14T16:12:00.221791
15/3/2026,Sunday,BKK,arrival,11:20,PG924,Bangkok Airways,Duration: 1h 25m,09:55 - 11:20,"235 miles, 378 km",ATR 42 / ATR 72,70,AY 6886 /EY 7718 /GA 9199 /JL 5966 /KL 3988 /LX 4169 /QF 3460 /QR 4372 /TG 7085 /TK 4511,Meal (none specific),260315_PG924_09551120,text,True,2026-02-14T16:12:00.471305
15/3/2026,Sunday,BKK,arrival,11:20,TG202,Thai Airways,Duration: 1h 30m,09:50 - 11:20,"420 miles, 676 km",Airbus A320,156,BR 3450 /OZ 6769,Meal (none specific),260315_TG202_09501120,text,True,2026-02-14T16:12:00.731233
15/3/2026,Sunday,BKK,arrival,11:20,VN611,Vietnam Airlines,Duration: 2h 5m,09:15 - 11:20,"621 miles, 999 km",Airbus A321,184,LY 8242 /K6 3611 /PG 4280 /SV 6820 /AY 6266 /KL 4077 /SK 8204,Meal (none specific),260315_VN611_09151120,text,True,2026-02-14T16:12:00.968672
15/3/2026,Sunday,BKK,arrival,11:25,CZ8079,China Southern,Duration: 3h 10m,09:15 - 11:25,"1066 miles, 1715 km",Boeing 737MAX 8 Passenger,175,3U 7075,Meal (none specific),260315_CZ8079_09151125,text,True,2026-02-14T16:12:01.201549
15/3/2026,Sunday,BKK,arrival,11:25,UA820,United,Duration: 3h 5m,09:20 - 11:25,"1055 miles, 1697 km",Boeing 787-9,259,,Meal (none specific),260315_UA820_09201125,text,True,2026-02-14T16:12:01.458569
15/3/2026,Sunday,BKK,arrival,11:25,VZ201,Vietjet Thailand,Duration: 1h 15m,10:10 - 11:25,"291 miles, 468 km",Airbus A320,180,,Meal (none specific),260315_VZ201_10101125,text,True,2026-02-14T16:12:01.708617
15/3/2026,Sunday,BKK,arrival,11:30,BR211,EVA Air,Duration: 4h 5m,08:25 - 11:30,"1554 miles, 2500 km",Boeing 777-300ER,333,AI 7051 /TG 6315,Meal (none specific),260315_BR211_08251130,text,True,2026-02-14T16:12:01.954949
15/3/2026,Sunday,BKK,arrival,11:35,FD4125,Thai AirAsia,Duration: 1h 35m,10:00 - 11:35,"420 miles, 676 km",Airbus A320,180,,Meal (none specific),260315_FD4125_10001135,text,True,2026-02-14T16:12:02.196780
15/3/2026,Sunday,BKK,arrival,11:35,PG216,Bangkok Airways,Duration: 1h 25m,10:10 - 11:35,"373 miles, 600 km",Airbus A319,133,AY 6284 /BR 3978 /CI 9840 /CX 6522 /EK 4479 /EY 7711 /GA 9575 /GF 4413 /HX 3802 /JL 5978 /KC 1216 /LX 4151 /LY 8478 /MH 4950 /PR 3701 /QF 3477 /QR 4350,Meal (none specific),260315_PG216_10101135,text,True,2026-02-14T16:12:02.454591
15/3/2026,Sunday,BKK,arrival,11:40,CZ8355,China Southern,Duration: 3h 25m,09:15 - 11:40,"1251 miles, 2013 km",Boeing 737-800 Passenger,172,,Meal (none specific),260315_CZ8355_09151140,text,True,2026-02-14T16:12:02.700866
15/3/2026,Sunday,BKK,arrival,11:40,TG551,Thai Airways,Duration: 1h 25m,10:15 - 11:40,"447 miles, 719 km",Airbus A320,156,LY 8286 /WY 5903,Meal (none specific),260315_TG551_10151140,text,True,2026-02-14T16:12:02.951443
15/3/2026,Sunday,BKK,arrival,11:40,ZH281,Shenzhen Airlines,Duration: 4h 25m,08:15 - 11:40,"1615 miles, 2599 km",Airbus A320,162,CA 3771,Meal (none specific),260315_ZH281_08151140,text,True,2026-02-14T16:12:03.200154
15/3/2026,Sunday,BKK,arrival,11:45,EY404,Etihad,Duration: 6h 25m,02:20 - 11:45,"3103 miles, 4993 km",Airbus A321neo,172,MS 8124 /PG 4019 /UX 2716,Meal (none specific),260315_EY404_02201145,text,True,2026-02-14T16:12:03.449922
15/3/2026,Sunday,BKK,arrival,11:45,TG131,Thai Airways,Duration: 1h 30m,10:15 - 11:45,"439 miles, 706 km",Airbus A320,156,BR 3421 /GF 6391 /MH 5627 /TK 8393,Meal (none specific),260315_TG131_10151145,text,True,2026-02-14T16:12:03.694967
15/3/2026,Sunday,BKK,arrival,11:50,JD419,Capital Airlines,Duration: 4h 45m,08:05 - 11:50,"1706 miles, 2745 km",Airbus A320,169,,Meal (none specific),260315_JD419_08051150,text,True,2026-02-14T16:12:03.943288
15/3/2026,Sunday,BKK,arrival,11:50,PG272,Bangkok Airways,Duration: 1h 35m,10:15 - 11:50,"420 miles, 676 km",Airbus A320,162,AY 6896 /BR 3976 /CI 9852 /EK 4519 /EY 7659 /GA 9565 /GF 4419 /HX 3824 /JL 5972 /KC 1272 /MH 4932 /PR 3751 /QF 3453 /QR 4376 /TG 5622 /TK 4484 /VN 3988,Meal (none specific),260315_PG272_10151150,text,True,2026-02-14T16:12:04.192080
15/3/2026,Sunday,BKK,arrival,11:50,VZ301,Vietjet Thailand,Duration: 1h 30m,10:20 - 11:50,"420 miles, 676 km",Airbus A320,180,,Meal (none specific),260315_VZ301_10201150,text,True,2026-02-14T16:12:04.440411
15/3/2026,Sunday,BKK,arrival,11:50,VZ721,Vietjet Thailand,Duration: 1h 15m,10:35 - 11:50,"325 miles, 523 km",Airbus A320,180,,Meal (none specific),260315_VZ721_10351150,text,True,2026-02-14T16:12:04.688958
15/3/2026,Sunday,BKK,arrival,11:55,TG204,Thai Airways,Duration: 1h 30m,10:25 - 11:55,"420 miles, 676 km",Airbus A320,156,LY 8414 /MH 5795,Meal (none specific),260315_TG204_10251155,text,True,2026-02-14T16:12:04.937260
15/3/2026,Sunday,BKK,arrival,11:55,TG663,Thai Airways,Duration: 4h 40m,08:15 - 11:55,"1809 miles, 2911 km",Airbus A350-900,327,PG 4840,Meal (none specific),260315_TG663_08151155,text,True,2026-02-14T16:12:05.187481
15/3/2026,Sunday,BKK,arrival,12:00,PR730,PAL,Duration: 3h 35m,09:25 - 12:00,"1366 miles, 2198 km",Boeing 777-300,514,PG 4392,Meal (none specific),260315_PR730_09251200,text,True,2026-02-14T16:12:05.435967
15/3/2026,Sunday,BKK,arrival,12:05,6E1061,IndiGo,Duration: 3h 40m,06:55 - 12:05,"1390 miles, 2237 km",Airbus A320neo,180,,Meal (none specific),260315_6E1061_06551205,text,True,2026-02-14T16:12:05.693341
15/3/2026,Sunday,BKK,arrival,12:05,EK384,Emirates,Duration: 6h 0m,03:05 - 12:05,"3064 miles, 4930 km",Airbus A380-800 Passenger,510,AC 7603 /DE 5909 /QF 8384 /TP 6372,Meal (none specific),260315_EK384_03051205,text,True,2026-02-14T16:12:05.950114
15/3/2026,Sunday,BKK,arrival,12:05,FD4203,Thai AirAsia,Duration: 1h 35m,10:30 - 12:05,"469 miles, 755 km",Airbus A320,180,,Meal (none specific),260315_FD4203_10301205,text,True,2026-02-14T16:12:06.195798
15/3/2026,Sunday,BKK,arrival,12:15,QR834,Qatar Airways,Duration: 6h 35m,01:40 - 12:15,"3299 miles, 5308 km",Airbus A380-800 Passenger,517,IB 6217 /J2 6834 /B6 6636 /AS 5766 /WB 1626 /AA 8266 /BA 6192,Meal (none specific),260315_QR834_01401215,text,True,2026-02-14T16:12:06.443530
15/3/2026,Sunday,BKK,arrival,12:20,MU541,China Eastern,Duration: 4h 45m,08:35 - 12:20,"1809 miles, 2911 km",Airbus A350-900,288,FM 3061 /HO 3515 /KQ 5251,Meal (none specific),260315_MU541_08351220,text,True,2026-02-14T16:12:06.700090
15/3/2026,Sunday,BKK,arrival,12:25,TG561,Thai Airways,Duration: 1h 50m,10:35 - 12:25,"621 miles, 999 km",Airbus A320,156,LY 8290 /OS 8598 /TK 8020 /WY 5913,Meal (none specific),260315_TG561_10351225,text,True,2026-02-14T16:12:06.940094
15/3/2026,Sunday,BKK,arrival,12:25,VZ965,Vietjet Thailand,Duration: 1h 45m,10:40 - 12:25,"526 miles, 846 km",Airbus A320,180,,Meal (none specific),260315_VZ965_10401225,text,True,2026-02-14T16:12:07.194628
15/3/2026,Sunday,BKK,arrival,12:30,CA465,Air China,Duration: 3h 40m,09:50 - 12:30,"1178 miles, 1895 km",Airbus A320neo,158,,Meal (none specific),260315_CA465_09501230,text,True,2026-02-14T16:12:07.441875
15/3/2026,Sunday,BKK,arrival,12:30,ET628,Ethiopian,Duration: 8h 35m,23:55 - 12:30,"4222 miles, 6793 km",Boeing 787-9,315,NH 5344 /OZ 9764 /SQ 6078,Meal (none specific),260315_ET628_23551230,text,True,2026-02-14T16:12:07.694560
15/3/2026,Sunday,BKK,arrival,12:35,JX741,Starlux,Duration: 4h 10m,09:25 - 12:35,"1554 miles, 2500 km",Airbus A350-900,306,,Meal (none specific),260315_JX741_09251235,text,True,2026-02-14T16:12:07.941952
15/3/2026,Sunday,BKK,arrival,12:35,UL404,SriLankan Airlines,Duration: 3h 35m,07:30 - 12:35,"1494 miles, 2404 km",Airbus A321 (sharklets),209,AY 6644 /QF 4242 /8M 5404 /HM 6224,Meal (none specific),260315_UL404_07301235,text,True,2026-02-14T16:12:08.200107
15/3/2026,Sunday,BKK,arrival,12:40,SU620,Aeroflot,Duration: 10h 0m,22:40 - 12:40,"4754 miles, 7649 km",Airbus A330-300,307,,Meal (none specific),260315_SU620_22401240,text,True,2026-02-14T16:12:08.436974
15/3/2026,Sunday,BKK,arrival,12:40,VZ139,Vietjet Thailand,Duration: 1h 25m,11:15 - 12:40,"439 miles, 706 km",Airbus A320,180,,Meal (none specific),260315_VZ139_11151240,text,True,2026-02-14T16:12:08.686887
15/3/2026,Sunday,BKK,arrival,12:40,VZ351,Vietjet Thailand,Duration: 1h 15m,11:25 - 12:40,"334 miles, 537 km",Airbus A320,180,,Meal (none specific),260315_VZ351_11251240,text,True,2026-02-14T16:12:08.933411
15/3/2026,Sunday,BKK,arrival,12:45,9C7501,Spring Airlines,Duration: 3h 10m,10:35 - 12:45,"1178 miles, 1895 km",Airbus A320,180,,Meal (none specific),260315_9C7501_10351245,text,True,2026-02-14T16:12:09.185874
15/3/2026,Sunday,BKK,arrival,12:50,9C7421,Spring Airlines,Duration: 4h 45m,09:05 - 12:50,"1809 miles, 2911 km",Airbus A320,180,,Meal (none specific),260315_9C7421_09051250,text,True,2026-02-14T16:12:09.430998
15/3/2026,Sunday,BKK,arrival,12:50,IX242,Air India Express,Duration: 4h 30m,06:50 - 12:50,"1820 miles, 2928 km",Boeing 737MAX 8 Passenger,165,AI 9245,Meal (none specific),260315_IX242_06501250,text,True,2026-02-14T16:12:09.683188
15/3/2026,Sunday,BKK,arrival,12:55,CZ8099,China Southern,Duration: 3h 25m,10:30 - 12:55,"1066 miles, 1715 km",Boeing 737MAX 8 Passenger,175,3U 7069,Meal (none specific),260315_CZ8099_10301255,text,True,2026-02-14T16:12:09.934792
15/3/2026,Sunday,BKK,arrival,12:55,EK376,Emirates,Duration: 6h 5m,03:50 - 12:55,"3064 miles, 4930 km",Airbus A380-800 Passenger,510,QF 8376 /TG 4506 /TP 6374,Meal (none specific),260315_EK376_03501255,text,True,2026-02-14T16:12:10.184780
15/3/2026,Sunday,BKK,arrival,12:55,TG43,Thai Airways,Duration: 1h 0m,11:55 - 12:55,"236 miles, 380 km",Airbus A320,156,GF 6373,Meal (none specific),260315_TG43_11551255,text,True,2026-02-14T16:12:10.432132
15/3/2026,Sunday,BKK,arrival,13:00,VJ803,VietJet,Duration: 1h 30m,11:30 - 13:00,"447 miles, 719 km",Airbus A321,214,A1 2803 /W2 4803 /H1 2185,Meal (none specific),260315_VJ803_11301300,text,True,2026-02-14T16:12:10.689122
15/3/2026,Sunday,BKK,arrival,13:00,VZ811,Vietjet Thailand,Duration: 6h 5m,08:55 - 13:00,"2327 miles, 3744 km",Airbus A320,180,,Meal (none specific),260315_VZ811_08551300,text,True,2026-02-14T16:12:10.943510
15/3/2026,Sunday,BKK,arrival,13:05,9C6293,Spring Airlines,Duration: 4h 20m,09:45 - 13:05,"1527 miles, 2457 km",Airbus A320,180,,Meal (none specific),260315_9C6293_09451305,text,True,2026-02-14T16:12:11.192839
15/3/2026,Sunday,BKK,arrival,13:05,CI831,China Airlines,Duration: 4h 0m,10:05 - 13:05,"1554 miles, 2500 km",Airbus A330-300,309,PG 4910,Meal (none specific),260315_CI831_10051305,text,True,2026-02-14T16:12:11.457147
15/3/2026,Sunday,BKK,arrival,13:05,QR836,Qatar Airways,Duration: 6h 35m,02:30 - 13:05,"3299 miles, 5308 km",Airbus A380-800 Passenger,517,WB 1729 /AA 8272 /AS 5768 /B6 6605 /BA 6346 /IB 6256 /J2 6836,Meal (none specific),260315_QR836_02301305,text,True,2026-02-14T16:12:11.719652
15/3/2026,Sunday,BKK,arrival,13:05,T5647,Turkmenistan Airlines,Duration: 6h 20m,04:45 - 13:05,"3103 miles, 4993 km",Boeing 777-300,320,,Meal (none specific),260315_T5647_04451305,text,True,2026-02-14T16:12:11.972600
15/3/2026,Sunday,BKK,arrival,13:10,BS217,US-Bangla Airlines,Duration: 2h 50m,09:20 - 13:10,"979 miles, 1575 km",Boeing 737-800 Passenger,167,,Meal (none specific),260315_BS217_09201310,text,True,2026-02-14T16:12:12.256634
15/3/2026,Sunday,BKK,arrival,13:10,GA866,Garuda Indonesia,Duration: 3h 40m,09:30 - 13:10,"1434 miles, 2307 km",Boeing 737-800 Passenger,162,PG 4300 /SV 6376 /EY 8106 /6E 3655,Meal (none specific),260315_GA866_09301310,text,True,2026-02-14T16:12:12.505670
15/3/2026,Sunday,BKK,arrival,13:10,VN605,Vietnam Airlines,Duration: 1h 35m,11:35 - 13:10,"447 miles, 719 km",Airbus A321,184,LY 8252 /K6 3605 /PG 4294 /SV 6773,Meal (none specific),260315_VN605_11351310,text,True,2026-02-14T16:12:12.753003
15/3/2026,Sunday,BKK,arrival,13:15,AY143,Finnair,Duration: 11h 20m,20:55 - 13:15,"4941 miles, 7950 km",Airbus A350-900,300,,Meal (none specific),260315_AY143_20551315,text,True,2026-02-14T16:12:13.001083
15/3/2026,Sunday,BKK,arrival,13:15,QW9897,Qingdao Airlines,Duration: 5h 15m,09:00 - 13:15,"1988 miles, 3199 km",Airbus A320neo,180,,Meal (none specific),260315_QW9897_09001315,text,True,2026-02-14T16:12:13.251247
15/3/2026,Sunday,BKK,arrival,13:20,DE2362,Condor,Duration: 11h 5m,20:15 - 13:20,"5623 miles, 9047 km",Airbus A330-900neo,310,,Meal (none specific),260315_DE2362_20151320,text,True,2026-02-14T16:12:13.504851
15/3/2026,Sunday,BKK,arrival,13:20,TG206,Thai Airways,Duration: 1h 30m,11:50 - 13:20,"420 miles, 676 km",Airbus A320,156,GF 6386 /LY 8429,Meal (none specific),260315_TG206_11501320,text,True,2026-02-14T16:12:13.750730
15/3/2026,Sunday,BKK,arrival,13:20,TG302,Thai Airways,Duration: 1h 25m,11:25 - 13:20,"381 miles, 613 km",Airbus A320,156,TK 8015 /WY 5911,Meal (none specific),260315_TG302_11251320,text,True,2026-02-14T16:12:13.998784
15/3/2026,Sunday,BKK,arrival,13:20,VZ981,Vietjet Thailand,Duration: 1h 20m,12:00 - 13:20,"324 miles, 521 km",Airbus A320,180,,Meal (none specific),260315_VZ981_12001320,text,True,2026-02-14T16:12:14.251796
15/3/2026,Sunday,BKK,arrival,13:25,9C7431,Spring Airlines,Duration: 4h 35m,09:50 - 13:25,"1743 miles, 2804 km",Airbus A320,180,,Meal (none specific),260315_9C7431_09501325,text,True,2026-02-14T16:12:14.504563
15/3/2026,Sunday,BKK,arrival,13:25,KE657,Korean Air,Duration: 6h 10m,09:15 - 13:25,"2291 miles, 3686 km",Airbus A330-300,278,HA 6009 /DL 7894 /WS 6073,Meal (none specific),260315_KE657_09151325,text,True,2026-02-14T16:12:14.753994
15/3/2026,Sunday,BKK,arrival,13:25,MH788,Malaysia Airlines,Duration: 2h 10m,12:15 - 13:25,"762 miles, 1226 km",Boeing 737-800 (winglets) Passenger/BBJ2,166,8M 9521 /AY 6630 /FY 7490 /PG 4504 /QR 4481 /TG 4712 /WY 5699,Meal (none specific),260315_MH788_12151325,text,True,2026-02-14T16:12:14.998765
15/3/2026,Sunday,BKK,arrival,13:30,PG132,Bangkok Airways,Duration: 1h 15m,12:15 - 13:30,"290 miles, 467 km",Airbus A319,133,AY 6846 /BR 3884 /CI 9838 /EK 4462 /EY 7756 /GF 4405 /HX 3788 /KC 1132 /LY 8480 /PR 3763 /QR 4364 /SQ 5384 /TG 5753 /VN 3072,Meal (none specific),260315_PG132_12151330,text,True,2026-02-14T16:12:15.242979
15/3/2026,Sunday,BKK,arrival,13:30,TG659,Thai Airways,Duration: 5h 55m,09:35 - 13:30,"2291 miles, 3686 km",Airbus A350-900,327,LY 8283 /OZ 6761 /TK 8381 /WY 5921,Meal (none specific),260315_TG659_09351330,text,True,2026-02-14T16:12:15.500645
15/3/2026,Sunday,BKK,arrival,13:30,VZ821,Vietjet Thailand,Duration: 6h 35m,08:55 - 13:30,"2599 miles, 4182 km",Boeing 737 Passenger,193,,Meal (none specific),260315_VZ821_08551330,text,True,2026-02-14T16:12:15.757590
15/3/2026,Sunday,BKK,arrival,13:35,AI2354,Air India,Duration: 4h 35m,07:30 - 13:35,"1894 miles, 3047 km",Airbus A320neo,165,BR 3702,Meal (none specific),260315_AI2354_07301335,text,True,2026-02-14T16:12:16.015949
15/3/2026,Sunday,BKK,arrival,13:35,PG224,Bangkok Airways,Duration: 1h 25m,12:10 - 13:35,"373 miles, 600 km",Airbus A319,133,AY 6850 /BR 3968 /CI 9618 /CX 6526 /EY 7649 /GF 4415 /HX 3804 /JL 5976 /KC 1224 /LH 4613 /LY 8462 /MH 4976 /PR 3707 /QF 3476 /QR 4415 /SQ 5440 /TG 5714,Meal (none specific),260315_PG224_12101335,text,True,2026-02-14T16:12:16.263309
15/3/2026,Sunday,BKK,arrival,13:35,TG105,Thai Airways,Duration: 1h 20m,12:15 - 13:35,"373 miles, 600 km",Airbus A320,156,BR 3433 /GF 6355 /LY 8408,Meal (none specific),260315_TG105_12151335,text,True,2026-02-14T16:12:16.511094
15/3/2026,Sunday,BKK,arrival,13:40,FD4105,Thai AirAsia,Duration: 1h 20m,12:20 - 13:40,"373 miles, 600 km",Airbus A320,180,,Meal (none specific),260315_FD4105_12201340,text,True,2026-02-14T16:12:16.762597
15/3/2026,Sunday,BKK,arrival,13:40,SV846,Saudia,Duration: 7h 0m,02:40 - 13:40,"3605 miles, 5800 km",Boeing 787-9,297,VN 3296,Meal (none specific),260315_SV846_02401340,text,True,2026-02-14T16:12:17.015607
15/3/2026,Sunday,BKK,arrival,13:40,VU131,Vietravel Airlines,Duration: 1h 35m,12:05 - 13:40,"447 miles, 719 km",Airbus A321,200,,Meal (none specific),260315_VU131_12051340,text,True,2026-02-14T16:12:17.276627
15/3/2026,Sunday,BKK,arrival,13:45,TG923,Thai Airways,Duration: 10h 50m,20:55 - 13:45,"5623 miles, 9047 km",Boeing 777-300ER,339,TP 8381,Meal (none specific),260315_TG923_20551345,text,True,2026-02-14T16:12:17.521931
15/3/2026,Sunday,BKK,arrival,13:45,TG404,Thai Airways,Duration: 2h 20m,12:25 - 13:45,"884 miles, 1422 km",Boeing 787-8,256,PG 4804,Meal (none specific),260315_TG404_12251345,text,True,2026-02-14T16:12:17.777727
15/3/2026,Sunday,BKK,arrival,13:50,FD4232,Thai AirAsia,Duration: 1h 15m,12:35 - 13:50,"361 miles, 581 km",Airbus A320,180,,Meal (none specific),260315_FD4232_12351350,text,True,2026-02-14T16:12:18.023553
15/3/2026,Sunday,BKK,arrival,13:50,LY83,El Al,Duration: 11h 20m,21:30 - 13:50,"4340 miles, 6983 km",Boeing 787,264,QF 5018 /TG 4586 /VN 3294,Meal (none specific),260315_LY83_21301350,text,True,2026-02-14T16:12:18.280096
15/3/2026,Sunday,BKK,arrival,13:55,FD4502,Thai AirAsia,Duration: 0h 55m,13:00 - 13:55,"236 miles, 380 km",Airbus A320,180,,Meal (none specific),260315_FD4502_13001355,text,True,2026-02-14T16:12:18.536773
15/3/2026,Sunday,BKK,arrival,13:55,VZ103,Vietjet Thailand,Duration: 1h 25m,12:30 - 13:55,"373 miles, 600 km",Airbus A320,180,,Meal (none specific),260315_VZ103_12301355,text,True,2026-02-14T16:12:18.786013
15/3/2026,Sunday,BKK,arrival,13:55,VZ305,Vietjet Thailand,Duration: 1h 30m,12:25 - 13:55,"420 miles, 676 km",Airbus A320,180,,Meal (none specific),260315_VZ305_12251355,text,True,2026-02-14T16:12:19.028811
15/3/2026,Sunday,BKK,arrival,14:00,9C6193,Spring Airlines,Duration: 3h 20m,11:40 - 14:00,"1251 miles, 2013 km",Airbus A320,180,,Meal (none specific),260315_9C6193_11401400,text,True,2026-02-14T16:12:19.282908
15/3/2026,Sunday,BKK,arrival,14:00,VZ221,Vietjet Thailand,Duration: 1h 15m,12:45 - 14:00,"298 miles, 479 km",Airbus A320,180,,Meal (none specific),260315_VZ221_12451400,text,True,2026-02-14T16:12:19.531124
15/3/2026,Sunday,BKK,arrival,14:05,CX653,Cathay Pacific,Duration: 3h 5m,12:00 - 14:05,"1055 miles, 1697 km",Airbus A330-300,286,AA 8941 /GF 4057 /PG 4556 /QR 5853 /OM 5643,Meal (none specific),260315_CX653_12001405,text,True,2026-02-14T16:12:19.776776
15/3/2026,Sunday,BKK,arrival,14:05,CZ5095,China Southern,Duration: 3h 10m,11:55 - 14:05,"1066 miles, 1715 km",Airbus A320,158,,Meal (none specific),260315_CZ5095_11551405,text,True,2026-02-14T16:12:20.029932
15/3/2026,Sunday,BKK,arrival,14:05,MU6087,China Eastern,Duration: 2h 45m,12:20 - 14:05,"806 miles, 1297 km",Boeing 737-200 Mixed Configuration,75,KQ 5269,Meal (none specific),260315_MU6087_12201405,text,True,2026-02-14T16:12:20.281861
15/3/2026,Sunday,BKK,arrival,14:05,VJ901,VietJet,Duration: 1h 50m,12:15 - 14:05,"621 miles, 999 km",Airbus A321,214,A1 2901 /W2 4901 /H1 4088,Meal (none specific),260315_VJ901_12151405,text,True,2026-02-14T16:12:20.527907
15/3/2026,Sunday,BKK,arrival,14:10,AI2355,Air India,Duration: 4h 15m,08:25 - 14:10,"1842 miles, 2964 km",Airbus A320neo,165,,Meal (none specific),260315_AI2355_08251410,text,True,2026-02-14T16:12:20.785835
15/3/2026,Sunday,BKK,arrival,14:10,TG416,Thai Airways,Duration: 2h 5m,13:05 - 14:10,"762 miles, 1226 km",Boeing 787-9,293,GF 6356 /MH 5860 /TK 8369,Meal (none specific),260315_TG416_13051410,text,True,2026-02-14T16:12:21.043220
15/3/2026,Sunday,BKK,arrival,14:20,HU429,Hainan Airlines,Duration: 5h 20m,10:00 - 14:20,"2073 miles, 3335 km",Boeing 737-800 Passenger,179,,Meal (none specific),260315_HU429_10001420,text,True,2026-02-14T16:12:21.290857
15/3/2026,Sunday,BKK,arrival,14:20,NX936,Air Macau,Duration: 2h 35m,12:45 - 14:20,"1032 miles, 1660 km",Airbus A320,158,,Meal (none specific),260315_NX936_12451420,text,True,2026-02-14T16:12:21.540334
15/3/2026,Sunday,BKK,arrival,14:20,PG276,Bangkok Airways,Duration: 1h 35m,12:45 - 14:20,"420 miles, 676 km",Airbus A319,133,AY 6862 /BR 3966 /CI 9716 /CX 6540 /EK 4523 /EY 7651 /GF 4421 /KC 1276 /LY 8490 /MH 4926 /PR 3725 /QF 3455 /QR 4380 /TG 5626 /TK 4486 /VN 3908 /WY 5812,Meal (none specific),260315_PG276_12451420,text,True,2026-02-14T16:12:21.803837
15/3/2026,Sunday,BKK,arrival,14:25,SB501,Aircalin,Duration: 11h 35m,20:50 - 14:25,"5903 miles, 9498 km",Airbus A330-900neo,291,,Meal (none specific),260315_SB501_20501425,text,True,2026-02-14T16:12:22.055965
15/3/2026,Sunday,BKK,arrival,14:25,TG601,Thai Airways,Duration: 2h 40m,12:45 - 14:25,"1055 miles, 1697 km",Boeing 777-300ER,339,GF 6301,Meal (none specific),260315_TG601_12451425,text,True,2026-02-14T16:12:22.306753
15/3/2026,Sunday,BKK,arrival,14:30,6E1053,IndiGo,Duration: 4h 15m,08:45 - 14:30,"1842 miles, 2964 km",Airbus A321neo,232,,Meal (none specific),260315_6E1053_08451430,text,True,2026-02-14T16:12:22.553035
15/3/2026,Sunday,BKK,arrival,14:30,CZ3081,China Southern,Duration: 3h 5m,12:25 - 14:30,"1066 miles, 1715 km",Boeing 737-800 Passenger,172,3U 7061,Meal (none specific),260315_CZ3081_12251430,text,True,2026-02-14T16:12:22.805872
15/3/2026,Sunday,BKK,arrival,14:30,VZ831,Vietjet Thailand,Duration: 7h 35m,08:55 - 14:30,"2905 miles, 4674 km",Boeing 737 Passenger,193,,Meal (none specific),260315_VZ831_08551430,text,True,2026-02-14T16:12:23.052059
15/3/2026,Sunday,BKK,arrival,14:35,HU7943,Hainan Airlines,Duration: 3h 25m,12:10 - 14:35,"1363 miles, 2193 km",Boeing 737-800 Passenger,179,,Meal (none specific),260315_HU7943_12101435,text,True,2026-02-14T16:12:23.306694
15/3/2026,Sunday,BKK,arrival,14:35,SQ710,Singapore Airlines,Duration: 2h 30m,13:05 - 14:35,"884 miles, 1422 km",Boeing 787,337,AC 5859 /NZ 3450 /PG 4706 /SK 8007 /VA 5720,Meal (none specific),260315_SQ710_13051435,text,True,2026-02-14T16:12:23.564340
15/3/2026,Sunday,BKK,arrival,14:35,VZ325,Vietjet Thailand,Duration: 1h 30m,13:05 - 14:35,"469 miles, 755 km",Airbus A320,180,,Meal (none specific),260315_VZ325_13051435,text,True,2026-02-14T16:12:23.815983
15/3/2026,Sunday,BKK,arrival,14:40,8M333,MAI,Duration: 1h 20m,12:50 - 14:40,"381 miles, 613 km",Airbus A320,180,UL 3310,Meal (none specific),260315_8M333_12501440,text,True,2026-02-14T16:12:24.061216
15/3/2026,Sunday,BKK,arrival,14:40,BR76,EVA Air,Duration: 11h 20m,21:20 - 14:40,"5753 miles, 9257 km",Boeing 777-300ER,333,TG 6385,Meal (none specific),260315_BR76_21201440,text,True,2026-02-14T16:12:24.310813
15/3/2026,Sunday,BKK,arrival,14:45,PG906,Bangkok Airways,Duration: 1h 25m,13:20 - 14:45,"235 miles, 378 km",ATR 42 / ATR 72,70,EK 4595 /EY 7684 /JL 5964 /LY 8470 /OS 8690 /QF 3443 /QR 4358 /TG 7087 /TK 4524,Meal (none specific),260315_PG906_13201445,text,True,2026-02-14T16:12:24.562907
15/3/2026,Sunday,BKK,arrival,14:45,TG657,Thai Airways,Duration: 5h 55m,10:50 - 14:45,"2291 miles, 3686 km",Boeing 787-9,293,LY 8444 /OZ 6737 /TK 8380 /WY 5919,Meal (none specific),260315_TG657_10501445,text,True,2026-02-14T16:12:24.808891
15/3/2026,Sunday,BKK,arrival,14:45,VN615,Vietnam Airlines,Duration: 2h 5m,12:40 - 14:45,"621 miles, 999 km",Airbus A321,184,LY 8246 /K6 3615 /PG 4284,Meal (none specific),260315_VN615_12401445,text,True,2026-02-14T16:12:25.061233
15/3/2026,Sunday,BKK,arrival,14:50,9C7279,Spring Airlines,Duration: 4h 45m,11:05 - 14:50,"1809 miles, 2911 km",Airbus A320,180,,Meal (none specific),260315_9C7279_11051450,text,True,2026-02-14T16:12:25.319586
15/3/2026,Sunday,BKK,arrival,14:50,HX775,Hong Kong Airlines,Duration: 3h 10m,12:40 - 14:50,"1055 miles, 1697 km",Airbus A321,220,TK 9221,Meal (none specific),260315_HX775_12401450,text,True,2026-02-14T16:12:25.568643
15/3/2026,Sunday,BKK,arrival,14:50,LH772,Lufthansa,Duration: 10h 30m,22:20 - 14:50,"5498 miles, 8846 km",Airbus A380-800 Passenger,509,,Meal (none specific),260315_LH772_22201450,text,True,2026-02-14T16:12:25.826799
15/3/2026,Sunday,BKK,arrival,14:50,LY81,El Al,Duration: 11h 20m,22:30 - 14:50,"4340 miles, 6983 km",Boeing 777,301,QF 5020 /TG 4584 /VN 3298,Meal (none specific),260315_LY81_22301450,text,True,2026-02-14T16:12:26.083555
15/3/2026,Sunday,BKK,arrival,14:55,FD4253,Thai AirAsia,Duration: 1h 30m,13:25 - 14:55,"502 miles, 808 km",Airbus A320,180,,Meal (none specific),260315_FD4253_13251455,text,True,2026-02-14T16:12:26.330869
15/3/2026,Sunday,BKK,arrival,14:55,MU741,China Eastern,Duration: 2h 40m,13:15 - 14:55,"806 miles, 1297 km",Boeing 737-500 (winglets) Passenger,168,KQ 5253,Meal (none specific),260315_MU741_13151455,text,True,2026-02-14T16:12:26.586965
15/3/2026,Sunday,BKK,arrival,15:00,BG388,Biman,Duration: 2h 45m,11:15 - 15:00,"979 miles, 1575 km",Boeing 737-800 Passenger,162,,Meal (none specific),260315_BG388_11151500,text,True,2026-02-14T16:12:26.848997
15/3/2026,Sunday,BKK,arrival,15:00,PG136,Bangkok Airways,Duration: 1h 15m,13:45 - 15:00,"290 miles, 467 km",Airbus A319,133,BR 3898 /CI 9724 /CX 6536 /EK 4427 /EY 7757 /GF 4407 /HX 3862 /KC 1136 /LY 8498 /MH 4916 /PR 3743 /QF 3497 /QR 4312 /SQ 5404 /TG 5987 /TK 4418 /VN 3772,Meal (none specific),260315_PG136_13451500,text,True,2026-02-14T16:12:27.097788
15/3/2026,Sunday,BKK,arrival,15:00,VZ961,Vietjet Thailand,Duration: 1h 45m,13:15 - 15:00,"526 miles, 846 km",Airbus A320,180,,Meal (none specific),260315_VZ961_13151500,text,True,2026-02-14T16:12:27.342576
15/3/2026,Sunday,BKK,arrival,15:00,VZ2303,Vietjet Thailand,Duration: 1h 30m,13:30 - 15:00,"420 miles, 676 km",Airbus A320,180,,Meal (none specific),260315_VZ2303_13301500,text,True,2026-02-14T16:12:27.594623
15/3/2026,Sunday,BKK,arrival,15:05,N0191,Norse,Duration: 11h 5m,22:00 - 15:05,"5183 miles, 8339 km",Boeing 787-9,338,A1 5963,Meal (none specific),260315_N0191_22001505,text,True,2026-02-14T16:12:27.862973
15/3/2026,Sunday,BKK,arrival,15:05,TG571,Thai Airways,Duration: 1h 10m,13:55 - 15:05,"322 miles, 518 km",Airbus A321neo,176,LY 8288 /TK 8017,Meal (none specific),260315_TG571_13551505,text,True,2026-02-14T16:12:28.114261
15/3/2026,Sunday,BKK,arrival,15:05,TK68,Turkish Airlines,Duration: 9h 25m,01:40 - 15:05,"4694 miles, 7553 km",Airbus A330-300,293,TG 7544,Meal (none specific),260315_TK68_01401505,text,True,2026-02-14T16:12:28.383108
15/3/2026,Sunday,BKK,arrival,15:10,IX264,Air India Express,Duration: 4h 40m,09:00 - 15:10,"1924 miles, 3096 km",Boeing 737MAX 8 Passenger,165,AI 9247,Meal (none specific),260315_IX264_09001510,text,True,2026-02-14T16:12:28.635712
15/3/2026,Sunday,BKK,arrival,15:10,PG158,Bangkok Airways,Duration: 1h 35m,13:35 - 15:10,"290 miles, 467 km",ATR 42 / ATR 72,70,BR 3948 /CI 9628 /EY 7748 /GF 4501 /PR 3758 /QR 4308 /SQ 5428 /TG 5935 /TK 4508,Meal (none specific),260315_PG158_13351510,text,True,2026-02-14T16:12:28.891393
15/3/2026,Sunday,BKK,arrival,15:10,TG208,Thai Airways,Duration: 1h 30m,13:40 - 15:10,"420 miles, 676 km",Airbus A320,156,GF 6388,Meal (none specific),260315_TG208_13401510,text,True,2026-02-14T16:12:29.154973
15/3/2026,Sunday,BKK,arrival,15:15,PG306,Bangkok Airways,Duration: 1h 0m,14:15 - 15:15,"144 miles, 232 km",ATR 42 / ATR 72,70,BR 3964 /CI 9736 /EK 4537 /EY 7741 /GA 9683 /GF 4423 /KC 1306 /PR 3719 /QF 3459 /QR 4390 /TG 5696 /TK 4500 /WY 5865,Meal (none specific),260315_PG306_14151515,text,True,2026-02-14T16:12:29.414720
15/3/2026,Sunday,BKK,arrival,15:15,TG641,Thai Airways,Duration: 7h 30m,09:45 - 15:15,"2905 miles, 4674 km",Airbus A350-900,327,LY 8430 /NH 5953,Meal (none specific),260315_TG641_09451515,text,True,2026-02-14T16:12:29.663533
15/3/2026,Sunday,BKK,arrival,15:20,JD619,Capital Airlines,Duration: 4h 35m,11:45 - 15:20,"1704 miles, 2742 km",Airbus A320,169,,Meal (none specific),260315_JD619_11451520,text,True,2026-02-14T16:12:29.916643
15/3/2026,Sunday,BKK,arrival,15:20,KR703,Cambodia Airways,Duration: 1h 20m,14:00 - 15:20,"325 miles, 523 km",Airbus A319,150,,Meal (none specific),260315_KR703_14001520,text,True,2026-02-14T16:12:30.164635
15/3/2026,Sunday,BKK,arrival,15:20,PG144,Bangkok Airways,Duration: 1h 15m,14:05 - 15:20,"290 miles, 467 km",Airbus A319,133,AY 6852 /BR 3982 /CI 9726 /CX 6518 /EK 4431 /EY 7760 /GF 4485 /HX 3856 /KC 1144 /LY 8482 /MH 4904 /PR 3748 /QF 3495 /QR 4318 /SQ 5408 /TG 5923 /TK 4433,Meal (none specific),260315_PG144_14051520,text,True,2026-02-14T16:12:30.416580
15/3/2026,Sunday,BKK,arrival,15:20,TG5,Thai Airways,Duration: 1h 10m,14:10 - 15:20,"291 miles, 468 km",Airbus A320,156,GF 6385 /MH 5859 /TK 8482,Meal (none specific),260315_TG5_14101520,text,True,2026-02-14T16:12:30.668599
15/3/2026,Sunday,BKK,arrival,15:25,SU644,Aeroflot,Duration: 7h 25m,11:00 - 15:25,"2785 miles, 4481 km",Boeing 737-800 (winglets) Passenger/BBJ2,158,,Meal (none specific),260315_SU644_11001525,text,True,2026-02-14T16:12:30.933804
15/3/2026,Sunday,BKK,arrival,15:25,TG107,Thai Airways,Duration: 1h 20m,14:05 - 15:25,"373 miles, 600 km",Airbus A320,156,,Meal (none specific),260315_TG107_14051525,text,True,2026-02-14T16:12:31.190426
15/3/2026,Sunday,BKK,arrival,15:25,TG476,Thai Airways,Duration: 9h 25m,10:00 - 15:25,"4695 miles, 7554 km",Airbus A350-900,327,GF 6376 /LY 8402 /TK 8007 /WY 5909,Meal (none specific),260315_TG476_10001525,text,True,2026-02-14T16:12:31.443067
15/3/2026,Sunday,BKK,arrival,15:25,VZ985,Vietjet Thailand,Duration: 1h 20m,14:05 - 15:25,"324 miles, 521 km",Airbus A320,180,,Meal (none specific),260315_VZ985_14051525,text,True,2026-02-14T16:12:31.700723
15/3/2026,Sunday,BKK,arrival,15:30,OS7,Austrian,Duration: 10h 5m,23:25 - 15:30,"5280 miles, 8496 km",Boeing 777-200 / 200ER,330,LH 6438 /TG 7203,Meal (none specific),260315_OS7_23251530,text,True,2026-02-14T16:12:31.955737
15/3/2026,Sunday,BKK,arrival,15:30,S76309,S7 Airlines,Duration: 6h 20m,10:10 - 15:30,"2689 miles, 4327 km",Boeing 737-800 (winglets) Passenger/BBJ2,176,,Meal (none specific),260315_S76309_10101530,text,True,2026-02-14T16:12:32.202852
15/3/2026,Sunday,BKK,arrival,15:35,VZ111,Vietjet Thailand,Duration: 1h 15m,14:20 - 15:35,"373 miles, 600 km",Boeing 737 Passenger,193,,Meal (none specific),260315_VZ111_14201535,text,True,2026-02-14T16:12:32.453917
15/3/2026,Sunday,BKK,arrival,15:40,TG649,Thai Airways,Duration: 6h 0m,11:40 - 15:40,"2327 miles, 3744 km",Airbus A330-300,281,LY 8440 /NH 5989 /TK 8383,Meal (none specific),260315_TG649_11401540,text,True,2026-02-14T16:12:32.699591
15/3/2026,Sunday,BKK,arrival,15:40,TG683,Thai Airways,Duration: 7h 5m,10:35 - 15:40,"2867 miles, 4613 km",Boeing 777-300ER,339,LY 8434 /NH 5599,Meal (none specific),260315_TG683_10351540,text,True,2026-02-14T16:12:32.948892
15/3/2026,Sunday,BKK,arrival,15:40,TG645,Thai Airways,Duration: 6h 40m,11:00 - 15:40,"2693 miles, 4333 km",Airbus A350-900,327,LY 8438 /NH 5981,Meal (none specific),260315_TG645_11001540,text,True,2026-02-14T16:12:33.202975
15/3/2026,Sunday,BKK,arrival,15:40,UO700,HK Express,Duration: 3h 10m,13:30 - 15:40,"1055 miles, 1697 km",Airbus A321,230,,Meal (none specific),260315_UO700_13301540,text,True,2026-02-14T16:12:33.454718
15/3/2026,Sunday,BKK,arrival,15:45,AQ1207,9 Air,Duration: 4h 0m,12:45 - 15:45,"976 miles, 1570 km",Boeing 737-800 Passenger,167,,Meal (none specific),260315_AQ1207_12451545,text,True,2026-02-14T16:12:33.711632
15/3/2026,Sunday,BKK,arrival,15:45,TG623,Thai Airways,Duration: 6h 45m,11:00 - 15:45,"2599 miles, 4182 km",Boeing 777-300ER,339,LY 8450 /NH 5597 /TK 8386,Meal (none specific),260315_TG623_11001545,text,True,2026-02-14T16:12:33.960690
15/3/2026,Sunday,BKK,arrival,15:45,TG621,Thai Airways,Duration: 3h 35m,13:10 - 15:45,"1366 miles, 2198 km",Boeing 787-8,256,AC 7421,Meal (none specific),260315_TG621_13101545,text,True,2026-02-14T16:12:34.221803
15/3/2026,Sunday,BKK,arrival,15:50,TG671,Thai Airways,Duration: 7h 50m,10:00 - 15:50,"3169 miles, 5099 km",Boeing 787-8,256,LY 8442 /NH 5985,Meal (none specific),260315_TG671_10001550,text,True,2026-02-14T16:12:34.473043
15/3/2026,Sunday,BKK,arrival,15:55,CX789,Cathay Pacific,Duration: 3h 10m,13:45 - 15:55,"1055 miles, 1697 km",Airbus A350-900,280,GF 4083 /OM 5651 /PG 4572 /AA 8925,Meal (none specific),260315_CX789_13451555,text,True,2026-02-14T16:12:34.764250
15/3/2026,Sunday,BKK,arrival,15:55,FD4111,Thai AirAsia,Duration: 1h 35m,14:20 - 15:55,"420 miles, 676 km",Airbus A320,180,,Meal (none specific),260315_FD4111_14201555,text,True,2026-02-14T16:12:35.023091
15/3/2026,Sunday,BKK,arrival,15:55,FM833,Shanghai Airlines,Duration: 5h 10m,11:45 - 15:55,"1809 miles, 2911 km",Boeing 737 Mixed Configuration,76,MU 8643,Meal (none specific),260315_FM833_11451555,text,True,2026-02-14T16:12:35.286042
15/3/2026,Sunday,BKK,arrival,15:55,TG133,Thai Airways,Duration: 1h 30m,14:25 - 15:55,"439 miles, 706 km",Airbus A320,156,BR 3423 /GF 6393 /MH 5628 /TK 8394,Meal (none specific),260315_TG133_14251555,text,True,2026-02-14T16:12:35.534052
15/3/2026,Sunday,BKK,arrival,16:00,BR68,EVA Air,Duration: 11h 40m,21:20 - 16:00,"5984 miles, 9628 km",Boeing 777-300ER,333,TG 6383,Meal (none specific),260315_BR68_21201600,text,True,2026-02-14T16:12:35.787046
15/3/2026,Sunday,BKK,arrival,16:00,FD4107,Thai AirAsia,Duration: 1h 30m,14:30 - 16:00,"373 miles, 600 km",Airbus A320,180,,Meal (none specific),260315_FD4107_14301600,text,True,2026-02-14T16:12:36.043952
15/3/2026,Sunday,BKK,arrival,16:00,KB152,Drukair,Duration: 3h 10m,11:50 - 16:00,"1205 miles, 1939 km",Airbus A319,118,,Meal (none specific),260315_KB152_11501600,text,True,2026-02-14T16:12:36.298615
15/3/2026,Sunday,BKK,arrival,16:00,PG942,Bangkok Airways,Duration: 2h 15m,13:45 - 16:00,"441 miles, 710 km",ATR 42 / ATR 72,70,AY 6948 /CX 6520 /EK 4573 /EY 7747 /GA 9591 /JL 5968 /KL 3986 /LY 8472 /MH 4974 /QF 3449 /QR 4428 /SQ 5482 /TG 7053 /TK 4544,Meal (none specific),260315_PG942_13451600,text,True,2026-02-14T16:12:36.548636
15/3/2026,Sunday,BKK,arrival,16:00,TG917,Thai Airways,Duration: 11h 25m,21:35 - 16:00,"5984 miles, 9628 km",Boeing 777-300ER,339,AC 7400 /BR 2228,Meal (none specific),260315_TG917_21351600,text,True,2026-02-14T16:12:36.797820
15/3/2026,Sunday,BKK,arrival,16:00,TR636,Scoot,Duration: 2h 35m,14:25 - 16:00,"884 miles, 1422 km",Boeing 787-8,331,SQ 8496,Meal (none specific),260315_TR636_14251600,text,True,2026-02-14T16:12:37.112524
15/3/2026,Sunday,BKK,arrival,16:05,B3700,Bhutan Airlines,Duration: 2h 40m,11:55 - 16:05,"1022 miles, 1644 km",Airbus A319,126,,Meal (none specific),260315_B3700_11551605,text,True,2026-02-14T16:12:37.390854
15/3/2026,Sunday,BKK,arrival,16:05,BA2231,British Airways,Duration: 11h 50m,21:15 - 16:05,"5980 miles, 9622 km",Boeing 777,267,IB 3603,Meal (none specific),260315_BA2231_21151605,text,True,2026-02-14T16:12:37.704928
15/3/2026,Sunday,BKK,arrival,16:05,IX882,Air India Express,Duration: 4h 0m,10:35 - 16:05,"1556 miles, 2504 km",Airbus A320neo,180,AI 9071,Meal (none specific),260315_IX882_10351605,text,True,2026-02-14T16:12:37.985652
15/3/2026,Sunday,BKK,arrival,16:05,MH782,Malaysia Airlines,Duration: 2h 15m,14:50 - 16:05,"762 miles, 1226 km",Boeing 737-800 (winglets) Passenger/BBJ2,166,8M 9511 /AY 6726 /FY 7486 /PG 4506 /TG 4706,Meal (none specific),260315_MH782_14501605,text,True,2026-02-14T16:12:38.258635
15/3/2026,Sunday,BKK,arrival,16:05,PG138,Bangkok Airways,Duration: 1h 35m,14:30 - 16:05,"290 miles, 467 km",ATR 42 / ATR 72,70,BR 3984 /CI 9710 /EK 4429 /EY 7758 /GF 4481 /HX 3860 /KC 1138 /PR 3765 /QF 3473 /QR 4314 /SQ 5386 /TG 5985 /VN 3774,Meal (none specific),260315_PG138_14301605,text,True,2026-02-14T16:12:38.510260
15/3/2026,Sunday,BKK,arrival,16:10,6E1067,IndiGo,Duration: 3h 35m,11:05 - 16:10,"1516 miles, 2439 km",Airbus A320neo,180,,Meal (none specific),260315_6E1067_11051610,text,True,2026-02-14T16:12:38.770951
15/3/2026,Sunday,BKK,arrival,16:10,FD4123,Thai AirAsia,Duration: 1h 30m,14:40 - 16:10,"420 miles, 676 km",Airbus A320,180,,Meal (none specific),260315_FD4123_14401610,text,True,2026-02-14T16:12:39.020154
15/3/2026,Sunday,BKK,arrival,16:10,QF295,Qantas,Duration: 9h 50m,10:20 - 16:10,"4695 miles, 7554 km",Airbus A330-300,279,KL 4893 /LY 8798 /AY 5024 /EK 5053 /PG 4528 /BA 7476,Meal (none specific),260315_QF295_10201610,text,True,2026-02-14T16:12:39.285026
15/3/2026,Sunday,BKK,arrival,16:10,VZ205,Vietjet Thailand,Duration: 1h 10m,15:00 - 16:10,"291 miles, 468 km",Airbus A320,180,,Meal (none specific),260315_VZ205_15001610,text,True,2026-02-14T16:12:39.538726
15/3/2026,Sunday,BKK,arrival,16:15,TG264,Thai Airways,Duration: 1h 35m,14:40 - 16:15,"469 miles, 755 km",Airbus A320,156,GF 6364 /MH 5840 /TK 8478,Meal (none specific),260315_TG264_14401615,text,True,2026-02-14T16:12:39.777968
15/3/2026,Sunday,BKK,arrival,16:20,NH847,ANA,Duration: 7h 15m,11:05 - 16:20,"2867 miles, 4613 km",Boeing 787-10,390,TG 6112 /ET 1402,Meal (none specific),260315_NH847_11051620,text,True,2026-02-14T16:12:40.033894
15/3/2026,Sunday,BKK,arrival,16:20,SK977,SAS,Duration: 11h 0m,23:20 - 16:20,"5396 miles, 8682 km",Airbus A350-900,300,,Meal (none specific),260315_SK977_23201620,text,True,2026-02-14T16:12:40.288560
15/3/2026,Sunday,BKK,arrival,16:20,VZ851,Vietjet Thailand,Duration: 6h 10m,12:10 - 16:20,"2291 miles, 3686 km",Airbus A321,195,,Meal (none specific),260315_VZ851_12101620,text,True,2026-02-14T16:12:40.549747
15/3/2026,Sunday,BKK,arrival,16:20,VZ335,Vietjet Thailand,Duration: 1h 20m,15:00 - 16:20,"361 miles, 581 km",Airbus A320,180,,Meal (none specific),260315_VZ335_15001620,text,True,2026-02-14T16:12:40.808890
15/3/2026,Sunday,BKK,arrival,16:25,GJ8021,Loong Air,Duration: 4h 50m,12:35 - 16:25,"1706 miles, 2745 km",Airbus A320,172,,Meal (none specific),260315_GJ8021_12351625,text,True,2026-02-14T16:12:41.063863
15/3/2026,Sunday,BKK,arrival,16:25,JL31,JAL,Duration: 7h 0m,11:25 - 16:25,"2867 miles, 4613 km",Boeing 777-300ER,244,AA 8433 /PG 4154 /UL 3359 /AS 7335 /HA 5002 /6E 3806,Meal (none specific),260315_JL31_11251625,text,True,2026-02-14T16:12:41.317607
15/3/2026,Sunday,BKK,arrival,16:25,VZ969,Vietjet Thailand,Duration: 2h 5m,14:20 - 16:25,"586 miles, 943 km",Boeing 737 Passenger,193,,Meal (none specific),260315_VZ969_14201625,text,True,2026-02-14T16:12:41.573751
15/3/2026,Sunday,BKK,arrival,16:30,JX745,Starlux,Duration: 4h 5m,13:25 - 16:30,"1554 miles, 2500 km",Airbus A321neo,188,,Meal (none specific),260315_JX745_13251630,text,True,2026-02-14T16:12:41.827766
15/3/2026,Sunday,BKK,arrival,16:30,TG324,Thai Airways,Duration: 4h 0m,11:00 - 16:30,"1842 miles, 2964 km",Airbus A321neo,176,NH 5946,Meal (none specific),260315_TG324_11001630,text,True,2026-02-14T16:12:42.073329
15/3/2026,Sunday,BKK,arrival,16:35,MF833,XiamenAir,Duration: 3h 35m,14:00 - 16:35,"1365 miles, 2196 km",Airbus A321neo,208,PG 4266,Meal (none specific),260315_MF833_14001635,text,True,2026-02-14T16:12:42.322836
15/3/2026,Sunday,BKK,arrival,16:35,PG274,Bangkok Airways,Duration: 1h 35m,15:00 - 16:35,"420 miles, 676 km",Airbus A320,162,AY 6864 /BA 2177 /BR 3986 /CI 9718 /CX 6516 /EK 4521 /EY 7621 /GF 4479 /HX 3828 /JL 5988 /KC 1274 /LH 4627 /MH 4934 /OS 8682 /PR 3723 /QF 3487 /QR 4378,Meal (none specific),260315_PG274_15001635,text,True,2026-02-14T16:12:42.574853
15/3/2026,Sunday,BKK,arrival,16:35,TG434,Thai Airways,Duration: 3h 30m,13:05 - 16:35,"1434 miles, 2307 km",Airbus A330-300,281,GF 6354 /LH 9713,Meal (none specific),260315_TG434_13051635,text,True,2026-02-14T16:12:42.820107
15/3/2026,Sunday,BKK,arrival,16:35,TG613,Thai Airways,Duration: 2h 15m,15:20 - 16:35,"806 miles, 1297 km",Boeing 777-200 / 200ER,292,ZH 3656,Meal (none specific),260315_TG613_15201635,text,True,2026-02-14T16:12:43.073848
15/3/2026,Sunday,BKK,arrival,16:35,VZ105,Vietjet Thailand,Duration: 1h 20m,15:15 - 16:35,"373 miles, 600 km",Airbus A320,180,,Meal (none specific),260315_VZ105_15151635,text,True,2026-02-14T16:12:43.325843
15/3/2026,Sunday,BKK,arrival,16:40,CA471,Air China,Duration: 3h 20m,14:20 - 16:40,"1178 miles, 1895 km",Airbus A321,180,,Meal (none specific),260315_CA471_14201640,text,True,2026-02-14T16:12:43.576917
15/3/2026,Sunday,BKK,arrival,16:40,TG45,Thai Airways,Duration: 1h 0m,15:40 - 16:40,"236 miles, 380 km",Airbus A320,156,GF 6345 /MH 5956 /TK 9264,Meal (none specific),260315_TG45_15401640,text,True,2026-02-14T16:12:43.818006
15/3/2026,Sunday,BKK,arrival,16:45,CI835,China Airlines,Duration: 3h 55m,13:50 - 16:45,"1554 miles, 2500 km",Airbus A330-300,309,PG 4902,Meal (none specific),260315_CI835_13501645,text,True,2026-02-14T16:12:44.066618
15/3/2026,Sunday,BKK,arrival,16:45,TG111,Thai Airways,Duration: 1h 20m,15:25 - 16:45,"373 miles, 600 km",Airbus A320,156,BR 3435 /GF 6381 /MH 5624,Meal (none specific),260315_TG111_15251645,text,True,2026-02-14T16:12:44.312031
15/3/2026,Sunday,BKK,arrival,16:45,VZ133,Vietjet Thailand,Duration: 1h 25m,15:20 - 16:45,"439 miles, 706 km",Airbus A320,180,,Meal (none specific),260315_VZ133_15201645,text,True,2026-02-14T16:12:44.549752
15/3/2026,Sunday,BKK,arrival,16:50,PG146,Bangkok Airways,Duration: 1h 15m,15:35 - 16:50,"290 miles, 467 km",Airbus A319,133,BR 3906 /CI 9754 /CX 6532 /EK 4433 /EY 7761 /GF 4487 /HX 3868 /KC 1146 /MH 4906 /PR 3757 /QR 4394 /SQ 5410 /TG 5925 /TK 4426 /VN 3932 /WY 5856,Meal (none specific),260315_PG146_15351650,text,True,2026-02-14T16:12:44.793781
15/3/2026,Sunday,BKK,arrival,16:50,TG633,Thai Airways,Duration: 3h 55m,13:55 - 16:50,"1554 miles, 2500 km",Boeing 777-300ER,339,BR 2221 /LY 8404 /TK 8375,Meal (none specific),260315_TG633_13551650,text,True,2026-02-14T16:12:45.042928
15/3/2026,Sunday,BKK,arrival,16:55,AI2332,Air India,Duration: 4h 20m,11:05 - 16:55,"1842 miles, 2964 km",Airbus A320neo,165,,Meal (none specific),260315_AI2332_11051655,text,True,2026-02-14T16:12:45.290894
15/3/2026,Sunday,BKK,arrival,16:55,G9816,Air Arabia,Duration: 6h 15m,07:40 - 16:55,"3055 miles, 4915 km",Airbus A321,176,,Meal (none specific),260315_G9816_07401655,text,True,2026-02-14T16:12:45.583987
15/3/2026,Sunday,BKK,arrival,17:00,SQ712,Singapore Airlines,Duration: 2h 35m,15:25 - 17:00,"884 miles, 1422 km",Boeing 787,337,NZ 3452 /PG 4708 /SK 8017 /VA 5722,Meal (none specific),260315_SQ712_15251700,text,True,2026-02-14T16:12:45.844664
15/3/2026,Sunday,BKK,arrival,17:00,VN627,Vietnam Airlines,Duration: 1h 45m,15:15 - 17:00,"526 miles, 846 km",Airbus A321,184,PG 4288 /SK 8200 /EY 7301,Meal (none specific),260315_VN627_15151700,text,True,2026-02-14T16:12:46.109105
15/3/2026,Sunday,BKK,arrival,17:05,CZ8023,China Southern,Duration: 3h 10m,14:55 - 17:05,"1066 miles, 1715 km",Airbus A320,158,3U 7073,Meal (none specific),260315_CZ8023_14551705,text,True,2026-02-14T16:12:46.373534
15/3/2026,Sunday,BKK,arrival,17:05,TG643,Thai Airways,Duration: 7h 20m,11:45 - 17:05,"2905 miles, 4674 km",Airbus A350-900,327,LY 8282 /NH 5955 /TK 8372,Meal (none specific),260315_TG643_11451705,text,True,2026-02-14T16:12:46.630195
15/3/2026,Sunday,BKK,arrival,17:10,TG669,Thai Airways,Duration: 3h 20m,14:50 - 17:10,"1066 miles, 1715 km",Airbus A350-900,327,PG 4838 /ZH 3652,Meal (none specific),260315_TG669_14501710,text,True,2026-02-14T16:12:46.877033
15/3/2026,Sunday,BKK,arrival,17:10,TG322,Thai Airways,Duration: 2h 30m,13:40 - 17:10,"979 miles, 1575 km",Airbus A330-300,281,PG 4823,Meal (none specific),260315_TG322_13401710,text,True,2026-02-14T16:12:47.125895
15/3/2026,Sunday,BKK,arrival,17:10,VZ107,Vietjet Thailand,Duration: 1h 25m,15:45 - 17:10,"373 miles, 600 km",Airbus A320,180,,Meal (none specific),260315_VZ107_15451710,text,True,2026-02-14T16:12:47.382628
15/3/2026,Sunday,BKK,arrival,17:15,MU5035,China Eastern,Duration: 3h 10m,15:05 - 17:15,"1178 miles, 1895 km",Airbus A320neo,158,,Meal (none specific),260315_MU5035_15051715,text,True,2026-02-14T16:12:47.657903
15/3/2026,Sunday,BKK,arrival,17:15,TG629,Thai Airways,Duration: 2h 45m,15:30 - 17:15,"1055 miles, 1697 km",Airbus A320,156,GF 6329,Meal (none specific),260315_TG629_15301715,text,True,2026-02-14T16:12:47.924563
15/3/2026,Sunday,BKK,arrival,17:15,TG414,Thai Airways,Duration: 2h 20m,15:55 - 17:15,"884 miles, 1422 km",Airbus A321neo,176,PG 4814,Meal (none specific),260315_TG414_15551715,text,True,2026-02-14T16:12:48.172981
15/3/2026,Sunday,BKK,arrival,17:20,3U3935,Sichuan Airlines,Duration: 3h 15m,15:05 - 17:20,"1178 miles, 1895 km",Airbus A320,165,CZ 1520,Meal (none specific),260315_3U3935_15051720,text,True,2026-02-14T16:12:48.423999
15/3/2026,Sunday,BKK,arrival,17:20,SU650,Aeroflot,Duration: 7h 20m,10:00 - 17:20,"3033 miles, 4880 km",Airbus A330-300,307,,Meal (none specific),260315_SU650_10001720,text,True,2026-02-14T16:12:48.686644
15/3/2026,Sunday,BKK,arrival,17:20,TG619,Thai Airways,Duration: 3h 15m,15:05 - 17:20,"1178 miles, 1895 km",Airbus A350-900,327,ZH 3654,Meal (none specific),260315_TG619_15051720,text,True,2026-02-14T16:12:48.936836
15/3/2026,Sunday,BKK,arrival,17:25,TR610,Scoot,Duration: 2h 25m,16:00 - 17:25,"884 miles, 1422 km",Boeing 787-8,331,SQ 8558,Meal (none specific),260315_TR610_16001725,text,True,2026-02-14T16:12:49.185797
15/3/2026,Sunday,BKK,arrival,17:30,FD4401,Thai AirAsia,Duration: 1h 25m,16:05 - 17:30,"406 miles, 653 km",Airbus A320,180,,Meal (none specific),260315_FD4401_16051730,text,True,2026-02-14T16:12:49.433247
15/3/2026,Sunday,BKK,arrival,17:30,VZ2301,Vietjet Thailand,Duration: 1h 30m,16:00 - 17:30,"420 miles, 676 km",Airbus A320,180,,Meal (none specific),260315_VZ2301_16001730,text,True,2026-02-14T16:12:49.682474
15/3/2026,Sunday,BKK,arrival,17:30,VZ571,Vietjet Thailand,Duration: 4h 0m,14:30 - 17:30,"1554 miles, 2500 km",Airbus A320,180,,Meal (none specific),260315_VZ571_14301730,text,True,2026-02-14T16:12:49.962123
15/3/2026,Sunday,BKK,arrival,17:35,CI839,China Airlines,Duration: 3h 50m,14:45 - 17:35,"1432 miles, 2304 km",Boeing 737-800 Passenger,172,AE 5319 /PG 4904,Meal (none specific),260315_CI839_14451735,text,True,2026-02-14T16:12:50.213028
15/3/2026,Sunday,BKK,arrival,17:35,TG212,Thai Airways,Duration: 1h 30m,16:05 - 17:35,"420 miles, 676 km",Airbus A320,156,GF 6312 /MH 5836,Meal (none specific),260315_TG212_16051735,text,True,2026-02-14T16:12:50.467557
15/3/2026,Sunday,BKK,arrival,17:40,MH774,Malaysia Airlines,Duration: 2h 20m,16:20 - 17:40,"762 miles, 1226 km",Boeing 737-800 (winglets) Passenger/BBJ2,166,AY 6622 /FY 7480 /PG 4522 /QR 4483 /RJ 3252 /TG 4716,Meal (none specific),260315_MH774_16201740,text,True,2026-02-14T16:12:50.721783
15/3/2026,Sunday,BKK,arrival,17:40,VJ903,VietJet,Duration: 1h 50m,15:50 - 17:40,"621 miles, 999 km",Airbus A321,214,H1 5163 /A1 2903 /W2 4903,Meal (none specific),260315_VJ903_15501740,text,True,2026-02-14T16:12:50.973116
15/3/2026,Sunday,BKK,arrival,17:45,PG154,Bangkok Airways,Duration: 1h 15m,16:30 - 17:45,"290 miles, 467 km",Airbus A319,133,BR 3904 /CI 9730 /EY 7624 /GF 4489 /HX 3890 /KC 1154 /PR 3779 /QR 4340 /SQ 5394 /TG 5584 /TK 4439 /VN 3778,Meal (none specific),260315_PG154_16301745,text,True,2026-02-14T16:12:51.224564
15/3/2026,Sunday,BKK,arrival,17:45,VZ225,Vietjet Thailand,Duration: 1h 20m,16:25 - 17:45,"298 miles, 479 km",Airbus A320,180,,Meal (none specific),260315_VZ225_16251745,text,True,2026-02-14T16:12:51.473840
15/3/2026,Sunday,BKK,arrival,17:50,9C7485,Spring Airlines,Duration: 2h 30m,16:20 - 17:50,"790 miles, 1271 km",Airbus A320,180,,Meal (none specific),260315_9C7485_16201750,text,True,2026-02-14T16:12:51.719026
15/3/2026,Sunday,BKK,arrival,17:50,FD4153,Thai AirAsia,Duration: 1h 25m,16:25 - 17:50,"439 miles, 706 km",Airbus A320,180,,Meal (none specific),260315_FD4153_16251750,text,True,2026-02-14T16:12:51.968718
15/3/2026,Sunday,BKK,arrival,17:50,FM855,Shanghai Airlines,Duration: 5h 5m,13:45 - 17:50,"1809 miles, 2911 km",Boeing 737 Mixed Configuration,76,MU 8611,Meal (none specific),260315_FM855_13451750,text,True,2026-02-14T16:12:52.221726
15/3/2026,Sunday,BKK,arrival,17:50,PR736,PAL,Duration: 3h 40m,15:10 - 17:50,"1366 miles, 2198 km",Airbus A321,190,PG 4394,Meal (none specific),260315_PR736_15101750,text,True,2026-02-14T16:12:52.468733
15/3/2026,Sunday,BKK,arrival,17:55,CZ363,China Southern,Duration: 3h 10m,15:45 - 17:55,"1066 miles, 1715 km",Airbus A321neo,198,3U 7041,Meal (none specific),260315_CZ363_15451755,text,True,2026-02-14T16:12:52.718942
15/3/2026,Sunday,BKK,arrival,17:55,FD4113,Thai AirAsia,Duration: 1h 35m,16:20 - 17:55,"420 miles, 676 km",Airbus A320,180,,Meal (none specific),260315_FD4113_16201755,text,True,2026-02-14T16:12:53.007091
15/3/2026,Sunday,BKK,arrival,17:55,VN619,Vietnam Airlines,Duration: 2h 5m,15:50 - 17:55,"621 miles, 999 km",Airbus A321,184,LY 8244 /K6 3619 /PG 4286 /KL 3087 /KQ 5303 /SK 8252,Meal (none specific),260315_VN619_15501755,text,True,2026-02-14T16:12:53.250818
15/3/2026,Sunday,BKK,arrival,17:55,VZ343,Vietjet Thailand,Duration: 1h 25m,16:30 - 17:55,"406 miles, 653 km",Airbus A320,180,,Meal (none specific),260315_VZ343_16301755,text,True,2026-02-14T16:12:53.505923
15/3/2026,Sunday,BKK,arrival,18:00,EY406,Etihad,Duration: 6h 15m,08:45 - 18:00,"3103 miles, 4993 km",Boeing 777-300ER,373,GA 9378 /MS 8130 /PG 4015 /UX 2733 /VN 3726,Meal (none specific),260315_EY406_08451800,text,True,2026-02-14T16:12:53.766761
15/3/2026,Sunday,BKK,arrival,18:05,CA959,Air China,Duration: 5h 25m,13:40 - 18:05,"2073 miles, 3335 km",Boeing 777-300ER,333,SC 129,Meal (none specific),260315_CA959_13401805,text,True,2026-02-14T16:12:54.010318
15/3/2026,Sunday,BKK,arrival,18:05,EK370,Emirates,Duration: 6h 10m,08:55 - 18:05,"3064 miles, 4930 km",Boeing 777-300ER,355,QF 8370,Meal (none specific),260315_EK370_08551805,text,True,2026-02-14T16:12:54.275578
15/3/2026,Sunday,BKK,arrival,18:05,HU721,Hainan Airlines,Duration: 2h 30m,16:35 - 18:05,"778 miles, 1252 km",Boeing 737-800 Passenger,179,,Meal (none specific),260315_HU721_16351805,text,True,2026-02-14T16:12:54.522818
15/3/2026,Sunday,BKK,arrival,18:05,IX215,Air India Express,Duration: 4h 0m,12:35 - 18:05,"1425 miles, 2293 km",Boeing 737-800 Passenger,167,,Meal (none specific),260315_IX215_12351805,text,True,2026-02-14T16:12:54.773751
15/3/2026,Sunday,BKK,arrival,18:05,VZ983,Vietjet Thailand,Duration: 1h 20m,16:45 - 18:05,"324 miles, 521 km",Airbus A320,180,,Meal (none specific),260315_VZ983_16451805,text,True,2026-02-14T16:12:55.018991
15/3/2026,Sunday,BKK,arrival,18:15,8M331,MAI,Duration: 1h 20m,16:25 - 18:15,"381 miles, 613 km",Airbus A319,134,UL 3301,Meal (none specific),260315_8M331_16251815,text,True,2026-02-14T16:12:55.273039
15/3/2026,Sunday,BKK,arrival,18:15,CX701,Cathay Pacific,Duration: 3h 10m,16:05 - 18:15,"1055 miles, 1697 km",Boeing 777-300,438,BA 4565 /OM 5639 /PG 4560 /QR 3451,Meal (none specific),260315_CX701_16051815,text,True,2026-02-14T16:12:55.519950
15/3/2026,Sunday,BKK,arrival,18:15,CZ8323,China Southern,Duration: 3h 5m,16:10 - 18:15,"1062 miles, 1709 km",Airbus A321,188,,Meal (none specific),260315_CZ8323_16101815,text,True,2026-02-14T16:12:55.770681
15/3/2026,Sunday,BKK,arrival,18:15,TG328,Thai Airways,Duration: 3h 5m,13:40 - 18:15,"1288 miles, 2072 km",Airbus A320,156,,Meal (none specific),260315_TG328_13401815,text,True,2026-02-14T16:12:56.033082
15/3/2026,Sunday,BKK,arrival,18:15,TG320,Thai Airways,Duration: 3h 30m,13:30 - 18:15,"1393 miles, 2241 km",Airbus A330-300,281,,Meal (none specific),260315_TG320_13301815,text,True,2026-02-14T16:12:56.278747
15/3/2026,Sunday,BKK,arrival,18:15,VZ567,Vietjet Thailand,Duration: 4h 0m,15:15 - 18:15,"1554 miles, 2500 km",Airbus A320,180,,Meal (none specific),260315_VZ567_15151815,text,True,2026-02-14T16:12:56.542868
15/3/2026,Sunday,BKK,arrival,18:20,3U3771,Sichuan Airlines,Duration: 3h 30m,15:50 - 18:20,"1176 miles, 1892 km",Airbus A320,165,,Meal (none specific),260315_3U3771_15501820,text,True,2026-02-14T16:12:56.796004
15/3/2026,Sunday,BKK,arrival,18:20,PG162,Bangkok Airways,Duration: 1h 15m,17:05 - 18:20,"290 miles, 467 km",Airbus A319,133,BA 2181 /BR 3902 /CI 9822 /EY 7626 /KC 1162 /PR 3749 /QR 4353 /SQ 5398 /TG 5586 /TK 4452 /VN 3074 /WY 5849,Meal (none specific),260315_PG162_17051820,text,True,2026-02-14T16:12:57.038589
15/3/2026,Sunday,BKK,arrival,18:25,FM839,Shanghai Airlines,Duration: 4h 45m,14:40 - 18:25,"1809 miles, 2911 km",Boeing 737 Mixed Configuration,76,MU 8609,Meal (none specific),260315_FM839_14401825,text,True,2026-02-14T16:12:57.291212
15/3/2026,Sunday,BKK,arrival,18:25,QR828,Qatar Airways,Duration: 6h 35m,07:50 - 18:25,"3299 miles, 5308 km",Airbus A380-800 Passenger,517,WB 1625 /AA 8229 /AS 5764 /B6 6600 /BA 4493 /IB 6252 /J2 6828,Meal (none specific),260315_QR828_07501825,text,True,2026-02-14T16:12:57.543207
15/3/2026,Sunday,BKK,arrival,18:25,TG113,Thai Airways,Duration: 1h 20m,17:05 - 18:25,"373 miles, 600 km",Airbus A320,156,BR 3439 /LH 9709 /LY 8380,Meal (none specific),260315_TG113_17051825,text,True,2026-02-14T16:12:57.784978
15/3/2026,Sunday,BKK,arrival,18:30,KY8369,Kunming Airlines,Duration: 2h 25m,17:05 - 18:30,"806 miles, 1297 km",Boeing 737-800 Passenger,160,,Meal (none specific),260315_KY8369_17051830,text,True,2026-02-14T16:12:58.035597
15/3/2026,Sunday,BKK,arrival,18:30,VN607,Vietnam Airlines,Duration: 1h 25m,17:05 - 18:30,"447 miles, 719 km",Airbus A321,184,LY 8250 /K6 3607 /PG 4296 /KL 3086 /KQ 5302 /SK 8250,Meal (none specific),260315_VN607_17051830,text,True,2026-02-14T16:12:58.312806
15/3/2026,Sunday,BKK,arrival,18:30,ZH307,Shenzhen Airlines,Duration: 3h 0m,16:30 - 18:30,"1062 miles, 1709 km",Airbus A320,162,CA 7997 /TG 6463,Meal (none specific),260315_ZH307_16301830,text,True,2026-02-14T16:12:58.568960
15/3/2026,Sunday,BKK,arrival,18:35,FD4121,Thai AirAsia,Duration: 1h 15m,17:20 - 18:35,"373 miles, 600 km",Airbus A320,180,,Meal (none specific),260315_FD4121_17201835,text,True,2026-02-14T16:12:58.809928
15/3/2026,Sunday,BKK,arrival,18:40,EK372,Emirates,Duration: 6h 10m,09:30 - 18:40,"3064 miles, 4930 km",Airbus A380-800 Passenger,510,BT 5811 /QF 8372 /TP 6362,Meal (none specific),260315_EK372_09301840,text,True,2026-02-14T16:12:59.071834
15/3/2026,Sunday,BKK,arrival,18:40,TG216,Thai Airways,Duration: 1h 30m,17:10 - 18:40,"420 miles, 676 km",Airbus A320,156,LY 8412,Meal (none specific),260315_TG216_17101840,text,True,2026-02-14T16:12:59.316518
15/3/2026,Sunday,BKK,arrival,18:40,VZ109,Vietjet Thailand,Duration: 1h 20m,17:20 - 18:40,"373 miles, 600 km",Airbus A320,180,,Meal (none specific),260315_VZ109_17201840,text,True,2026-02-14T16:12:59.563308
15/3/2026,Sunday,BKK,arrival,18:45,EY420,Etihad,Duration: 6h 15m,09:30 - 18:45,"3103 miles, 4993 km",Airbus A321neo,172,PG 4009,Meal (none specific),260315_EY420_09301845,text,True,2026-02-14T16:12:59.811395
15/3/2026,Sunday,BKK,arrival,18:45,PG308,Bangkok Airways,Duration: 1h 0m,17:45 - 18:45,"144 miles, 232 km",ATR 42 / ATR 72,70,AY 6906 /BR 3954 /CI 9738 /EK 4539 /EY 7731 /JL 5994 /KC 1308 /KL 3725 /LH 4635 /LY 8456 /OS 8676 /PR 3721 /QR 4392 /TG 5692 /TK 4502 /WY 5897,Meal (none specific),260315_PG308_17451845,text,True,2026-02-14T16:13:00.076983
15/3/2026,Sunday,BKK,arrival,18:45,SQ714,Singapore Airlines,Duration: 2h 35m,17:10 - 18:45,"884 miles, 1422 km",Boeing 787,337,NZ 3464 /PG 4710 /SK 8021 /VA 5724,Meal (none specific),260315_SQ714_17101845,text,True,2026-02-14T16:13:00.327907
15/3/2026,Sunday,BKK,arrival,18:50,PG296,Bangkok Airways,Duration: 1h 30m,17:20 - 18:50,"406 miles, 653 km",Airbus A319,133,AY 6888 /BA 2197 /BR 3980 /CI 9620 /EK 4509 /EY 7617 /JL 5902 /KL 3741 /LH 4645 /LY 8454 /OS 8710 /PR 3733 /QR 4344 /TG 5646 /VN 3882 /WY 5825,Meal (none specific),260315_PG296_17201850,text,True,2026-02-14T16:13:00.577625
15/3/2026,Sunday,BKK,arrival,18:50,PG214,Bangkok Airways,Duration: 1h 20m,17:30 - 18:50,"254 miles, 409 km",ATR 42 / ATR 72,70,AY 6914 /CI 9614 /EK 4477 /EY 7685 /JL 5912 /KL 3752 /LH 4637 /LY 8458 /OS 8662 /PR 3717 /QR 4348 /TG 5677 /TK 4450,Meal (none specific),260315_PG214_17301850,text,True,2026-02-14T16:13:00.839098
15/3/2026,Sunday,BKK,arrival,18:50,S75703,S7 Airlines,Duration: 9h 55m,08:55 - 18:50,"3033 miles, 4880 km",Boeing 737-800 (winglets) Passenger/BBJ2,176,,Meal (none specific),260315_S75703_08551850,text,True,2026-02-14T16:13:01.091851
15/3/2026,Sunday,BKK,arrival,18:55,CZ8019,China Southern,Duration: 3h 5m,16:50 - 18:55,"1066 miles, 1715 km",Airbus A320neo,166,3U 7007,Meal (none specific),260315_CZ8019_16501855,text,True,2026-02-14T16:13:01.339747
15/3/2026,Sunday,BKK,arrival,18:55,PG164,Bangkok Airways,Duration: 1h 15m,17:40 - 18:55,"290 miles, 467 km",Airbus A319,133,BA 2183 /BR 3910 /CI 9828 /EK 4419 /EY 7628 /KC 1164 /PR 3787 /QR 4405 /SQ 5400 /TG 5955 /TK 4408 /VN 3766 /WY 5852,Meal (none specific),260315_PG164_17401855,text,True,2026-02-14T16:13:01.588019
15/3/2026,Sunday,BKK,arrival,19:00,JQ65,Jetstar,Duration: 9h 0m,13:00 - 19:00,"4536 miles, 7298 km",Boeing 787-8,335,6E 3955 /AY 6438,Meal (none specific),260315_JQ65_13001900,text,True,2026-02-14T16:13:01.834626
15/3/2026,Sunday,BKK,arrival,19:00,TG29,Thai Airways,Duration: 1h 5m,17:55 - 19:00,"298 miles, 479 km",Airbus A320,156,TK 8487,Meal (none specific),260315_TG29_17551900,text,True,2026-02-14T16:13:02.087569
15/3/2026,Sunday,BKK,arrival,19:00,UO702,HK Express,Duration: 3h 5m,16:55 - 19:00,"1055 miles, 1697 km",Airbus A320neo,188,,Meal (none specific),260315_UO702_16551900,text,True,2026-02-14T16:13:02.337627
15/3/2026,Sunday,BKK,arrival,19:00,VZ307,Vietjet Thailand,Duration: 1h 30m,17:30 - 19:00,"420 miles, 676 km",Airbus A320,180,,Meal (none specific),260315_VZ307_17301900,text,True,2026-02-14T16:13:02.600678
15/3/2026,Sunday,BKK,arrival,19:05,HX765,Hong Kong Airlines,Duration: 3h 10m,16:55 - 19:05,"1055 miles, 1697 km",Airbus A320,164,,Meal (none specific),260315_HX765_16551905,text,True,2026-02-14T16:13:02.845769
15/3/2026,Sunday,BKK,arrival,19:05,TR616,Scoot,Duration: 2h 30m,17:35 - 19:05,"884 miles, 1422 km",Boeing 787-9,375,SQ 8616,Meal (none specific),260315_TR616_17351905,text,True,2026-02-14T16:13:03.102148
15/3/2026,Sunday,BKK,arrival,19:05,VJ805,VietJet,Duration: 1h 30m,17:35 - 19:05,"447 miles, 719 km",Airbus A321,214,A1 2805 /W2 4805 /H1 4353,Meal (none specific),260315_VJ805_17351905,text,True,2026-02-14T16:13:03.344568
15/3/2026,Sunday,BKK,arrival,19:20,MH780,Malaysia Airlines,Duration: 2h 15m,18:05 - 19:20,"762 miles, 1226 km",Boeing 737-800 (winglets) Passenger/BBJ2,166,AY 6620 /FY 7484 /PG 4508 /QR 5416 /RJ 3254 /TG 4704,Meal (none specific),260315_MH780_18051920,text,True,2026-02-14T16:13:03.598669
15/3/2026,Sunday,BKK,arrival,19:25,QR826,Qatar Airways,Duration: 6h 35m,08:50 - 19:25,"3299 miles, 5308 km",Boeing 777-300ER,358,WB 1725 /AA 8299 /AS 5718 /B6 6608 /BA 2316 /IB 6332 /J2 6826,Meal (none specific),260315_QR826_08501925,text,True,2026-02-14T16:13:03.854765
15/3/2026,Sunday,BKK,arrival,19:25,TG432,Thai Airways,Duration: 4h 15m,16:10 - 19:25,"1848 miles, 2973 km",Airbus A350-900,327,OZ 9414,Meal (none specific),260315_TG432_16101925,text,True,2026-02-14T16:13:04.107900
15/3/2026,Sunday,BKK,arrival,19:30,JQ29,Jetstar,Duration: 9h 10m,14:20 - 19:30,"4581 miles, 7371 km",Boeing 787-8,335,6E 3975 /AY 6424 /QF 5559,Meal (none specific),260315_JQ29_14201930,text,True,2026-02-14T16:13:04.371030
15/3/2026,Sunday,BKK,arrival,19:30,PG712,Bangkok Airways,Duration: 4h 40m,12:50 - 19:30,"1978 miles, 3183 km",Airbus A319,133,AY 6958 /EY 7683 /JL 5996 /QR 4361 /TG 7057,Meal (none specific),260315_PG712_12501930,text,True,2026-02-14T16:13:04.687057
15/3/2026,Sunday,BKK,arrival,19:35,AI2337,Air India,Duration: 4h 35m,13:30 - 19:35,"1894 miles, 3047 km",Airbus A320neo,165,BR 3704,Meal (none specific),260315_AI2337_13301935,text,True,2026-02-14T16:13:04.929895
15/3/2026,Sunday,BKK,arrival,19:35,FD4109,Thai AirAsia,Duration: 1h 20m,18:15 - 19:35,"373 miles, 600 km",Airbus A320,180,,Meal (none specific),260315_FD4109_18151935,text,True,2026-02-14T16:13:05.200236
15/3/2026,Sunday,BKK,arrival,19:35,KY8367,Kunming Airlines,Duration: 2h 25m,18:10 - 19:35,"806 miles, 1297 km",Boeing 737-800 Passenger,160,,Meal (none specific),260315_KY8367_18101935,text,True,2026-02-14T16:13:05.443063
15/3/2026,Sunday,BKK,arrival,19:35,QV445,Lao Airlines,Duration: 1h 0m,18:35 - 19:35,"322 miles, 518 km",Airbus A320,150,PG 4445,Meal (none specific),260315_QV445_18351935,text,True,2026-02-14T16:13:05.691048
15/3/2026,Sunday,BKK,arrival,19:40,8M350,MAI,Duration: 1h 20m,17:50 - 19:40,"381 miles, 613 km",Airbus A320,180,UL 3316,Meal (none specific),260315_8M350_17501940,text,True,2026-02-14T16:13:05.937768
15/3/2026,Sunday,BKK,arrival,19:40,TG466,Thai Airways,Duration: 9h 10m,14:30 - 19:40,"4581 miles, 7371 km",Airbus A350-900,327,LH 9737 /LY 8420 /OS 8636 /TK 8003 /WY 5917,Meal (none specific),260315_TG466_14301940,text,True,2026-02-14T16:13:06.187572
15/3/2026,Sunday,BKK,arrival,19:40,VZ203,Vietjet Thailand,Duration: 1h 10m,18:30 - 19:40,"291 miles, 468 km",Airbus A320,180,,Meal (none specific),260315_VZ203_18301940,text,True,2026-02-14T16:13:06.431944
15/3/2026,Sunday,BKK,arrival,19:45,PG166,Bangkok Airways,Duration: 1h 15m,18:30 - 19:45,"290 miles, 467 km",Airbus A319,133,AY 6926 /BA 2185 /BR 3972 /CI 9844 /EY 7746 /HX 3782 /KC 1166 /MH 4890 /PR 3759 /QR 4368 /SQ 5466 /TG 5763 /TK 4412 /VN 3076,Meal (none specific),260315_PG166_18301945,text,True,2026-02-14T16:13:06.688623
15/3/2026,Sunday,BKK,arrival,19:45,TG631,Thai Airways,Duration: 3h 30m,17:15 - 19:45,"1432 miles, 2304 km",Airbus A320,156,TK 8497,Meal (none specific),260315_TG631_17151945,text,True,2026-02-14T16:13:06.935617
15/3/2026,Sunday,BKK,arrival,19:50,6E1063,IndiGo,Duration: 4h 10m,14:10 - 19:50,"1842 miles, 2964 km",Airbus A321neo,232,,Meal (none specific),260315_6E1063_14101950,text,True,2026-02-14T16:13:07.186616
15/3/2026,Sunday,BKK,arrival,19:50,FD4097,Thai AirAsia,Duration: 1h 25m,18:25 - 19:50,"373 miles, 600 km",Airbus A320,180,,Meal (none specific),260315_FD4097_18251950,text,True,2026-02-14T16:13:07.430344
15/3/2026,Sunday,BKK,arrival,19:55,VZ963,Vietjet Thailand,Duration: 1h 45m,18:10 - 19:55,"526 miles, 846 km",Airbus A320,180,,Meal (none specific),260315_VZ963_18101955,text,True,2026-02-14T16:13:07.670100
15/3/2026,Sunday,BKK,arrival,20:00,FD4205,Thai AirAsia,Duration: 1h 30m,18:30 - 20:00,"469 miles, 755 km",Airbus A320,180,,Meal (none specific),260315_FD4205_18302000,text,True,2026-02-14T16:13:07.918583
15/3/2026,Sunday,BKK,arrival,20:00,SQ720,Singapore Airlines,Duration: 2h 25m,18:35 - 20:00,"884 miles, 1422 km",Boeing 787,337,ET 1307 /NZ 3454 /PG 4712 /SK 8081 /VA 5726,Meal (none specific),260315_SQ720_18352000,text,True,2026-02-14T16:13:08.167392
15/3/2026,Sunday,BKK,arrival,20:00,VZ353,Vietjet Thailand,Duration: 1h 10m,18:50 - 20:00,"334 miles, 537 km",Airbus A320,180,,Meal (none specific),260315_VZ353_18502000,text,True,2026-02-14T16:13:08.418614
15/3/2026,Sunday,BKK,arrival,20:05,BI519,Royal Brunei Airlines,Duration: 2h 45m,18:20 - 20:05,"1146 miles, 1844 km",Airbus A320neo,150,TG 4604,Meal (none specific),260315_BI519_18202005,text,True,2026-02-14T16:13:08.666757
15/3/2026,Sunday,BKK,arrival,20:10,KR701,Cambodia Airways,Duration: 1h 0m,19:10 - 20:10,"325 miles, 523 km",Airbus A319,150,,Meal (none specific),260315_KR701_19102010,text,True,2026-02-14T16:13:08.917714
15/3/2026,Sunday,BKK,arrival,20:10,MU9613,China Eastern,Duration: 2h 40m,18:30 - 20:10,"806 miles, 1297 km",Boeing 737-200 Mixed Configuration,75,KQ 5289,Meal (none specific),260315_MU9613_18302010,text,True,2026-02-14T16:13:09.173850
15/3/2026,Sunday,BKK,arrival,20:15,PG160,Bangkok Airways,Duration: 1h 35m,18:40 - 20:15,"290 miles, 467 km",ATR 42 / ATR 72,70,BR 3950 /CI 9616 /EY 7749 /LY 8484 /PR 3769 /QR 4310 /TG 5936 /TK 4509,Meal (none specific),260315_PG160_18402015,text,True,2026-02-14T16:13:09.415988
15/3/2026,Sunday,BKK,arrival,20:15,PG176,Bangkok Airways,Duration: 1h 15m,19:00 - 20:15,"290 miles, 467 km",Airbus A319,133,BA 2187 /BR 3962 /CI 9740 /EY 7762 /JL 5984 /KC 1176 /LY 8496 /MH 4854 /PR 3747 /QR 4316 /TG 5977 /TK 4414 /VN 3078,Meal (none specific),260315_PG176_19002015,text,True,2026-02-14T16:13:09.668843
15/3/2026,Sunday,BKK,arrival,20:15,VN609,Vietnam Airlines,Duration: 1h 35m,18:40 - 20:15,"447 miles, 719 km",Airbus A321,184,K6 3609 /PG 4292 /SV 6990 /AY 6258 /KL 3084 /SK 8216,Meal (none specific),260315_VN609_18402015,text,True,2026-02-14T16:13:09.920652
15/3/2026,Sunday,BKK,arrival,20:15,VZ215,Vietjet Thailand,Duration: 1h 10m,19:05 - 20:15,"236 miles, 380 km",Airbus A320,180,,Meal (none specific),260315_VZ215_19052015,text,True,2026-02-14T16:13:10.170108
15/3/2026,Sunday,BKK,arrival,20:20,AI2304,Air India,Duration: 4h 20m,14:30 - 20:20,"1842 miles, 2964 km",Airbus A320neo,165,,Meal (none specific),260315_AI2304_14302020,text,True,2026-02-14T16:13:10.415689
15/3/2026,Sunday,BKK,arrival,20:25,TG137,Thai Airways,Duration: 1h 30m,18:55 - 20:25,"439 miles, 706 km",Airbus A320,156,LH 9705,Meal (none specific),260315_TG137_18552025,text,True,2026-02-14T16:13:10.666568
15/3/2026,Sunday,BKK,arrival,20:35,JQ75,Jetstar,Duration: 7h 0m,14:35 - 20:35,"3327 miles, 5353 km",Airbus A321neo,232,6E 3981 /AY 6444,Meal (none specific),260315_JQ75_14352035,text,True,2026-02-14T16:13:10.917175
15/3/2026,Sunday,BKK,arrival,20:35,TG408,Thai Airways,Duration: 2h 20m,19:15 - 20:35,"884 miles, 1422 km",Boeing 787-8,256,PG 4808,Meal (none specific),260315_TG408_19152035,text,True,2026-02-14T16:13:11.166210
15/3/2026,Sunday,BKK,arrival,20:40,EU2867,Chengdu Airlines,Duration: 3h 15m,18:25 - 20:40,"1178 miles, 1895 km",Airbus A320,175,,Meal (none specific),260315_EU2867_18252040,text,True,2026-02-14T16:13:11.414681
15/3/2026,Sunday,BKK,arrival,20:40,TG639,Thai Airways,Duration: 2h 45m,18:55 - 20:40,"1055 miles, 1697 km",Airbus A350-900,327,AC 7407 /NZ 4193 /OS 8604 /TK 8011,Meal (none specific),260315_TG639_18552040,text,True,2026-02-14T16:13:11.680817
15/3/2026,Sunday,BKK,arrival,20:45,5J943,Cebu Pacific,Duration: 3h 30m,18:15 - 20:45,"1336 miles, 2150 km",Airbus A320,178,,Meal (none specific),260315_5J943_18152045,text,True,2026-02-14T16:13:11.935578
15/3/2026,Sunday,BKK,arrival,20:45,PG184,Bangkok Airways,Duration: 1h 35m,19:10 - 20:45,"290 miles, 467 km",ATR 42 / ATR 72,70,AY 6920 /BA 2189 /BR 3946 /CI 9834 /EK 4465 /EY 7775 /HX 3898 /JL 5982 /KC 1184 /LY 8460 /PR 3771 /QR 4401 /TG 5993 /TK 4465,Meal (none specific),260315_PG184_19102045,text,True,2026-02-14T16:13:12.190182
15/3/2026,Sunday,BKK,arrival,20:50,PG936,Bangkok Airways,Duration: 1h 20m,19:30 - 20:50,"325 miles, 523 km",Airbus A319,133,AY 6880 /BA 2195 /EK 4567 /EY 7726 /GA 9585 /JL 5956 /KC 1936 /KL 3720 /LH 4631 /LX 4167 /LY 8466 /OS 8696 /QF 3439 /QR 4420 /TG 7026 /TK 4532,Meal (none specific),260315_PG936_19302050,text,True,2026-02-14T16:13:12.438702
15/3/2026,Sunday,BKK,arrival,20:50,PG908,Bangkok Airways,Duration: 1h 25m,19:25 - 20:50,"235 miles, 378 km",ATR 42 / ATR 72,70,AY 6938 /BA 2191 /EK 4597 /EY 7687 /JL 5962 /KL 3739 /LH 4633 /LY 8468 /OS 8692 /QR 4371 /TG 7065 /TK 4525,Meal (none specific),260315_PG908_19252050,text,True,2026-02-14T16:13:12.691633
15/3/2026,Sunday,BKK,arrival,20:50,TG472,Thai Airways,Duration: 9h 25m,15:25 - 20:50,"4695 miles, 7554 km",Airbus A350-900,327,LH 9727 /LY 8422 /OS 8640 /WY 5915,Meal (none specific),260315_TG472_15252050,text,True,2026-02-14T16:13:12.938625
15/3/2026,Sunday,BKK,arrival,20:55,9C7301,Spring Airlines,Duration: 4h 10m,17:45 - 20:55,"1498 miles, 2410 km",Airbus A320,180,,Meal (none specific),260315_9C7301_17452055,text,True,2026-02-14T16:13:13.191712
15/3/2026,Sunday,BKK,arrival,20:55,TG653,Thai Airways,Duration: 5h 55m,17:00 - 20:55,"2291 miles, 3686 km",Airbus A350-900,327,KU 6953 /LY 8284 /OZ 6763 /TK 8379,Meal (none specific),260315_TG653_17002055,text,True,2026-02-14T16:13:13.437035
15/3/2026,Sunday,BKK,arrival,20:55,TG665,Thai Airways,Duration: 4h 40m,17:15 - 20:55,"1809 miles, 2911 km",Airbus A350-900,327,PG 4842,Meal (none specific),260315_TG665_17152055,text,True,2026-02-14T16:13:13.713185
15/3/2026,Sunday,BKK,arrival,20:55,TG304,Thai Airways,Duration: 1h 25m,19:00 - 20:55,"381 miles, 613 km",Airbus A320,156,LH 9725 /OS 8618 /OZ 9420,Meal (none specific),260315_TG304_19002055,text,True,2026-02-14T16:13:13.970038
15/3/2026,Sunday,BKK,arrival,21:00,TG218,Thai Airways,Duration: 1h 35m,19:25 - 21:00,"420 miles, 676 km",Airbus A320,156,LY 8418 /TK 8396,Meal (none specific),260315_TG218_19252100,text,True,2026-02-14T16:13:14.210072
15/3/2026,Sunday,BKK,arrival,21:00,VN617,Vietnam Airlines,Duration: 2h 5m,18:55 - 21:00,"621 miles, 999 km",Airbus A321,184,K6 3617 /PG 4282 /KL 3085 /SK 8206,Meal (none specific),260315_VN617_18552100,text,True,2026-02-14T16:13:14.470051
15/3/2026,Sunday,BKK,arrival,21:05,6E1059,IndiGo,Duration: 4h 25m,15:10 - 21:05,"1894 miles, 3047 km",Airbus A321neo,232,,Meal (none specific),260315_6E1059_15102105,text,True,2026-02-14T16:13:14.721951
15/3/2026,Sunday,BKK,arrival,21:10,FD4353,Thai AirAsia,Duration: 1h 10m,20:00 - 21:10,"291 miles, 468 km",Airbus A320,180,,Meal (none specific),260315_FD4353_20002110,text,True,2026-02-14T16:13:15.014759
15/3/2026,Sunday,BKK,arrival,21:10,LJ1,Jin Air,Duration: 6h 0m,17:10 - 21:10,"2291 miles, 3686 km",Boeing 737-800 Passenger,188,,Meal (none specific),260315_LJ1_17102110,text,True,2026-02-14T16:13:15.277028
15/3/2026,Sunday,BKK,arrival,21:10,PG220,Bangkok Airways,Duration: 1h 25m,19:45 - 21:10,"373 miles, 600 km",Airbus A319,133,AY 6904 /BA 2175 /BR 3920 /CI 9850 /EK 4481 /EY 7710 /HX 3810 /JL 5990 /KC 1220 /KL 3732 /LH 4611 /LY 8474 /MH 4876 /OS 8680 /PR 3755 /QF 3479 /QR 4413,Meal (none specific),260315_PG220_19452110,text,True,2026-02-14T16:13:15.536619
15/3/2026,Sunday,BKK,arrival,21:10,PG172,Bangkok Airways,Duration: 1h 35m,19:35 - 21:10,"290 miles, 467 km",ATR 42 / ATR 72,70,BR 3992 /CI 9742 /EY 7744 /HX 3896 /KC 1172 /MH 4886 /PR 3778 /QR 4417 /TG 5933 /TK 4427,Meal (none specific),260315_PG172_19352110,text,True,2026-02-14T16:13:15.778583
15/3/2026,Sunday,BKK,arrival,21:10,VZ723,Vietjet Thailand,Duration: 1h 15m,19:55 - 21:10,"325 miles, 523 km",Airbus A320,180,,Meal (none specific),260315_VZ723_19552110,text,True,2026-02-14T16:13:16.025010
15/3/2026,Sunday,BKK,arrival,21:15,UB17,Myanmar National Airlines,Duration: 1h 25m,19:20 - 21:15,"381 miles, 613 km",Boeing 737-800 Passenger,167,,Meal (none specific),260315_UB17_19202115,text,True,2026-02-14T16:13:16.278978
15/3/2026,Sunday,BKK,arrival,21:20,BX727,Air Busan,Duration: 6h 30m,16:50 - 21:20,"2291 miles, 3686 km",Airbus A321,194,,Meal (none specific),260315_BX727_16502120,text,True,2026-02-14T16:13:16.524856
15/3/2026,Sunday,BKK,arrival,21:20,TG615,Thai Airways,Duration: 5h 15m,17:05 - 21:20,"2073 miles, 3335 km",Airbus A350-900,327,PG 4848,Meal (none specific),260315_TG615_17052120,text,True,2026-02-14T16:13:16.767040
15/3/2026,Sunday,BKK,arrival,21:25,PG278,Bangkok Airways,Duration: 1h 35m,19:50 - 21:25,"420 miles, 676 km",Airbus A320,162,AY 6870 /BA 2179 /BR 3996 /CI 9746 /EK 4525 /EY 7658 /HX 3834 /JL 5970 /KC 1278 /KL 3726 /LH 4615 /LY 8492 /MH 4868 /OS 8648 /PR 3727 /QR 4382 /TG 5630,Meal (none specific),260315_PG278_19502125,text,True,2026-02-14T16:13:17.018600
15/3/2026,Sunday,BKK,arrival,21:25,VZ135,Vietjet Thailand,Duration: 1h 25m,20:00 - 21:25,"439 miles, 706 km",Airbus A320,180,,Meal (none specific),260315_VZ135_20002125,text,True,2026-02-14T16:13:17.263046
15/3/2026,Sunday,BKK,arrival,21:25,YP601,Air Premia,Duration: 6h 10m,17:15 - 21:25,"2291 miles, 3686 km",Boeing 787-9,291,,Meal (none specific),260315_YP601_17152125,text,True,2026-02-14T16:13:17.522947
15/3/2026,Sunday,BKK,arrival,21:25,ZE511,Eastar Jet,Duration: 6h 20m,17:05 - 21:25,"2291 miles, 3686 km",Boeing 737-800 Passenger,167,,Meal (none specific),260315_ZE511_17052125,text,True,2026-02-14T16:13:17.764656
15/3/2026,Sunday,BKK,arrival,21:30,KE651,Korean Air,Duration: 6h 10m,17:20 - 21:30,"2291 miles, 3686 km",Boeing 787-9,273,DL 7852,Meal (none specific),260315_KE651_17202130,text,True,2026-02-14T16:13:18.009936
15/3/2026,Sunday,BKK,arrival,21:35,PG188,Bangkok Airways,Duration: 1h 15m,20:20 - 21:35,"290 miles, 467 km",Airbus A319,133,AY 6928 /BR 3944 /CI 9642 /EY 7631 /JL 5974 /KC 1188 /KL 3742 /LH 4643 /LY 8486 /OS 8656 /PR 3786 /QR 4334 /TG 5982 /TK 4431,Meal (none specific),260315_PG188_20202135,text,True,2026-02-14T16:13:18.256674
15/3/2026,Sunday,BKK,arrival,21:35,TG557,Thai Airways,Duration: 1h 25m,20:10 - 21:35,"447 miles, 719 km",Airbus A320,156,AC 7457 /LH 9707 /LY 8426 /OS 8620 /TK 8024,Meal (none specific),260315_TG557_20102135,text,True,2026-02-14T16:13:18.512198
15/3/2026,Sunday,BKK,arrival,21:40,TG575,Thai Airways,Duration: 1h 10m,20:30 - 21:40,"322 miles, 518 km",Airbus A321neo,176,LH 9735 /LY 8446 /OS 8624,Meal (none specific),260315_TG575_20302140,text,True,2026-02-14T16:13:18.757662
15/3/2026,Sunday,BKK,arrival,21:45,PG178,Bangkok Airways,Duration: 1h 15m,20:30 - 21:45,"290 miles, 467 km",Airbus A319,133,BR 3942 /CI 9848 /EY 7630 /JL 5980 /KC 1178 /KL 3744 /LH 4623 /OS 8652 /PR 3784 /QR 4332 /TG 5590,Meal (none specific),260315_PG178_20302145,text,True,2026-02-14T16:13:19.009803
15/3/2026,Sunday,BKK,arrival,21:45,TG250,Thai Airways,Duration: 1h 25m,20:20 - 21:45,"406 miles, 653 km",Airbus A320,156,BR 3418 /LH 9733 /LY 8424 /OS 8608 /OZ 9418 /TK 8398,Meal (none specific),260315_TG250_20202145,text,True,2026-02-14T16:13:19.274760
15/3/2026,Sunday,BKK,arrival,21:45,TG635,Thai Airways,Duration: 3h 55m,18:50 - 21:45,"1554 miles, 2500 km",Airbus A330-300,281,BR 2217 /LH 9729 /LY 8406,Meal (none specific),260315_TG635_18502145,text,True,2026-02-14T16:13:19.517484
15/3/2026,Sunday,BKK,arrival,21:50,DE2363,Condor,Duration: 2h 0m,20:50 - 21:50,"661 miles, 1064 km",Airbus A330-900neo,310,,Meal (none specific),260315_DE2363_20502150,text,True,2026-02-14T16:13:19.782164
15/3/2026,Sunday,BKK,arrival,21:50,NX992,Air Macau,Duration: 3h 0m,19:50 - 21:50,"1032 miles, 1660 km",Airbus A321,179,,Meal (none specific),260315_NX992_19502150,text,True,2026-02-14T16:13:20.033900
15/3/2026,Sunday,BKK,arrival,21:55,BX725,Air Busan,Duration: 5h 55m,18:00 - 21:55,"2310 miles, 3717 km",Airbus A321,194,OZ 9275,Meal (none specific),260315_BX725_18002155,text,True,2026-02-14T16:13:20.278595
15/3/2026,Sunday,BKK,arrival,21:55,FD4115,Thai AirAsia,Duration: 1h 30m,20:25 - 21:55,"420 miles, 676 km",Airbus A320,180,,Meal (none specific),260315_FD4115_20252155,text,True,2026-02-14T16:13:20.533070
15/3/2026,Sunday,BKK,arrival,22:00,OZ741,Asiana,Duration: 5h 55m,18:05 - 22:00,"2291 miles, 3686 km",Airbus A380-800 Passenger,495,OS 8052 /AC 6996 /TG 6727 /ET 1298,Meal (none specific),260315_OZ741_18052200,text,True,2026-02-14T16:13:20.788540
15/3/2026,Sunday,BKK,arrival,22:00,TG673,Thai Airways,Duration: 6h 35m,17:25 - 22:00,"2599 miles, 4182 km",Boeing 777-300ER,339,LY 8436 /NH 5959,Meal (none specific),260315_TG673_17252200,text,True,2026-02-14T16:13:21.041668
15/3/2026,Sunday,BKK,arrival,22:00,TG625,Thai Airways,Duration: 3h 15m,19:45 - 22:00,"1366 miles, 2198 km",Airbus A320,156,LH 9721 /OS 8632,Meal (none specific),260315_TG625_19452200,text,True,2026-02-14T16:13:21.298707
15/3/2026,Sunday,BKK,arrival,22:05,FD4409,Thai AirAsia,Duration: 1h 35m,20:30 - 22:05,"406 miles, 653 km",Airbus A320,180,,Meal (none specific),260315_FD4409_20302205,text,True,2026-02-14T16:13:21.546694
15/3/2026,Sunday,BKK,arrival,22:05,FD4504,Thai AirAsia,Duration: 1h 5m,21:00 - 22:05,"236 miles, 380 km",Airbus A320,180,,Meal (none specific),260315_FD4504_21002205,text,True,2026-02-14T16:13:21.810011
15/3/2026,Sunday,BKK,arrival,22:05,TG9,Thai Airways,Duration: 1h 10m,20:55 - 22:05,"291 miles, 468 km",Airbus A320,156,TK 8483,Meal (none specific),260315_TG9_20552205,text,True,2026-02-14T16:13:22.061257
15/3/2026,Sunday,BKK,arrival,22:10,TG47,Thai Airways,Duration: 1h 0m,21:10 - 22:10,"236 miles, 380 km",Airbus A320,156,TK 9265,Meal (none specific),260315_TG47_21102210,text,True,2026-02-14T16:13:22.318654
15/3/2026,Sunday,BKK,arrival,22:10,TG418,Thai Airways,Duration: 2h 5m,21:05 - 22:10,"762 miles, 1226 km",Boeing 787-9,293,KU 6938 /LH 9717 /MH 5862 /NH 5982 /OS 8634,Meal (none specific),260315_TG418_21052210,text,True,2026-02-14T16:13:22.617027
15/3/2026,Sunday,BKK,arrival,22:10,TR614,Scoot,Duration: 2h 45m,20:25 - 22:10,"884 miles, 1422 km",Airbus A320,180,SQ 8654,Meal (none specific),260315_TR614_20252210,text,True,2026-02-14T16:13:22.881855
15/3/2026,Sunday,BKK,arrival,22:10,VZ2107,Vietjet Thailand,Duration: 1h 20m,20:50 - 22:10,"373 miles, 600 km",Airbus A320,180,,Meal (none specific),260315_VZ2107_20502210,text,True,2026-02-14T16:13:23.131013
15/3/2026,Sunday,BKK,arrival,22:10,VZ2305,Vietjet Thailand,Duration: 1h 30m,20:40 - 22:10,"420 miles, 676 km",Airbus A320,180,,Meal (none specific),260315_VZ2305_20402210,text,True,2026-02-14T16:13:23.373700
15/3/2026,Sunday,BKK,arrival,22:10,VZ345,Vietjet Thailand,Duration: 1h 25m,20:45 - 22:10,"406 miles, 653 km",Airbus A320,180,,Meal (none specific),260315_VZ345_20452210,text,True,2026-02-14T16:13:23.617945
15/3/2026,Sunday,BKK,arrival,22:15,TG440,Thai Airways,Duration: 4h 15m,19:00 - 22:15,"1848 miles, 2973 km",Airbus A320,156,LH 9711 /OS 8596,Meal (none specific),260315_TG440_19002215,text,True,2026-02-14T16:13:23.877041
15/3/2026,Sunday,BKK,arrival,22:15,TG565,Thai Airways,Duration: 1h 50m,20:25 - 22:15,"621 miles, 999 km",Airbus A320,156,AC 7464 /LH 9719 /LY 8384 /OS 8600 /TK 8021,Meal (none specific),260315_TG565_20252215,text,True,2026-02-14T16:13:24.127857
15/3/2026,Sunday,BKK,arrival,22:15,TG268,Thai Airways,Duration: 1h 35m,20:40 - 22:15,"469 miles, 755 km",Airbus A320,156,LH 9739 /OS 8602 /TK 8479,Meal (none specific),260315_TG268_20402215,text,True,2026-02-14T16:13:24.379185
15/3/2026,Sunday,BKK,arrival,22:15,TG222,Thai Airways,Duration: 1h 35m,20:40 - 22:15,"420 miles, 676 km",Airbus A321neo,176,LH 9731 /OS 8606 /OZ 6767,Meal (none specific),260315_TG222_20402215,text,True,2026-02-14T16:13:24.637729
15/3/2026,Sunday,BKK,arrival,22:15,TG585,Thai Airways,Duration: 1h 20m,20:55 - 22:15,"325 miles, 523 km",Airbus A320,156,LH 9723,Meal (none specific),260315_TG585_20552215,text,True,2026-02-14T16:13:24.890910
15/3/2026,Sunday,BKK,arrival,22:15,ZG51,Zipair,Duration: 7h 15m,17:00 - 22:15,"2905 miles, 4674 km",Boeing 787-8,257,,Meal (none specific),260315_ZG51_17002215,text,True,2026-02-14T16:13:25.145792
15/3/2026,Sunday,BKK,arrival,22:20,8M372,MAI,Duration: 1h 20m,20:30 - 22:20,"381 miles, 613 km",Embraer 190,98,,Meal (none specific),260315_8M372_20302220,text,True,2026-02-14T16:13:25.392047
15/3/2026,Sunday,BKK,arrival,22:20,TG410,Thai Airways,Duration: 2h 20m,21:00 - 22:20,"884 miles, 1422 km",Boeing 777-300ER,339,AC 7419 /KU 6934 /OS 8610 /PG 4810,Meal (none specific),260315_TG410_21002220,text,True,2026-02-14T16:13:25.642813
15/3/2026,Sunday,BKK,arrival,22:25,FM853,Shanghai Airlines,Duration: 4h 25m,19:00 - 22:25,"1809 miles, 2911 km",Boeing 737 Mixed Configuration,76,MU 8613,Meal (none specific),260315_FM853_19002225,text,True,2026-02-14T16:13:25.894618
15/3/2026,Sunday,BKK,arrival,22:25,TG121,Thai Airways,Duration: 1h 20m,21:05 - 22:25,"373 miles, 600 km",Airbus A320,156,BR 3437 /LY 8410 /OS 8594 /OZ 6773 /TK 8390,Meal (none specific),260315_TG121_21052225,text,True,2026-02-14T16:13:26.143252
15/3/2026,Sunday,BKK,arrival,22:30,CZ361,China Southern,Duration: 3h 10m,20:20 - 22:30,"1066 miles, 1715 km",Boeing 737MAX 8 Passenger,175,3U 7039,Meal (none specific),260315_CZ361_20202230,text,True,2026-02-14T16:13:26.397932
15/3/2026,Sunday,BKK,arrival,22:30,TG677,Thai Airways,Duration: 7h 0m,17:30 - 22:30,"2905 miles, 4674 km",Boeing 777-300ER,339,AC 7412 /LY 8432 /NH 5951,Meal (none specific),260315_TG677_17302230,text,True,2026-02-14T16:13:26.658760
15/3/2026,Sunday,BKK,arrival,22:30,TG482,Thai Airways,Duration: 6h 55m,16:35 - 22:30,"3327 miles, 5353 km",Boeing 787-9,293,LY 8428 /OS 8616 /TK 8026 /WY 5901,Meal (none specific),260315_TG482_16352230,text,True,2026-02-14T16:13:26.924987
15/3/2026,Sunday,BKK,arrival,22:35,MU9621,China Eastern,Duration: 2h 30m,21:05 - 22:35,"806 miles, 1297 km",Boeing 737-200 Mixed Configuration,75,KQ 5267,Meal (none specific),260315_MU9621_21052235,text,True,2026-02-14T16:13:27.171994
15/3/2026,Sunday,BKK,arrival,22:35,TG436,Thai Airways,Duration: 3h 30m,19:05 - 22:35,"1434 miles, 2307 km",Airbus A350-900,327,OS 8592,Meal (none specific),260315_TG436_19052235,text,True,2026-02-14T16:13:27.420134
15/3/2026,Sunday,BKK,arrival,22:45,PG180,Bangkok Airways,Duration: 1h 35m,21:10 - 22:45,"290 miles, 467 km",ATR 42 / ATR 72,70,AY 6868 /BR 3900 /CI 9820 /EY 7752 /HX 3918 /KC 1180 /MH 4878 /QR 4343 /TG 5765 /TK 4464,Meal (none specific),260315_PG180_21102245,text,True,2026-02-14T16:13:27.666674
15/3/2026,Sunday,BKK,arrival,22:45,VZ569,Vietjet Thailand,Duration: 3h 55m,19:50 - 22:45,"1554 miles, 2500 km",Airbus A320,180,,Meal (none specific),260315_VZ569_19502245,text,True,2026-02-14T16:13:27.921019
15/3/2026,Sunday,BKK,arrival,22:55,NQ1,Air Japan,Duration: 7h 20m,17:35 - 22:55,"2905 miles, 4674 km",Boeing 787-8,324,,Meal (none specific),260315_NQ1_17352255,text,True,2026-02-14T16:13:28.164620
15/3/2026,Sunday,BKK,arrival,22:55,VZ309,Vietjet Thailand,Duration: 1h 35m,21:20 - 22:55,"420 miles, 676 km",Airbus A320,180,,Meal (none specific),260315_VZ309_21202255,text,True,2026-02-14T16:13:28.455715
15/3/2026,Sunday,BKK,arrival,23:00,PR732,PAL,Duration: 3h 50m,20:10 - 23:00,"1366 miles, 2198 km",Airbus A321,190,PG 4396,Meal (none specific),260315_PR732_20102300,text,True,2026-02-14T16:13:28.709597
15/3/2026,Sunday,BKK,arrival,23:05,HB295,Greater Bay Airlines,Duration: 3h 10m,20:55 - 23:05,"1055 miles, 1697 km",Boeing 737MAX 9 Passenger,147,,Meal (none specific),260315_HB295_20552305,text,True,2026-02-14T16:13:28.966566
15/3/2026,Sunday,BKK,arrival,23:10,MH796,Malaysia Airlines,Duration: 2h 10m,22:00 - 23:10,"762 miles, 1226 km",Boeing 737-800 (winglets) Passenger/BBJ2,166,AY 6722 /BA 8191 /PG 4513 /QR 4500 /TG 4714,Meal (none specific),260315_MH796_22002310,text,True,2026-02-14T16:13:29.221957
15/3/2026,Sunday,BKK,arrival,23:15,EK385,Emirates,Duration: 3h 15m,21:00 - 23:15,"1055 miles, 1697 km",Airbus A380-800 Passenger,510,,Meal (none specific),260315_EK385_21002315,text,True,2026-02-14T16:13:29.470296
15/3/2026,Sunday,BKK,arrival,23:20,AQ1435,9 Air,Duration: 4h 20m,20:00 - 23:20,"1400 miles, 2253 km",Boeing 737-800 Passenger,167,,Meal (none specific),260315_AQ1435_20002320,text,True,2026-02-14T16:13:29.725012
15/3/2026,Sunday,BKK,arrival,23:20,KE653,Korean Air,Duration: 6h 15m,19:05 - 23:20,"2291 miles, 3686 km",Boeing 777-300ER,282,DL 7825 /WS 6043 /KQ 5159,Meal (none specific),260315_KE653_19052320,text,True,2026-02-14T16:13:30.005584
15/3/2026,Sunday,BKK,arrival,23:20,VZ329,Vietjet Thailand,Duration: 1h 30m,21:50 - 23:20,"469 miles, 755 km",Airbus A320,180,,Meal (none specific),260315_VZ329_21502320,text,True,2026-02-14T16:13:30.252052
15/3/2026,Sunday,BKK,arrival,23:25,EY400,Etihad,Duration: 6h 5m,14:20 - 23:25,"3103 miles, 4993 km",Boeing 777-300ER,373,MS 8136 /PG 4017 /UX 2722,Meal (none specific),260315_EY400_14202325,text,True,2026-02-14T16:13:30.500130
15/3/2026,Sunday,BKK,arrival,23:25,HU7995,Hainan Airlines,Duration: 5h 25m,19:00 - 23:25,"2073 miles, 3335 km",Boeing 737-800 Passenger,179,,Meal (none specific),260315_HU7995_19002325,text,True,2026-02-14T16:13:30.751776
15/3/2026,Sunday,BKK,arrival,23:25,PG280,Bangkok Airways,Duration: 1h 35m,21:50 - 23:25,"420 miles, 676 km",Airbus A319,133,AY 6872 /BR 3926 /CI 9748 /EK 4527 /EY 7770 /HX 3836 /JL 5916 /KC 1280 /KL 3747 /MH 4870 /QR 4384 /TG 5634 /TK 4537,Meal (none specific),260315_PG280_21502325,text,True,2026-02-14T16:13:31.008598
15/3/2026,Sunday,BKK,arrival,23:30,OQ2361,Chongqing Airlines,Duration: 3h 15m,21:15 - 23:30,"1176 miles, 1892 km",Airbus A320neo,166,CZ 2361,Meal (none specific),260315_OQ2361_21152330,text,True,2026-02-14T16:13:31.255703
15/3/2026,Sunday,BKK,arrival,23:30,PG264,Bangkok Airways,Duration: 1h 30m,22:00 - 23:30,"406 miles, 653 km",Airbus A319,133,AY 6878 /BR 3930 /CI 9824 /EK 4513 /EY 7616 /HX 3794 /JL 5904 /KC 1264 /KL 3735 /QR 4370 /TG 5644 /TK 4498,Meal (none specific),260315_PG264_22002330,text,True,2026-02-14T16:13:31.498901
15/3/2026,Sunday,BKK,arrival,23:35,JL707,JAL,Duration: 7h 10m,18:25 - 23:35,"2905 miles, 4674 km",Boeing 787-8,211,AA 8411 /PG 4160 /UL 3341 /WS 5930 /AS 7339 /HA 5367 /6E 3811,Meal (none specific),260315_JL707_18252335,text,True,2026-02-14T16:13:31.751845
15/3/2026,Sunday,BKK,arrival,23:40,7C2551,Jeju Air,Duration: 6h 10m,19:30 - 23:40,"2310 miles, 3717 km",Boeing 737-800 Passenger,186,H1 9956,Meal (none specific),260315_7C2551_19302340,text,True,2026-02-14T16:13:32.013007
15/3/2026,Sunday,BKK,arrival,23:40,BR205,EVA Air,Duration: 3h 55m,20:45 - 23:40,"1554 miles, 2500 km",Boeing 787-10,342,AI 7063 /TG 6307 /TK 9458,Meal (none specific),260315_BR205_20452340,text,True,2026-02-14T16:13:32.261924
15/3/2026,Sunday,BKK,arrival,23:45,7C2503,Jeju Air,Duration: 6h 15m,19:30 - 23:45,"2291 miles, 3686 km",Boeing 737-800 Passenger,186,H1 9984,Meal (none specific),260315_7C2503_19302345,text,True,2026-02-14T16:13:32.503830
15/3/2026,Sunday,BKK,arrival,23:45,FD4420,Thai AirAsia,Duration: 1h 25m,22:20 - 23:45,"420 miles, 676 km",Airbus A320,180,,Meal (none specific),260315_FD4420_22202345,text,True,2026-02-14T16:13:32.754654
15/3/2026,Sunday,BKK,arrival,23:50,LJ21,Jin Air,Duration: 6h 10m,19:40 - 23:50,"2310 miles, 3717 km",Boeing 737-800 Passenger,188,,Meal (none specific),260315_LJ21_19402350,text,True,2026-02-14T16:13:33.039553
15/3/2026,Sunday,BKK,arrival,23:50,VZ119,Vietjet Thailand,Duration: 1h 25m,22:25 - 23:50,"373 miles, 600 km",Airbus A320,180,,Meal (none specific),260315_VZ119_22252350,text,True,2026-02-14T16:13:33.286814
15/3/2026,Sunday,BKK,arrival,23:55,MM91,Peach Aviation,Duration: 6h 45m,19:10 - 23:55,"2599 miles, 4182 km",Airbus A321,180,,Meal (none specific),260315_MM91_19102355,text,True,2026-02-14T16:13:33.528877
