arrival_airport,date,arrival_time,flight,airline,duration,distance,aircraft,seats,codeshare,meals
DFW,2026-02-14,00:12,F92632,Frontier,2h 6m,"644 miles, 1036 km",Airbus A321neo,238,Y4 2455,Meal (none specific)
DFW,2026-02-14,00:19,DL818,Delta,2h 26m,"733 miles, 1179 km",Airbus A321,212,AF 2621 /KE 7067 /KL 5413 /LA 6313 /SK 3716 /VS 4951 /WS 6499,Meal (none specific)
DFW,2026-02-14,00:20,AA3223,American Airlines,2h 57m,"1209 miles, 1945 km",Boeing 737MAX 8 Passenger,172,AS 4081,Meal (none specific)
DFW,2026-02-14,00:20,NK1149,Spirit,4h 21m,"1394 miles, 2243 km",Airbus A321neo,235,,Meal (none specific)
DFW,2026-02-14,00:31,AA1565,American Airlines,3h 31m,"1126 miles, 1812 km",Boeing 737-800 Passenger,172,AS 4384 /AT 5090 /BA 4943,Meal (none specific)
DFW,2026-02-14,00:38,AA1029,American Airlines,3h 1m,"939 miles, 1511 km",Airbus A321,190,AS 6444,Meal (none specific)
DFW,2026-02-14,00:49,AA676,American Airlines,2h 34m,"806 miles, 1297 km",Boeing 737-800 Passenger,172,BA 5173 /EI 7614,Meal (none specific)
DFW,2026-02-14,00:58,AA2860,American Airlines,2h 19m,"870 miles, 1400 km",Airbus A321,190,,Meal (none specific)
DFW,2026-02-14,00:59,F94964,Frontier,3h 12m,"1239 miles, 1994 km",Airbus A321,218,Y4 2861,Meal (none specific)
DFW,2026-02-14,01:11,F93284,Frontier,2h 24m,"870 miles, 1400 km",Airbus A320neo,186,Y4 2577,Meal (none specific)
DFW,2026-02-14,04:40,AS135,Alaska Airlines,3h 49m,"1667 miles, 2682 km",Boeing 737MAX 9 Passenger,178,HA 6380 /JX 7032 /KE 6119 /QR 2986 /TN 2328,Meal (none specific)
DFW,2026-02-14,04:50,AA2277,American Airlines,2h 52m,"1192 miles, 1918 km",Airbus A321,190,,Meal (none specific)
DFW,2026-02-14,05:00,AA799,American Airlines,3h 8m,"1350 miles, 2172 km",Boeing 737-800 Passenger,172,,Meal (none specific)
DFW,2026-02-14,05:01,AA1005,American Airlines,3h 26m,"1469 miles, 2364 km",Airbus A321,190,BA 5598 /CX 7602 /QF 4393,Meal (none specific)
DFW,2026-02-14,05:05,AA1378,American Airlines,4h 30m,"1790 miles, 2880 km",Boeing 737-800 Passenger,172,,Meal (none specific)
DFW,2026-02-14,05:08,AA1122,American Airlines,6h 13m,"2457 miles, 3953 km",Boeing 737MAX 8 Passenger,172,,Meal (none specific)
DFW,2026-02-14,05:13,AA2135,American Airlines,3h 14m,"1239 miles, 1994 km",Boeing 737MAX 8 Passenger,172,BA 5105 /CX 7603 /CZ 1660 /GF 6781 /TN 1186,Meal (none specific)
DFW,2026-02-14,05:20,AA3049,American Airlines,3h 40m,"1622 miles, 2610 km",Airbus A321,190,,Meal (none specific)
DFW,2026-02-14,05:30,IB363,Iberia,11h 35m,"4982 miles, 8016 km",Airbus A330,288,AA 8632 /AY 5657 /BA 4299 /QR 7235 /EI 5871,Meal (none specific)
DFW,2026-02-14,05:37,AA230,American Airlines,7h 7m,"3739 miles, 6016 km",Boeing 787-8,234,QR 2290,Meal (none specific)
DFW,2026-02-14,05:38,AA2056,American Airlines,3h 3m,"1239 miles, 1994 km",Airbus A321,190,MH 9482 /TN 1321,Meal (none specific)
DFW,2026-02-14,05:47,F91650,Frontier,2h 48m,"1059 miles, 1704 km",Airbus A321,218,Y4 2216,Meal (none specific)
DFW,2026-02-14,05:51,AA3075,American Airlines,3h 54m,"1667 miles, 2682 km",Airbus A321,190,,Meal (none specific)
DFW,2026-02-14,06:00,AA3047,American Airlines,3h 30m,"1469 miles, 2364 km",Airbus A321,190,IB 4709 /QF 4920,Meal (none specific)
DFW,2026-02-14,06:01,AA3907,American Airlines,0h 56m,"90 miles, 145 km",Embraer 175,73,AS 6122 /GF 4214 /QR 9628,Meal (none specific)
DFW,2026-02-14,06:01,NK1673,Spirit,2h 56m,"1239 miles, 1994 km",Airbus A321neo,235,,Meal (none specific)
DFW,2026-02-14,06:08,AA5492,American Airlines,1h 7m,"140 miles, 225 km",Canadair (Bombardier) Regional Jet 900,76,QR 8613,Meal (none specific)
DFW,2026-02-14,06:09,AA296,American Airlines,7h 9m,"3725 miles, 5994 km",Boeing 777-200 / 200ER,273,,Meal (none specific)
DFW,2026-02-14,06:12,AA2563,American Airlines,1h 12m,"191 miles, 307 km",Airbus A319,128,,Meal (none specific)
DFW,2026-02-14,06:13,AA6,American Airlines,7h 28m,"3799 miles, 6113 km",Boeing 777-200 / 200ER,273,AS 6251 /QF 3257,Meal (none specific)
DFW,2026-02-14,06:16,AA6384,American Airlines,1h 16m,"229 miles, 368 km",Canadair (Bombardier) Regional Jet 700 and Challenger 870,66,AS 6421 /QR 9379,Meal (none specific)
DFW,2026-02-14,06:18,AA2432,American Airlines,1h 18m,"225 miles, 362 km",Airbus A319,128,AS 6195,Meal (none specific)
DFW,2026-02-14,06:19,AA1090,American Airlines,1h 19m,"238 miles, 383 km",Airbus A319,128,AS 6250,Meal (none specific)
DFW,2026-02-14,06:20,AA6361,American Airlines,1h 20m,"310 miles, 499 km",Canadair (Bombardier) Regional Jet 700 and Challenger 870,66,,Meal (none specific)
DFW,2026-02-14,06:20,AA2616,American Airlines,1h 20m,"248 miles, 399 km",Airbus A320,150,AS 4327,Meal (none specific)
DFW,2026-02-14,06:25,AA940,American Airlines,10h 10m,"4915 miles, 7908 km",Boeing 777-200 / 200ER,273,,Meal (none specific)
DFW,2026-02-14,06:27,AA3714,American Airlines,1h 27m,"282 miles, 454 km",Embraer 175,73,,Meal (none specific)
DFW,2026-02-14,06:35,AA996,American Airlines,11h 10m,"5331 miles, 8578 km",Boeing 777-200 / 200ER,273,,Meal (none specific)
DFW,2026-02-14,06:35,AA5381,American Airlines,1h 35m,"399 miles, 642 km",Canadair (Bombardier) Regional Jet 900,76,AS 6260 /IB 4427,Meal (none specific)
DFW,2026-02-14,06:40,AA962,American Airlines,10h 40m,"5150 miles, 8286 km",Boeing 787-9,262,G3 6014 /JL 7205,Meal (none specific)
DFW,2026-02-14,06:46,AA5225,American Airlines,1h 46m,"384 miles, 618 km",Canadair (Bombardier) Regional Jet 700 and Challenger 870,65,AS 6502,Meal (none specific)
DFW,2026-02-14,06:53,AA1209,American Airlines,3h 54m,"1667 miles, 2682 km",Airbus A321neo,183,,Meal (none specific)
DFW,2026-02-14,07:00,AA116,American Airlines,7h 0m,"3725 miles, 5994 km",Boeing 787-9,262,QR 9067,Meal (none specific)
DFW,2026-02-14,07:02,NK2225,Spirit,2h 32m,"733 miles, 1179 km",Airbus A321 (sharklets),228,,Meal (none specific)
DFW,2026-02-14,07:04,AA4229,American Airlines,0h 59m,"113 miles, 182 km",Embraer 170,67,AS 6721,Meal (none specific)
DFW,2026-02-14,07:06,AA102,American Airlines,7h 16m,"3799 miles, 6113 km",Boeing 787-8,234,AS 4676 /BA 4427 /QF 3279 /QR 9074,Meal (none specific)
DFW,2026-02-14,07:07,AA5463,American Airlines,2h 7m,"501 miles, 806 km",Canadair (Bombardier) Regional Jet 900,76,AS 6429 /IB 8156 /QR 8599,Meal (none specific)
DFW,2026-02-14,07:10,AA4263,American Airlines,1h 26m,"331 miles, 533 km",Embraer 175,73,AS 4489 /IB 8105 /JL 7295 /QR 2398,Meal (none specific)
DFW,2026-02-14,07:13,AA4822,American Airlines,2h 4m,"565 miles, 909 km",Canadair (Bombardier) Regional Jet 900,75,QR 9428,Meal (none specific)
DFW,2026-02-14,07:15,AA2770,American Airlines,2h 44m,"733 miles, 1179 km",Boeing 737-800 Passenger,172,AS 6427,Meal (none specific)
DFW,2026-02-14,07:15,AA2272,American Airlines,1h 15m,"176 miles, 283 km",Airbus A321,190,AS 4188 /BA 4676 /JL 7269,Meal (none specific)
DFW,2026-02-14,07:15,AA6270,American Airlines,1h 10m,"93 miles, 150 km",Canadair (Bombardier) Regional Jet 700 and Challenger 870,66,AS 4141 /QR 9350,Meal (none specific)
DFW,2026-02-14,07:17,AA6266,American Airlines,1h 41m,"407 miles, 655 km",Canadair (Bombardier) Regional Jet 700 and Challenger 870,66,QR 9536,Meal (none specific)
DFW,2026-02-14,07:17,AA3997,American Airlines,1h 17m,"140 miles, 225 km",Embraer 170,67,AS 6059,Meal (none specific)
DFW,2026-02-14,07:19,AA3685,American Airlines,1h 19m,"314 miles, 505 km",Embraer 170,67,AS 6080 /BA 1777,Meal (none specific)
DFW,2026-02-14,07:19,AA3868,American Airlines,1h 19m,"165 miles, 265 km",Embraer 175,73,AS 6442 /QR 2786,Meal (none specific)
DFW,2026-02-14,07:19,AA1522,American Airlines,1h 51m,"472 miles, 759 km",Boeing 737-800 Passenger,172,AS 6394,Meal (none specific)
DFW,2026-02-14,07:19,AA3846,American Airlines,1h 19m,"181 miles, 291 km",Embraer 170,67,,Meal (none specific)
DFW,2026-02-14,07:20,AA2540,American Airlines,2h 10m,"587 miles, 944 km",Boeing 737-800 Passenger,172,AS 4191 /IB 8035 /QR 8625,Meal (none specific)
DFW,2026-02-14,07:21,AA2261,American Airlines,2h 9m,"553 miles, 890 km",Airbus A320,150,AS 4497,Meal (none specific)
DFW,2026-02-14,07:22,AA1658,American Airlines,1h 22m,"191 miles, 307 km",Boeing 737-800 Passenger,172,AS 6635 /JL 7279,Meal (none specific)
DFW,2026-02-14,07:22,AA5520,American Airlines,2h 22m,"599 miles, 964 km",Canadair (Bombardier) Regional Jet 900,76,AS 6272 /IB 4155 /JL 7287,Meal (none specific)
DFW,2026-02-14,07:22,AA5360,American Airlines,1h 47m,"352 miles, 566 km",Canadair (Bombardier) Regional Jet 700 and Challenger 870,65,QR 9058,Meal (none specific)
DFW,2026-02-14,07:22,AA3481,American Airlines,1h 47m,"434 miles, 698 km",Embraer 175,73,QR 7941,Meal (none specific)
DFW,2026-02-14,07:23,AA2326,American Airlines,2h 18m,"628 miles, 1010 km",Airbus A319,128,AS 4133 /JL 7524 /QR 8587,Meal (none specific)
DFW,2026-02-14,07:23,AA2342,American Airlines,1h 23m,"248 miles, 399 km",Airbus A321,190,AS 4328 /BA 5563,Meal (none specific)
DFW,2026-02-14,07:23,AA5396,American Airlines,1h 23m,"226 miles, 364 km",Canadair (Bombardier) Regional Jet 700 and Challenger 870,65,,Meal (none specific)
DFW,2026-02-14,07:24,AA5145,American Airlines,2h 24m,"604 miles, 972 km",Canadair (Bombardier) Regional Jet 900,76,JL 7249,Meal (none specific)
DFW,2026-02-14,07:24,AA5293,American Airlines,1h 54m,"409 miles, 658 km",Canadair (Bombardier) Regional Jet 900,76,QR 2348,Meal (none specific)
DFW,2026-02-14,07:25,AA1653,American Airlines,3h 10m,"939 miles, 1511 km",Airbus A321,190,AS 4530,Meal (none specific)
DFW,2026-02-14,07:25,AA3401,American Airlines,1h 25m,"310 miles, 499 km",Embraer 175,73,AS 4495 /BA 5640,Meal (none specific)
DFW,2026-02-14,07:25,AA6209,American Airlines,1h 25m,"190 miles, 306 km",Canadair (Bombardier) Regional Jet 700 and Challenger 870,66,BA 5036,Meal (none specific)
DFW,2026-02-14,07:25,AA1049,American Airlines,2h 45m,"774 miles, 1245 km",Boeing 737-800 Passenger,172,AS 4348 /JL 7645 /QR 8563,Meal (none specific)
DFW,2026-02-14,07:26,AA3724,American Airlines,1h 46m,"486 miles, 782 km",Embraer 175,73,AS 4549 /IB 8026,Meal (none specific)
DFW,2026-02-14,07:28,AA3826,American Airlines,1h 28m,"238 miles, 383 km",Embraer 170,67,AS 6724 /BA 4317,Meal (none specific)
DFW,2026-02-14,07:29,AA5301,American Airlines,1h 29m,"248 miles, 399 km",Canadair (Bombardier) Regional Jet 900,76,AS 4343 /JL 7243,Meal (none specific)
DFW,2026-02-14,07:30,AA3170,American Airlines,3h 0m,"930 miles, 1496 km",Airbus A320,150,AS 6572 /JL 7257,Meal (none specific)
DFW,2026-02-14,07:30,AA3471,American Airlines,1h 23m,"228 miles, 367 km",Embraer 175,73,QR 9076,Meal (none specific)
DFW,2026-02-14,07:30,AA2090,American Airlines,2h 0m,"449 miles, 722 km",Boeing 737-800 Passenger,172,AS 4091 /JL 7265,Meal (none specific)
DFW,2026-02-14,07:31,AA2753,American Airlines,2h 26m,"689 miles, 1109 km",Airbus A319,128,QR 2667,Meal (none specific)
DFW,2026-02-14,07:31,AA2551,American Airlines,1h 31m,"225 miles, 362 km",Boeing 737-800 Passenger,172,AS 4682 /BA 1844 /JL 7251,Meal (none specific)
DFW,2026-02-14,07:32,AA3761,American Airlines,3h 2m,"871 miles, 1401 km",Embraer 175,73,QR 2368,Meal (none specific)
DFW,2026-02-14,07:33,AA1940,American Airlines,1h 55m,"433 miles, 697 km",Boeing 737-800 Passenger,172,AS 6340 /IB 8075 /JL 7263,Meal (none specific)
DFW,2026-02-14,07:34,AA6329,American Airlines,1h 34m,"271 miles, 436 km",Canadair (Bombardier) Regional Jet 700 and Challenger 870,66,,Meal (none specific)
DFW,2026-02-14,07:34,AA1834,American Airlines,3h 14m,"987 miles, 1588 km",Airbus A321,190,,Meal (none specific)
DFW,2026-02-14,07:34,AA1472,American Airlines,1h 34m,"282 miles, 454 km",Airbus A319,128,AS 4474 /BA 4667,Meal (none specific)
DFW,2026-02-14,07:35,AA3647,American Airlines,1h 5m,"158 miles, 254 km",Embraer 175,73,AS 6746,Meal (none specific)
DFW,2026-02-14,07:35,AA3978,American Airlines,1h 35m,"285 miles, 459 km",Embraer 175,73,QR 8198,Meal (none specific)
DFW,2026-02-14,07:35,AA2782,American Airlines,2h 46m,"764 miles, 1229 km",Boeing 737-800 Passenger,172,AS 4357 /JL 7699 /QR 7921,Meal (none specific)
DFW,2026-02-14,07:35,AA3964,American Airlines,1h 35m,"296 miles, 476 km",Embraer 170,67,IB 8071 /QR 7582,Meal (none specific)
DFW,2026-02-14,07:35,AA3641,American Airlines,1h 35m,"305 miles, 491 km",Embraer 175,73,AS 4702 /BA 4846,Meal (none specific)
DFW,2026-02-14,07:35,AA1226,American Airlines,3h 35m,"1126 miles, 1812 km",Airbus A321,190,AS 4176,Meal (none specific)
DFW,2026-02-14,07:35,AA4106,American Airlines,1h 35m,"293 miles, 471 km",Embraer 175,73,QR 8742,Meal (none specific)
DFW,2026-02-14,07:35,AA5088,American Airlines,2h 12m,"541 miles, 870 km",Canadair (Bombardier) Regional Jet 900,76,QR 9108,Meal (none specific)
DFW,2026-02-14,07:35,AA994,American Airlines,2h 35m,"806 miles, 1297 km",Airbus A321neo,183,EI 7126,Meal (none specific)
DFW,2026-02-14,07:35,JL12,JAL,11h 40m,"6485 miles, 10434 km",Airbus A350-1000,239,AA 8478 /MH 9138,Meal (none specific)
DFW,2026-02-14,07:43,AA3818,American Airlines,1h 43m,"464 miles, 747 km",Embraer 170,67,IB 8070,Meal (none specific)
DFW,2026-02-14,07:44,AA1652,American Airlines,2h 44m,"735 miles, 1183 km",Boeing 737-800 Passenger,172,AS 4258 /BA 6729,Meal (none specific)
DFW,2026-02-14,07:45,AA6189,American Airlines,2h 30m,"633 miles, 1018 km",Canadair (Bombardier) Regional Jet 700 and Challenger 870,66,AS 6550,Meal (none specific)
DFW,2026-02-14,07:45,AA3976,American Airlines,1h 45m,"366 miles, 589 km",Embraer 175,73,BA 1967,Meal (none specific)
DFW,2026-02-14,07:45,AA5063,American Airlines,2h 45m,"769 miles, 1237 km",Canadair (Bombardier) Regional Jet 900,76,QR 9254,Meal (none specific)
DFW,2026-02-14,07:48,AA1189,American Airlines,3h 11m,"932 miles, 1500 km",Boeing 737-800 Passenger,172,AS 6648 /JL 7375,Meal (none specific)
DFW,2026-02-14,07:55,AA34,American Airlines,13h 35m,"7489 miles, 12050 km",Boeing 787-9,262,QF 4396,Meal (none specific)
DFW,2026-02-14,07:58,AA736,American Airlines,1h 58m,"570 miles, 917 km",Boeing 737-800 Passenger,172,BA 5795 /JL 7277,Meal (none specific)
DFW,2026-02-14,08:00,AA4277,American Airlines,2h 56m,"815 miles, 1311 km",Embraer 170,67,AS 4587 /JL 7389 /QR 8200,Meal (none specific)
DFW,2026-02-14,08:00,KE31,Korean Air,12h 40m,"6865 miles, 11046 km",Boeing 787-9,273,DL 7869,Meal (none specific)
DFW,2026-02-14,08:04,AA1800,American Airlines,3h 3m,"865 miles, 1392 km",Boeing 737-800 Passenger,172,AS 6313 /JL 7207 /QR 8209,Meal (none specific)
DFW,2026-02-14,08:06,AA1663,American Airlines,4h 6m,"1307 miles, 2103 km",Airbus A319,128,JL 7407,Meal (none specific)
DFW,2026-02-14,08:07,AA651,American Airlines,2h 7m,"644 miles, 1036 km",Airbus A321,190,,Meal (none specific)
DFW,2026-02-14,08:08,AA3938,American Airlines,3h 8m,"925 miles, 1488 km",Embraer 175,73,JL 7633 /QR 8660,Meal (none specific)
DFW,2026-02-14,08:10,AA1880,American Airlines,3h 8m,"921 miles, 1482 km",Boeing 737-800 Passenger,172,AS 4607 /JL 7255,Meal (none specific)
DFW,2026-02-14,08:11,AA6191,American Airlines,1h 11m,"129 miles, 208 km",Canadair (Bombardier) Regional Jet 700 and Challenger 870,66,,Meal (none specific)
DFW,2026-02-14,08:11,AA1266,American Airlines,1h 11m,"176 miles, 283 km",Boeing 737-800 Passenger,172,AS 4260 /BA 5093 /JL 7271,Meal (none specific)
DFW,2026-02-14,08:15,AA1360,American Airlines,2h 40m,"806 miles, 1297 km",Airbus A321,190,EI 7331,Meal (none specific)
DFW,2026-02-14,08:18,AA1108,American Airlines,3h 18m,"991 miles, 1595 km",Boeing 737-800 Passenger,172,JL 7345 /QR 2513,Meal (none specific)
DFW,2026-02-14,08:23,AA1282,American Airlines,1h 23m,"248 miles, 399 km",Airbus A321,190,AS 6148 /BA 2387 /JL 7275,Meal (none specific)
DFW,2026-02-14,08:25,AA8,American Airlines,14h 45m,"8354 miles, 13442 km",Boeing 787-9,262,QF 4927,Meal (none specific)
DFW,2026-02-14,08:30,AA3532,American Airlines,1h 55m,"606 miles, 975 km",Embraer 175,73,BA 1846 /JL 7689,Meal (none specific)
DFW,2026-02-14,08:30,AA1431,American Airlines,1h 30m,"282 miles, 454 km",Airbus A319,128,BA 4860 /IB 8109,Meal (none specific)
DFW,2026-02-14,08:31,AA1395,American Airlines,2h 47m,"857 miles, 1379 km",Boeing 737-800 Passenger,172,AS 4185 /IB 8231 /QR 9595,Meal (none specific)
DFW,2026-02-14,08:32,9X404,Southern,2h 32m,"322 miles, 518 km",Cessna (Light aircraft-single turboprop engine),9,,Meal (none specific)
DFW,2026-02-14,08:36,AA2262,American Airlines,2h 36m,"742 miles, 1194 km",Airbus A319,128,QR 8212,Meal (none specific)
DFW,2026-02-14,08:38,AA2607,American Airlines,3h 38m,"1126 miles, 1812 km",Boeing 737-800 Passenger,172,AS 6869 /JL 7393,Meal (none specific)
DFW,2026-02-14,08:39,AA2487,American Airlines,1h 59m,"462 miles, 743 km",Airbus A321,190,AS 4169 /BA 6973 /JL 7465,Meal (none specific)
DFW,2026-02-14,08:40,AA3736,American Airlines,2h 24m,"842 miles, 1355 km",Embraer 175,73,JL 7225,Meal (none specific)
DFW,2026-02-14,08:40,AA5235,American Airlines,2h 30m,"676 miles, 1088 km",Canadair (Bombardier) Regional Jet 900,76,QR 9172,Meal (none specific)
DFW,2026-02-14,08:44,AA6186,American Airlines,1h 29m,"314 miles, 505 km",Canadair (Bombardier) Regional Jet 700 and Challenger 870,66,BA 1789 /IB 4102 /QR 2384,Meal (none specific)
DFW,2026-02-14,08:45,AA761,American Airlines,2h 45m,"788 miles, 1268 km",Airbus A319,128,JL 7469 /QR 7600,Meal (none specific)
DFW,2026-02-14,08:47,AA2617,American Airlines,3h 47m,"1176 miles, 1892 km",Boeing 737MAX 8 Passenger,172,AS 4144 /AT 5093 /QR 2516,Meal (none specific)
DFW,2026-02-14,08:48,AA5256,American Airlines,2h 35m,"694 miles, 1117 km",Canadair (Bombardier) Regional Jet 900,76,QR 2828,Meal (none specific)
DFW,2026-02-14,08:49,AA1403,American Airlines,3h 49m,"1221 miles, 1965 km",Boeing 737-800 Passenger,172,,Meal (none specific)
DFW,2026-02-14,08:49,AA2274,American Airlines,3h 49m,"1216 miles, 1957 km",Airbus A320,150,AS 4769 /JL 7289 /QF 4147 /QR 7639,Meal (none specific)
DFW,2026-02-14,08:49,AA3220,American Airlines,1h 31m,"238 miles, 383 km",Boeing 737-800 Passenger,172,AS 4193 /BA 1988 /IB 4633 /JL 7508 /QR 2302,Meal (none specific)
DFW,2026-02-14,08:50,AA4168,American Airlines,1h 33m,"357 miles, 574 km",Embraer 175,73,BA 5219 /IB 4430 /QR 8654,Meal (none specific)
DFW,2026-02-14,08:50,AA4816,American Airlines,2h 50m,"979 miles, 1575 km",Canadair (Bombardier) Regional Jet 900,75,,Meal (none specific)
DFW,2026-02-14,08:52,UA358,United,1h 32m,"225 miles, 362 km",Boeing 737-900 Passenger,170,NZ 6520,Meal (none specific)
DFW,2026-02-14,08:55,AA5238,American Airlines,2h 38m,"697 miles, 1121 km",Canadair (Bombardier) Regional Jet 900,76,,Meal (none specific)
DFW,2026-02-14,08:55,AA1716,American Airlines,3h 25m,"1002 miles, 1612 km",Boeing 737-800 Passenger,172,AS 4675 /JL 7445 /QR 2554,Meal (none specific)
DFW,2026-02-14,08:55,EK221,Emirates,16h 15m,"8072 miles, 12988 km",Boeing 777-300ER,355,,Meal (none specific)
DFW,2026-02-14,08:58,AA5249,American Airlines,2h 28m,"645 miles, 1038 km",Canadair (Bombardier) Regional Jet 900,76,JL 7221 /QR 2519,Meal (none specific)
DFW,2026-02-14,08:58,AA2448,American Airlines,1h 57m,"472 miles, 759 km",Airbus A319,128,BA 5345,Meal (none specific)
DFW,2026-02-14,08:58,AA4169,American Airlines,1h 40m,"436 miles, 702 km",Embraer 175,73,QR 9036,Meal (none specific)
DFW,2026-02-14,08:59,AA1567,American Airlines,2h 44m,"733 miles, 1179 km",Boeing 737-800 Passenger,172,AS 6133 /JL 7281,Meal (none specific)
DFW,2026-02-14,08:59,AA2787,American Airlines,2h 29m,"633 miles, 1018 km",Airbus A321,190,AS 4013 /JL 7299,Meal (none specific)
DFW,2026-02-14,08:59,AA1786,American Airlines,3h 19m,"987 miles, 1588 km",Airbus A321,190,JL 7297,Meal (none specific)
DFW,2026-02-14,09:00,AA3370,American Airlines,2h 40m,"693 miles, 1115 km",Embraer 175,73,QR 8784,Meal (none specific)
DFW,2026-02-14,09:00,AA1827,American Airlines,2h 0m,"433 miles, 697 km",Airbus A319,128,AS 4171 /BA 4964 /IB 8213 /JL 7261 /QR 9135,Meal (none specific)
DFW,2026-02-14,09:00,AA1768,American Airlines,2h 0m,"449 miles, 722 km",Airbus A320,150,AS 4727 /BA 5148 /JL 7267 /QR 8575,Meal (none specific)
DFW,2026-02-14,09:00,AA3624,American Airlines,1h 45m,"366 miles, 589 km",Embraer 175,73,AS 6578 /BA 4855,Meal (none specific)
DFW,2026-02-14,09:01,AA3675,American Airlines,2h 56m,"984 miles, 1583 km",Embraer 175,73,QR 9616,Meal (none specific)
DFW,2026-02-14,09:01,AA5177,American Airlines,1h 46m,"384 miles, 618 km",Canadair (Bombardier) Regional Jet 700 and Challenger 870,65,BA 6817,Meal (none specific)
DFW,2026-02-14,09:01,AA5268,American Airlines,2h 29m,"624 miles, 1004 km",Canadair (Bombardier) Regional Jet 700 and Challenger 870,65,GF 6797 /QR 7758,Meal (none specific)
DFW,2026-02-14,09:02,AA2788,American Airlines,2h 2m,"595 miles, 957 km",Boeing 737-800 Passenger,172,BA 2461 /IB 4819,Meal (none specific)
DFW,2026-02-14,09:02,AA1066,American Airlines,3h 2m,"943 miles, 1517 km",Boeing 737MAX 8 Passenger,172,JL 7233 /QR 9217,Meal (none specific)
DFW,2026-02-14,09:02,AA1538,American Airlines,2h 48m,"825 miles, 1327 km",Airbus A319,128,QR 2880,Meal (none specific)
DFW,2026-02-14,09:04,AA1499,American Airlines,3h 18m,"1025 miles, 1649 km",Boeing 737-800 Passenger,172,JL 7464,Meal (none specific)
DFW,2026-02-14,09:05,AA6190,American Airlines,2h 24m,"599 miles, 964 km",Canadair (Bombardier) Regional Jet 700 and Challenger 870,66,AS 6302 /BA 6985 /IB 8094 /JL 7291,Meal (none specific)
DFW,2026-02-14,09:05,AA1518,American Airlines,1h 52m,"554 miles, 891 km",Airbus A319,128,BA 4368 /JL 7239,Meal (none specific)
DFW,2026-02-14,09:05,AA1561,American Airlines,3h 5m,"936 miles, 1506 km",Airbus A320,150,QR 2422,Meal (none specific)
DFW,2026-02-14,09:05,AA1795,American Airlines,3h 50m,"1236 miles, 1989 km",Boeing 737-800 Passenger,172,QR 9594,Meal (none specific)
DFW,2026-02-14,09:05,AA1845,American Airlines,3h 28m,"1072 miles, 1725 km",Boeing 737MAX 8 Passenger,172,AS 6875 /JL 7476 /QR 2676,Meal (none specific)
DFW,2026-02-14,09:06,AA3891,American Airlines,1h 6m,"158 miles, 254 km",Embraer 170,67,QR 7581,Meal (none specific)
DFW,2026-02-14,09:06,AA5157,American Airlines,2h 59m,"865 miles, 1392 km",Canadair (Bombardier) Regional Jet 900,76,AS 4027 /JL 7655 /QR 8572,Meal (none specific)
DFW,2026-02-14,09:06,AA5464,American Airlines,2h 59m,"863 miles, 1389 km",Canadair (Bombardier) Regional Jet 700 and Challenger 870,65,QR 9253,Meal (none specific)
DFW,2026-02-14,09:07,AA1410,American Airlines,2h 7m,"553 miles, 890 km",Airbus A319,128,AS 4540 /BA 4752 /IB 4183 /JL 7254 /QR 8581,Meal (none specific)
DFW,2026-02-14,09:09,AA5355,American Airlines,3h 6m,"876 miles, 1409 km",Canadair (Bombardier) Regional Jet 900,76,QR 2518,Meal (none specific)
DFW,2026-02-14,09:09,AA2729,American Airlines,4h 25m,"1476 miles, 2375 km",Boeing 737-800 Passenger,172,AS 6422 /QF 3285 /QR 7965,Meal (none specific)
DFW,2026-02-14,09:09,AA3445,American Airlines,2h 38m,"840 miles, 1352 km",Embraer 175,73,QR 2417,Meal (none specific)
DFW,2026-02-14,09:10,AA2335,American Airlines,2h 1m,"570 miles, 917 km",Airbus A321,190,BA 1651 /IB 4642 /JL 7231,Meal (none specific)
DFW,2026-02-14,09:10,AA3152,American Airlines,1h 33m,"225 miles, 362 km",Boeing 737MAX 8 Passenger,172,AS 6382 /BA 6563 /IB 4109 /JL 7253,Meal (none specific)
DFW,2026-02-14,09:11,AA2527,American Airlines,4h 39m,"1567 miles, 2521 km",Airbus A321,190,JL 7203,Meal (none specific)
DFW,2026-02-14,09:11,AA2435,American Airlines,3h 11m,"928 miles, 1493 km",Boeing 737-800 Passenger,172,AS 4330 /QR 2205,Meal (none specific)
DFW,2026-02-14,09:11,AA1169,American Airlines,4h 1m,"1205 miles, 1939 km",Boeing 737-800 Passenger,172,AS 6204 /JL 7815 /PD 6001 /QR 8215,Meal (none specific)
DFW,2026-02-14,09:12,AA3285,American Airlines,2h 12m,"644 miles, 1036 km",Airbus A321,190,JL 7259,Meal (none specific)
DFW,2026-02-14,09:12,AA6302,American Airlines,2h 22m,"677 miles, 1089 km",Canadair (Bombardier) Regional Jet 700 and Challenger 870,66,,Meal (none specific)
DFW,2026-02-14,09:12,AA3183,American Airlines,1h 37m,"305 miles, 491 km",Airbus A319,128,AS 4166 /BA 1968 /IB 4865 /JL 7447 /QR 9320,Meal (none specific)
DFW,2026-02-14,09:13,AA2896,American Airlines,2h 43m,"806 miles, 1297 km",Boeing 737-800 Passenger,172,EI 7101,Meal (none specific)
DFW,2026-02-14,09:14,9X436,Southern,2h 4m,"252 miles, 405 km",Cessna (Light aircraft-single turboprop engine),9,,Meal (none specific)
DFW,2026-02-14,09:15,AA3525,American Airlines,2h 5m,"492 miles, 792 km",Embraer 170,67,QR 8177,Meal (none specific)
DFW,2026-02-14,09:15,AA5018,American Airlines,2h 33m,"687 miles, 1105 km",Canadair (Bombardier) Regional Jet 700 and Challenger 870,65,QR 2932,Meal (none specific)
DFW,2026-02-14,09:15,AA1712,American Airlines,3h 37m,"1124 miles, 1809 km",Airbus A321,190,BA 2467 /JL 7620,Meal (none specific)
DFW,2026-02-14,09:15,AA802,American Airlines,3h 30m,"1065 miles, 1714 km",Airbus A321,190,AS 4308 /JL 7593,Meal (none specific)
DFW,2026-02-14,09:15,AA6403,American Airlines,2h 0m,"552 miles, 888 km",Canadair (Bombardier) Regional Jet 700 and Challenger 870,66,BA 1964 /IB 8074,Meal (none specific)
DFW,2026-02-14,09:16,AA2405,American Airlines,3h 46m,"1217 miles, 1958 km",Boeing 737MAX 8 Passenger,172,QR 7832,Meal (none specific)
DFW,2026-02-14,09:17,AA2195,American Airlines,2h 47m,"993 miles, 1598 km",Airbus A321,190,BA 5660,Meal (none specific)
DFW,2026-02-14,09:18,AA3912,American Airlines,2h 18m,"775 miles, 1247 km",Embraer 175,73,IB 8138 /QF 4122 /QR 9020,Meal (none specific)
DFW,2026-02-14,09:18,AA4266,American Airlines,3h 8m,"903 miles, 1453 km",Embraer 175,73,QR 9218,Meal (none specific)
DFW,2026-02-14,09:18,AA2204,American Airlines,3h 48m,"1161 miles, 1868 km",Airbus A321,190,AS 4314 /QF 4160 /QR 2877,Meal (none specific)
DFW,2026-02-14,09:19,AA4261,American Airlines,3h 5m,"850 miles, 1368 km",Embraer 175,73,QR 9287,Meal (none specific)
DFW,2026-02-14,09:19,AA3717,American Airlines,1h 35m,"282 miles, 454 km",Embraer 175,73,BA 1939,Meal (none specific)
DFW,2026-02-14,09:20,AA2869,American Airlines,3h 36m,"1109 miles, 1784 km",Airbus A319,128,QR 2944,Meal (none specific)
DFW,2026-02-14,09:20,AA6201,American Airlines,1h 28m,"190 miles, 306 km",Canadair (Bombardier) Regional Jet 700 and Challenger 870,66,BA 5029,Meal (none specific)
DFW,2026-02-14,09:20,AA490,American Airlines,2h 20m,"815 miles, 1311 km",Airbus A321,190,BA 5719 /JL 7413,Meal (none specific)
DFW,2026-02-14,09:21,AA3810,American Airlines,1h 54m,"528 miles, 850 km",Embraer 175,73,BA 5358 /IB 4120,Meal (none specific)
DFW,2026-02-14,09:22,AA2001,American Airlines,3h 17m,"990 miles, 1593 km",Airbus A321,190,AS 4154 /BA 4979 /QR 7681,Meal (none specific)
DFW,2026-02-14,09:22,AA428,American Airlines,4h 22m,"1394 miles, 2243 km",Boeing 737-800 Passenger,172,,Meal (none specific)
DFW,2026-02-14,09:23,AA2621,American Airlines,3h 1m,"858 miles, 1381 km",Boeing 737-800 Passenger,172,QR 2886,Meal (none specific)
DFW,2026-02-14,09:24,AA5539,American Airlines,2h 24m,"604 miles, 972 km",Canadair (Bombardier) Regional Jet 900,76,JL 7247 /QR 9296,Meal (none specific)
DFW,2026-02-14,09:24,AA1281,American Airlines,3h 24m,"1021 miles, 1643 km",Airbus A321,190,AS 4354 /BA 5388 /JL 7357,Meal (none specific)
DFW,2026-02-14,09:24,AA6335,American Airlines,2h 59m,"850 miles, 1368 km",Canadair (Bombardier) Regional Jet 700 and Challenger 870,66,QR 7684,Meal (none specific)
DFW,2026-02-14,09:24,F93021,Frontier,2h 46m,"733 miles, 1179 km",Airbus A321neo,238,Y4 2512,Meal (none specific)
DFW,2026-02-14,09:25,AA4187,American Airlines,3h 10m,"913 miles, 1469 km",Embraer 175,73,QR 9587,Meal (none specific)
DFW,2026-02-14,09:25,AA3746,American Airlines,2h 58m,"1086 miles, 1747 km",Embraer 175,73,AS 6606 /QR 9152,Meal (none specific)
DFW,2026-02-14,09:25,AA634,American Airlines,3h 55m,"1196 miles, 1924 km",Airbus A321,190,JL 7403,Meal (none specific)
DFW,2026-02-14,09:25,AA2728,American Airlines,4h 22m,"1377 miles, 2216 km",Boeing 737-800 Passenger,172,,Meal (none specific)
DFW,2026-02-14,09:25,AA3373,American Airlines,2h 58m,"974 miles, 1567 km",Embraer 175,73,QR 2528,Meal (none specific)
DFW,2026-02-14,09:25,AA2680,American Airlines,2h 22m,"606 miles, 975 km",Airbus A320,150,AS 6352 /BA 5494 /JL 7355 /QR 7691,Meal (none specific)
DFW,2026-02-14,09:25,AA2070,American Airlines,1h 20m,"248 miles, 399 km",Airbus A321,190,AS 6247 /BA 5566 /JL 7273,Meal (none specific)
DFW,2026-02-14,09:25,AA2228,American Airlines,2h 45m,"735 miles, 1183 km",Airbus A319,128,AS 6366 /BA 5739 /JL 7483,Meal (none specific)
DFW,2026-02-14,09:25,AA2389,American Airlines,4h 8m,"1342 miles, 2159 km",Boeing 737-800 Passenger,172,QR 7870,Meal (none specific)
DFW,2026-02-14,09:25,QR731,Qatar Airways,17h 0m,"7963 miles, 12812 km",Boeing 777-200LR,273,WY 6461 /B6 5566 /WB 1168 /AA 8139 /AS 5821 /UL 3003 /MH 9731,Meal (none specific)
DFW,2026-02-14,09:30,AA2368,American Airlines,1h 22m,"191 miles, 307 km",Boeing 737-800 Passenger,172,BA 4934 /JL 7235,Meal (none specific)
DFW,2026-02-14,09:32,AA2519,American Airlines,2h 32m,"870 miles, 1400 km",Airbus A321,190,,Meal (none specific)
DFW,2026-02-14,09:35,AA1261,American Airlines,3h 16m,"939 miles, 1511 km",Airbus A321,190,JL 7237,Meal (none specific)
DFW,2026-02-14,09:35,AA1747,American Airlines,2h 32m,"643 miles, 1035 km",Airbus A319,128,BA 6511 /QR 8627,Meal (none specific)
DFW,2026-02-14,09:37,AA1220,American Airlines,3h 37m,"1107 miles, 1781 km",Boeing 737-800 Passenger,172,AS 4249 /JL 7463,Meal (none specific)
DFW,2026-02-14,09:39,AA4073,American Airlines,2h 39m,"696 miles, 1120 km",Embraer 175,73,QR 8682,Meal (none specific)
DFW,2026-02-14,09:44,Y4800,Volaris,2h 44m,"943 miles, 1517 km",Airbus A321neo,200,F9 6800,Meal (none specific)
DFW,2026-02-14,09:48,AA1569,American Airlines,3h 18m,"991 miles, 1595 km",Boeing 737-800 Passenger,172,QR 2360,Meal (none specific)
DFW,2026-02-14,09:48,AA3972,American Airlines,1h 10m,"176 miles, 283 km",Embraer 175,73,AS 6372 /BA 5094 /JL 7283,Meal (none specific)
DFW,2026-02-14,09:55,AA2172,American Airlines,2h 53m,"857 miles, 1379 km",Boeing 737-800 Passenger,172,AS 4441 /BA 5050 /IB 4489 /QR 9291,Meal (none specific)
DFW,2026-02-14,09:58,NK1750,Spirit,3h 28m,"1124 miles, 1809 km",Airbus A321 (sharklets),228,,Meal (none specific)
DFW,2026-02-14,09:59,AA1299,American Airlines,3h 38m,"1126 miles, 1812 km",Airbus A321neo,183,AS 6049,Meal (none specific)
DFW,2026-02-14,10:00,AA1034,American Airlines,2h 45m,"943 miles, 1517 km",Boeing 737-800 Passenger,172,BA 4409 /IB 4953 /QR 2540,Meal (none specific)
DFW,2026-02-14,10:03,AA1644,American Airlines,3h 19m,"987 miles, 1588 km",Airbus A321,190,,Meal (none specific)
DFW,2026-02-14,10:03,AA2247,American Airlines,2h 43m,"806 miles, 1297 km",Boeing 737-800 Passenger,172,,Meal (none specific)
DFW,2026-02-14,10:07,AA1918,American Airlines,3h 7m,"921 miles, 1482 km",Boeing 737-800 Passenger,172,AS 4795 /QR 9444,Meal (none specific)
DFW,2026-02-14,10:07,DL2972,Delta,2h 52m,"857 miles, 1379 km",Airbus A220-100,109,AM 3569 /KE 3871,Meal (none specific)
DFW,2026-02-14,10:08,AA3914,American Airlines,3h 7m,"930 miles, 1496 km",Embraer 175,73,AS 6270 /QR 2284,Meal (none specific)
DFW,2026-02-14,10:10,AA3615,American Airlines,1h 45m,"366 miles, 589 km",Embraer 175,73,BA 2373 /IB 4401,Meal (none specific)
DFW,2026-02-14,10:11,F91324,Frontier,2h 11m,"644 miles, 1036 km",Airbus A320neo,186,Y4 2121,Meal (none specific)
DFW,2026-02-14,10:12,AA2146,American Airlines,4h 42m,"1567 miles, 2521 km",Boeing 737-800 Passenger,172,,Meal (none specific)
DFW,2026-02-14,10:23,AA6285,American Airlines,Duration: 2h 23m,"705 miles, 1134 km",Canadair (Bombardier) Regional Jet 700 and Challenger 870,66,IB 8140 /QF 3216,Meal (none specific)
DFW,2026-02-14,10:23,AA4103,American Airlines,Duration: 1h 30m,"225 miles, 362 km",Embraer 175,73,AS 6627 /BA 4826 /IB 4449,Meal (none specific)
DFW,2026-02-14,10:25,AA3020,American Airlines,Duration: 1h 52m,"554 miles, 891 km",Airbus A321,190,BA 4375 /IB 4993,Meal (none specific)
DFW,2026-02-14,10:25,AA2948,American Airlines,Duration: 3h 48m,"1337 miles, 2151 km",Boeing 737-800 Passenger,172,QR 8172,Meal (none specific)
DFW,2026-02-14,10:25,AA1987,American Airlines,Duration: 4h 22m,"1394 miles, 2243 km",Boeing 737-800 Passenger,172,,Meal (none specific)
DFW,2026-02-14,10:25,AA2740,American Airlines,Duration: 3h 25m,"1021 miles, 1643 km",Boeing 737-800 Passenger,172,AS 6034 /BA 4839 /QR 2748,Meal (none specific)
DFW,2026-02-14,10:25,AA2447,American Airlines,Duration: 2h 19m,"815 miles, 1311 km",Airbus A321,190,BA 6762 /IB 4229,Meal (none specific)
DFW,2026-02-14,10:26,AA1810,American Airlines,Duration: 2h 49m,"815 miles, 1311 km",Airbus A321,190,AS 4449 /QR 8182,Meal (none specific)
DFW,2026-02-14,10:26,AA1696,American Airlines,Duration: 2h 49m,"993 miles, 1598 km",Airbus A321,190,BA 5664 /IB 4853 /QR 8692,Meal (none specific)
DFW,2026-02-14,10:29,AA454,American Airlines,Duration: 3h 59m,"1196 miles, 1924 km",Boeing 737-800 Passenger,172,,Meal (none specific)
DFW,2026-02-14,10:29,DL961,Delta,Duration: 2h 33m,"733 miles, 1179 km",Airbus A321,212,AM 3150 /LA 6589 /WS 8080,Meal (none specific)
DFW,2026-02-14,10:30,AA1125,American Airlines,Duration: 3h 11m,"932 miles, 1500 km",Airbus A321,190,,Meal (none specific)
DFW,2026-02-14,10:30,AA3588,American Airlines,Duration: 1h 29m,"282 miles, 454 km",Embraer 175,73,BA 6824 /IB 8037 /QR 2212,Meal (none specific)
DFW,2026-02-14,10:31,AA2263,American Airlines,Duration: 2h 31m,"871 miles, 1401 km",Boeing 737-800 Passenger,172,BA 1685 /QR 2201,Meal (none specific)
DFW,2026-02-14,10:31,AA897,American Airlines,Duration: 2h 31m,"870 miles, 1400 km",Airbus A321neo,183,,Meal (none specific)
DFW,2026-02-14,10:34,AA6354,American Airlines,Duration: 1h 26m,"282 miles, 454 km",Canadair (Bombardier) Regional Jet 700 and Challenger 870,66,BA 4815 /IB 8104,Meal (none specific)
DFW,2026-02-14,10:35,AA2003,American Airlines,Duration: 1h 20m,"191 miles, 307 km",Airbus A321,190,BA 1898 /IB 4319,Meal (none specific)
DFW,2026-02-14,10:35,AA2454,American Airlines,Duration: 3h 35m,"1124 miles, 1809 km",Airbus A321,190,BA 5238 /GF 6729,Meal (none specific)
DFW,2026-02-14,10:35,AA2649,American Airlines,Duration: 2h 51m,"1059 miles, 1704 km",Boeing 737-800 Passenger,172,,Meal (none specific)
DFW,2026-02-14,10:36,AA3017,American Airlines,Duration: 3h 16m,"1025 miles, 1649 km",Boeing 737-800 Passenger,172,GF 6806 /QR 9037,Meal (none specific)
DFW,2026-02-14,10:39,AA6390,American Airlines,Duration: 2h 1m,"595 miles, 957 km",Canadair (Bombardier) Regional Jet 700 and Challenger 870,66,BA 1845 /IB 8001,Meal (none specific)
DFW,2026-02-14,10:40,KG5407,Key Lime Air,Duration: 1h 15m,"365 miles, 587 km",Embraer RJ145,46,,Meal (none specific)
DFW,2026-02-14,10:41,AA3850,American Airlines,Duration: 1h 34m,"305 miles, 491 km",Embraer 175,73,AS 6436 /BA 2479 /IB 4841 /QR 9360,Meal (none specific)
DFW,2026-02-14,10:43,AA2027,American Airlines,Duration: 2h 33m,"874 miles, 1406 km",Boeing 737-800 Passenger,172,QR 2782,Meal (none specific)
DFW,2026-02-14,10:46,AA6377,American Airlines,Duration: 1h 28m,"310 miles, 499 km",Canadair (Bombardier) Regional Jet 700 and Challenger 870,66,BA 5577 /IB 4076 /QR 8776,Meal (none specific)
DFW,2026-02-14,10:47,AA4174,American Airlines,Duration: 3h 32m,"1326 miles, 2134 km",Embraer 175,73,AS 6175 /QR 9054,Meal (none specific)
DFW,2026-02-14,10:50,AA2286,American Airlines,Duration: 2h 23m,"633 miles, 1018 km",Boeing 737-800 Passenger,172,AS 4069 /BA 1915,Meal (none specific)
DFW,2026-02-14,10:50,AA2079,American Airlines,Duration: 1h 37m,"248 miles, 399 km",Boeing 737-800 Passenger,172,AS 6489 /BA 4662,Meal (none specific)
DFW,2026-02-14,10:51,AA6225,American Airlines,Duration: 1h 21m,"176 miles, 283 km",Canadair (Bombardier) Regional Jet 700 and Challenger 870,66,AS 6515 /BA 2463 /IB 4623 /QR 8560,Meal (none specific)
DFW,2026-02-14,10:55,DL2746,Delta,Duration: 3h 18m,"991 miles, 1595 km",Boeing 717-200,111,AM 3607 /WS 7021,Meal (none specific)
DFW,2026-02-14,10:56,AA2425,American Airlines,Duration: 2h 56m,"1129 miles, 1817 km",Airbus A321,190,BA 5500 /IB 8072,Meal (none specific)
DFW,2026-02-14,10:57,AA5114,American Airlines,Duration: 1h 51m,"409 miles, 658 km",Canadair (Bombardier) Regional Jet 900,76,BA 6530 /GF 6646 /QR 7980,Meal (none specific)
DFW,2026-02-14,10:58,AA316,American Airlines,Duration: 3h 13m,"1036 miles, 1667 km",Boeing 737-800 Passenger,172,IB 8002,Meal (none specific)
DFW,2026-02-14,10:59,AA1374,American Airlines,Duration: 2h 59m,"943 miles, 1517 km",Boeing 737-800 Passenger,172,BA 4897 /IB 8151 /QR 8186,Meal (none specific)
DFW,2026-02-14,11:02,AA1833,American Airlines,Duration: 3h 2m,"1192 miles, 1918 km",Airbus A321,190,BA 5110 /IB 4604,Meal (none specific)
DFW,2026-02-14,11:05,AA2751,American Airlines,Duration: 2h 22m,"724 miles, 1165 km",Airbus A319,128,,Meal (none specific)
DFW,2026-02-14,11:07,AA2907,American Airlines,Duration: 2h 32m,"870 miles, 1400 km",Boeing 737-800 Passenger,172,IB 4570,Meal (none specific)
DFW,2026-02-14,11:08,AA1263,American Airlines,Duration: 3h 8m,"1277 miles, 2055 km",Airbus A321,190,AS 6082 /AY 4224 /IB 4646 /QF 3301 /QR 9413,Meal (none specific)
DFW,2026-02-14,11:09,UA2471,United,Duration: 3h 44m,"1176 miles, 1892 km",Boeing 737-700 Passenger,128,,Meal (none specific)
DFW,2026-02-14,11:10,AA852,American Airlines,Duration: 2h 10m,"644 miles, 1036 km",Airbus A321,190,BA 5624 /IB 8193,Meal (none specific)
DFW,2026-02-14,11:11,AA547,American Airlines,Duration: 4h 11m,"1394 miles, 2243 km",Airbus A321,190,,Meal (none specific)
DFW,2026-02-14,11:11,AA4928,American Airlines,Duration: 2h 51m,"962 miles, 1548 km",Canadair (Bombardier) Regional Jet 700 and Challenger 870,66,QR 8584,Meal (none specific)
DFW,2026-02-14,11:13,AA2528,American Airlines,Duration: 3h 13m,"1239 miles, 1994 km",Airbus A321,190,BA 4834 /TN 1329,Meal (none specific)
DFW,2026-02-14,11:16,AA6466,American Airlines,Duration: 2h 46m,"1025 miles, 1649 km",Canadair (Bombardier) Regional Jet 700 and Challenger 870,66,QR 2471,Meal (none specific)
DFW,2026-02-14,11:17,AA709,American Airlines,Duration: 1h 58m,"570 miles, 917 km",Boeing 737-800 Passenger,172,BA 1656 /IB 4817 /QR 2226,Meal (none specific)
DFW,2026-02-14,11:17,AA2932,American Airlines,Duration: 2h 47m,"1059 miles, 1704 km",Airbus A321,190,,Meal (none specific)
DFW,2026-02-14,11:17,AA3632,American Airlines,Duration: 0h 56m,"140 miles, 225 km",Embraer 175,73,QR 9188,Meal (none specific)
DFW,2026-02-14,11:19,AA5499,American Airlines,Duration: 1h 53m,"433 miles, 697 km",Canadair (Bombardier) Regional Jet 900,76,AS 6334 /BA 6766 /IB 8093 /QR 9305,Meal (none specific)
DFW,2026-02-14,11:20,AA2545,American Airlines,Duration: 1h 52m,"554 miles, 891 km",Boeing 737-800 Passenger,172,BA 4369 /IB 8022 /QR 2668,Meal (none specific)
DFW,2026-02-14,11:20,AA1603,American Airlines,Duration: 4h 20m,"1377 miles, 2216 km",Boeing 737-800 Passenger,172,,Meal (none specific)
DFW,2026-02-14,11:20,AA1562,American Airlines,Duration: 3h 36m,"1126 miles, 1812 km",Airbus A321neo,183,AS 4403,Meal (none specific)
DFW,2026-02-14,11:20,AA1361,American Airlines,Duration: 3h 20m,"1350 miles, 2172 km",Boeing 737MAX 8 Passenger,172,AY 5704 /BA 5514 /IB 4080 /QR 7740,Meal (none specific)
DFW,2026-02-14,11:21,AA2653,American Airlines,Duration: 3h 16m,"1317 miles, 2119 km",Airbus A321,190,BA 4391 /IB 4796 /QR 2909,Meal (none specific)
DFW,2026-02-14,11:21,AA2157,American Airlines,Duration: 1h 54m,"449 miles, 722 km",Airbus A319,128,AS 4397 /BA 5069 /IB 8032 /QR 7605,Meal (none specific)
DFW,2026-02-14,11:21,AA875,American Airlines,Duration: 2h 21m,"815 miles, 1311 km",Boeing 737MAX 8 Passenger,172,BA 5724 /IB 4625 /QR 8626,Meal (none specific)
DFW,2026-02-14,11:22,AA3919,American Airlines,Duration: 1h 7m,"129 miles, 208 km",Embraer 175,73,,Meal (none specific)
DFW,2026-02-14,11:22,AA5344,American Airlines,Duration: 3h 35m,"1065 miles, 1714 km",Canadair (Bombardier) Regional Jet 900,76,AS 4310 /QR 7712,Meal (none specific)
DFW,2026-02-14,11:22,AA3298,American Airlines,Duration: 5h 49m,"2175 miles, 3500 km",Airbus A321,190,AS 6703 /AY 4087 /QR 7654,Meal (none specific)
DFW,2026-02-14,11:25,AA2928,American Airlines,Duration: 1h 48m,"472 miles, 759 km",Airbus A319,128,BA 1801 /IB 4803 /QR 2684,Meal (none specific)
DFW,2026-02-14,11:25,AA1544,American Airlines,Duration: 3h 25m,"1436 miles, 2311 km",Airbus A321,190,BA 5669 /IB 4119 /QR 8203,Meal (none specific)
DFW,2026-02-14,11:25,AV440,AVIANCA,Duration: 3h 50m,"1443 miles, 2322 km",Airbus A320neo,179,UA 6703,Meal (none specific)
DFW,2026-02-14,11:29,AA2104,American Airlines,Duration: 3h 49m,"1622 miles, 2610 km",Airbus A321neo,183,BA 6536 /IB 4002 /QR 2316,Meal (none specific)
DFW,2026-02-14,11:30,AA2397,American Airlines,Duration: 1h 16m,"191 miles, 307 km",Airbus A319,128,AS 4181 /BA 5060 /GF 4124 /IB 4288 /QR 9377,Meal (none specific)
DFW,2026-02-14,11:30,AA1055,American Airlines,Duration: 3h 10m,"1174 miles, 1889 km",Airbus A321,190,AS 4320 /BA 5543 /IB 8012,Meal (none specific)
DFW,2026-02-14,11:30,AA1514,American Airlines,Duration: 3h 8m,"932 miles, 1500 km",Airbus A321,190,QR 9180,Meal (none specific)
DFW,2026-02-14,11:30,AA6500,American Airlines,Duration: 1h 4m,"93 miles, 150 km",Canadair (Bombardier) Regional Jet 700 and Challenger 870,66,AS 6731 /QR 9584,Meal (none specific)
DFW,2026-02-14,11:30,UA4010,United,Duration: 1h 30m,"225 miles, 362 km",Embraer 175 (Enhanced Winglets),73,NH 6540 /NZ 6511,Meal (none specific)
DFW,2026-02-14,11:31,AA4039,American Airlines,Duration: 1h 6m,"158 miles, 254 km",Embraer 175,73,AS 4226 /QR 8577,Meal (none specific)
DFW,2026-02-14,11:33,AA2521,American Airlines,Duration: 4h 3m,"1531 miles, 2463 km",Airbus A319,128,AY 3658 /BA 5752 /IB 8016 /QF 4707 /QR 7551,Meal (none specific)
DFW,2026-02-14,11:33,DL2798,Delta,Duration: 2h 48m,"993 miles, 1598 km",Airbus A319,132,AM 4341,Meal (none specific)
DFW,2026-02-14,11:34,AA4060,American Airlines,Duration: 1h 20m,"165 miles, 265 km",Embraer 175,73,AS 4613 /QF 4327 /QR 2454,Meal (none specific)
DFW,2026-02-14,11:34,AA3552,American Airlines,Duration: 1h 22m,"310 miles, 499 km",Embraer 170,67,AS 6580 /BA 4854 /GF 4349 /IB 4540 /QF 4798 /QR 9629,Meal (none specific)
DFW,2026-02-14,11:34,AA782,American Airlines,Duration: 1h 52m,"462 miles, 743 km",Airbus A320,150,AS 6848 /BA 4407 /IB 4593 /QR 8650,Meal (none specific)
DFW,2026-02-14,11:34,AA2748,American Airlines,Duration: 3h 57m,"1667 miles, 2682 km",Airbus A321,190,BA 1800 /IB 4896,Meal (none specific)
DFW,2026-02-14,11:34,AA5629,American Airlines,Duration: 1h 39m,"366 miles, 589 km",Canadair (Bombardier) Regional Jet 900,76,BA 5622 /IB 4492,Meal (none specific)
DFW,2026-02-14,11:35,AA4018,American Airlines,Duration: 1h 32m,"285 miles, 459 km",Embraer 170,67,QF 4691 /QR 2366,Meal (none specific)
DFW,2026-02-14,11:35,AA402,American Airlines,Duration: 3h 35m,"1469 miles, 2364 km",Airbus A321,190,BA 1864 /IB 4259 /QF 3294,Meal (none specific)
DFW,2026-02-14,11:36,AA4009,American Airlines,Duration: 1h 23m,"190 miles, 306 km",Embraer 175,73,BA 5632 /GF 6628 /QR 2872,Meal (none specific)
DFW,2026-02-14,11:37,AA2725,American Airlines,Duration: 3h 17m,"939 miles, 1511 km",Airbus A321,190,QR 7661,Meal (none specific)
DFW,2026-02-14,11:37,AA3518,American Airlines,Duration: 1h 34m,"293 miles, 471 km",Embraer 170,67,QF 4626 /QR 9046,Meal (none specific)
DFW,2026-02-14,11:37,AA2731,American Airlines,Duration: 4h 7m,"1307 miles, 2103 km",Boeing 737-800 Passenger,172,,Meal (none specific)
DFW,2026-02-14,11:38,AA4925,American Airlines,Duration: 1h 19m,"229 miles, 368 km",Canadair (Bombardier) Regional Jet 700 and Challenger 870,66,AS 4425 /QR 9266,Meal (none specific)
DFW,2026-02-14,11:39,AA3467,American Airlines,Duration: 1h 26m,"248 miles, 399 km",Embraer 175,73,IB 8024,Meal (none specific)
DFW,2026-02-14,11:39,AA5357,American Airlines,Duration: 1h 29m,"282 miles, 454 km",Canadair (Bombardier) Regional Jet 900,76,AS 4161 /BA 5236 /GF 4295 /IB 4842 /QR 8658,Meal (none specific)
DFW,2026-02-14,11:39,AA1019,American Airlines,Duration: 3h 39m,"1443 miles, 2322 km",Boeing 737MAX 8 Passenger,172,AS 6167 /AY 5713 /BA 5633 /IB 4742,Meal (none specific)
DFW,2026-02-14,11:39,AA2897,American Airlines,Duration: 2h 4m,"553 miles, 890 km",Airbus A319,128,AS 6283 /BA 5684 /IB 4323 /QR 2921,Meal (none specific)
DFW,2026-02-14,11:39,AA3509,American Airlines,Duration: 1h 29m,"282 miles, 454 km",Embraer 175,73,AS 6857 /BA 5741 /GF 6835 /IB 8004 /QR 8771,Meal (none specific)
DFW,2026-02-14,11:40,AA3920,American Airlines,Duration: 1h 20m,"314 miles, 505 km",Embraer 175,73,AS 4693 /BA 4830 /GF 4191 /IB 8066 /QF 4784 /QR 2283,Meal (none specific)
DFW,2026-02-14,11:40,AA3886,American Airlines,Duration: 1h 21m,"228 miles, 367 km",Embraer 170,67,QF 4830 /QR 2262,Meal (none specific)
DFW,2026-02-14,11:40,AA2369,American Airlines,Duration: 3h 40m,"1483 miles, 2386 km",Airbus A321,190,AS 4673 /IB 8087 /QF 3136 /QR 7564,Meal (none specific)
DFW,2026-02-14,11:40,AA2075,American Airlines,Duration: 3h 10m,"987 miles, 1588 km",Airbus A321,190,,Meal (none specific)
DFW,2026-02-14,11:40,AA1902,American Airlines,Duration: 1h 12m,"176 miles, 283 km",Airbus A319,128,AS 4729 /BA 6832 /GF 6644 /IB 4194 /QR 8754,Meal (none specific)
DFW,2026-02-14,11:40,AA2266,American Airlines,Duration: 2h 3m,"587 miles, 944 km",Airbus A319,128,AS 4192 /AY 5695 /BA 5098 /GF 6752 /IB 4359 /QF 3039 /QR 7619,Meal (none specific)
DFW,2026-02-14,11:40,AA1957,American Airlines,Duration: 2h 25m,"870 miles, 1400 km",Airbus A321,190,BA 6880 /IB 4702,Meal (none specific)
DFW,2026-02-14,11:40,AA1664,American Airlines,Duration: 1h 24m,"238 miles, 383 km",Airbus A319,128,AS 6772 /BA 4914 /IB 8014 /QR 2718,Meal (none specific)
DFW,2026-02-14,11:47,AA3546,American Airlines,Duration: 1h 33m,"357 miles, 574 km",Embraer 175,73,BA 1833 /GF 4193 /IB 4404 /QR 8653,Meal (none specific)
DFW,2026-02-14,11:47,AA5377,American Airlines,Duration: 1h 32m,"331 miles, 533 km",Canadair (Bombardier) Regional Jet 900,76,AS 6739 /BA 5352 /IB 4699 /QR 9555,Meal (none specific)
DFW,2026-02-14,11:48,AA1978,American Airlines,Duration: 3h 48m,"1196 miles, 1924 km",Boeing 737-800 Passenger,172,,Meal (none specific)
DFW,2026-02-14,11:48,AA5663,American Airlines,Duration: 2h 23m,"604 miles, 972 km",Canadair (Bombardier) Regional Jet 900,76,GF 4161 /QR 8713,Meal (none specific)
DFW,2026-02-14,11:49,AA654,American Airlines,Duration: 2h 49m,"1059 miles, 1704 km",Airbus A321,190,IB 8027,Meal (none specific)
DFW,2026-02-14,11:52,AA1382,American Airlines,Duration: 3h 7m,"1209 miles, 1945 km",Boeing 737MAX 8 Passenger,172,BA 6571 /IB 4149,Meal (none specific)
DFW,2026-02-14,11:52,UA528,United,Duration: 2h 52m,"806 miles, 1297 km",Boeing 737MAX 9 Passenger,179,AC 5186 /AV 2019 /NH 7708,Meal (none specific)
DFW,2026-02-14,12:00,AA1811,American Airlines,Duration: 4h 37m,"1567 miles, 2521 km",Airbus A319,128,QF 4563,Meal (none specific)
DFW,2026-02-14,12:00,AA1412,American Airlines,Duration: 3h 0m,"1192 miles, 1918 km",Airbus A321,190,BA 5107 /IB 4466 /QR 2301,Meal (none specific)
DFW,2026-02-14,12:00,AA3070,American Airlines,Duration: 1h 37m,"248 miles, 399 km",Boeing 737-800 Passenger,172,AS 6587 /BA 4350 /IB 4938,Meal (none specific)
DFW,2026-02-14,12:00,F91887,Frontier,Duration: 2h 45m,"801 miles, 1289 km",Airbus A320neo,186,Y4 2280,Meal (none specific)
DFW,2026-02-14,12:05,AA5291,American Airlines,Duration: 1h 40m,"352 miles, 566 km",Canadair (Bombardier) Regional Jet 900,76,BA 6519 /GF 4228 /QR 8632,Meal (none specific)
DFW,2026-02-14,12:07,AA1214,American Airlines,Duration: 2h 47m,"993 miles, 1598 km",Airbus A321,190,BA 5659 /IB 4556 /QR 2530,Meal (none specific)
DFW,2026-02-14,12:10,AA952,American Airlines,Duration: 2h 41m,"806 miles, 1297 km",Boeing 737-800 Passenger,172,BA 5317 /GF 4181 /JL 7342,Meal (none specific)
DFW,2026-02-14,12:11,AA2746,American Airlines,Duration: 3h 11m,"1239 miles, 1994 km",Airbus A321,190,BA 1794 /IB 4687 /TN 1316,Meal (none specific)
DFW,2026-02-14,12:12,AA1523,American Airlines,Duration: 2h 2m,"644 miles, 1036 km",Boeing 737MAX 8 Passenger,172,BA 1795 /IB 4706 /QR 2260,Meal (none specific)
DFW,2026-02-14,12:14,UA454,United,Duration: 4h 14m,"1377 miles, 2216 km",Airbus A319,126,,Meal (none specific)
DFW,2026-02-14,12:15,AA3983,American Airlines,Duration: 1h 32m,"399 miles, 642 km",Embraer 170,67,AS 4086 /GF 4199 /IB 4320 /QR 7596,Meal (none specific)
DFW,2026-02-14,12:16,AA2599,American Airlines,Duration: 3h 16m,"1235 miles, 1987 km",Boeing 737MAX 8 Passenger,172,QR 2254,Meal (none specific)
DFW,2026-02-14,12:21,AA3227,American Airlines,Duration: 3h 11m,"1174 miles, 1889 km",Airbus A321,190,AS 6488 /BA 5545 /IB 4673,Meal (none specific)
DFW,2026-02-14,12:22,AA3576,American Airlines,Duration: 1h 40m,"464 miles, 747 km",Embraer 175,73,IB 8089 /QR 8201,Meal (none specific)
DFW,2026-02-14,12:23,DL873,Delta,Duration: 4h 23m,"1394 miles, 2243 km",Airbus A220-100,109,AM 3962 /WS 6917,Meal (none specific)
DFW,2026-02-14,12:25,AA2216,American Airlines,Duration: 3h 50m,"1622 miles, 2610 km",Airbus A321,190,AY 5698 /BA 5366 /GF 4324 /IB 4606 /QF 4739 /QR 2817,Meal (none specific)
DFW,2026-02-14,12:28,AA3387,American Airlines,Duration: 1h 41m,"486 miles, 782 km",Embraer 175,73,AS 6109 /BA 1734 /GF 6790 /IB 4133 /QR 2655,Meal (none specific)
DFW,2026-02-14,12:28,AA3130,American Airlines,Duration: 2h 39m,"735 miles, 1183 km",Airbus A320,150,AS 6496 /BA 1682 /QR 7571,Meal (none specific)
DFW,2026-02-14,12:30,QF7,Qantas,Duration: 15h 25m,"8628 miles, 13882 km",Airbus A380-800 Passenger,485,AA 7261,Meal (none specific)
DFW,2026-02-14,12:31,NK2227,Spirit,Duration: 1h 48m,"449 miles, 722 km",Airbus A321 (sharklets),228,,Meal (none specific)
DFW,2026-02-14,12:35,AA1728,American Airlines,Duration: 3h 40m,"1126 miles, 1812 km",Boeing 787-8,234,AS 4008,Meal (none specific)
DFW,2026-02-14,12:35,AA1848,American Airlines,Duration: 1h 53m,"449 miles, 722 km",Boeing 737-800 Passenger,172,AS 4726 /AY 5693 /BA 5067 /GF 4366 /IB 4517 /QF 4336 /QR 9060,Meal (none specific)
DFW,2026-02-14,12:36,DL413,Delta,Duration: 2h 30m,"733 miles, 1179 km",Airbus A320,157,AM 3111 /KE 3151 /LA 5458 /WS 5501,Meal (none specific)
DFW,2026-02-14,12:38,AA2117,American Airlines,Duration: 3h 13m,"987 miles, 1588 km",Airbus A321,190,QR 2935,Meal (none specific)
DFW,2026-02-14,12:40,AA2671,American Airlines,Duration: 2h 39m,"733 miles, 1179 km",Boeing 737-800 Passenger,172,AS 4126 /GF 6694 /QF 3259,Meal (none specific)
DFW,2026-02-14,12:40,AA5285,American Airlines,Duration: 1h 43m,"384 miles, 618 km",Canadair (Bombardier) Regional Jet 900,76,AS 6531 /BA 6888 /GF 6550 /QR 9163,Meal (none specific)
DFW,2026-02-14,12:40,AA51,American Airlines,Duration: 10h 20m,"4766 miles, 7668 km",Boeing 777-300ER,304,AY 3751 /BA 1504 /GF 6651 /IB 4193 /MH 9395,Meal (none specific)
DFW,2026-02-14,12:41,AM1682,Aeromexico,Duration: 2h 46m,"943 miles, 1517 km",Embraer 190,99,DL 8122,Meal (none specific)
DFW,2026-02-14,12:41,UA1350,United,Duration: 2h 4m,"644 miles, 1036 km",Boeing 737-800 Passenger,167,AC 4580 /AV 2020,Meal (none specific)
DFW,2026-02-14,12:42,AA4227,American Airlines,Duration: 1h 59m,"501 miles, 806 km",Embraer 175,73,AS 4341 /GF 4392 /IB 8172 /QF 3324 /QR 7989,Meal (none specific)
DFW,2026-02-14,12:46,AA5321,American Airlines,Duration: 2h 22m,"633 miles, 1018 km",Canadair (Bombardier) Regional Jet 900,76,AS 6539 /BA 2465 /QR 9070,Meal (none specific)
DFW,2026-02-14,12:46,AA1048,American Airlines,Duration: 1h 46m,"472 miles, 759 km",Airbus A320,150,AS 4689 /BA 4905 /GF 6819 /IB 4583 /QF 4517 /QR 2802,Meal (none specific)
DFW,2026-02-14,12:46,AA1667,American Airlines,Duration: 4h 2m,"1667 miles, 2682 km",Airbus A321,190,AY 5710 /BA 5589 /GF 6429 /IB 4086 /QF 3036 /QR 2299,Meal (none specific)
DFW,2026-02-14,12:47,AA1908,American Airlines,Duration: 2h 47m,"1059 miles, 1704 km",Airbus A321neo,183,IB 8049,Meal (none specific)
DFW,2026-02-14,12:47,AA6214,American Airlines,Duration: 1h 53m,"462 miles, 743 km",Canadair (Bombardier) Regional Jet 700 and Challenger 870,66,AS 4278 /BA 4861 /IB 4464 /QR 9531,Meal (none specific)
DFW,2026-02-14,12:48,AA6400,American Airlines,Duration: 1h 20m,"248 miles, 399 km",Canadair (Bombardier) Regional Jet 900,75,AS 4358 /BA 4334 /GF 6832 /IB 4501 /QR 9636,Meal (none specific)
DFW,2026-02-14,12:54,NK1121,Spirit,Duration: 3h 4m,"1036 miles, 1667 km",Airbus A321 (sharklets),228,,Meal (none specific)
DFW,2026-02-14,12:56,AA1093,American Airlines,Duration: 3h 10m,"1239 miles, 1994 km",Boeing 737-800 Passenger,172,BA 4749 /GF 4267 /IB 4333 /QF 3119 /TN 1319,Meal (none specific)
DFW,2026-02-14,12:58,AA5365,American Airlines,Duration: 2h 7m,"541 miles, 870 km",Canadair (Bombardier) Regional Jet 700 and Challenger 870,65,BA 6604 /GF 6800 /QF 3155 /QR 9008,Meal (none specific)
DFW,2026-02-14,13:00,AA3406,American Airlines,Duration: 1h 51m,"528 miles, 850 km",Embraer 175,73,BA 5082 /IB 4955 /QR 8663,Meal (none specific)
DFW,2026-02-14,13:00,AA1609,American Airlines,Duration: 3h 25m,"1436 miles, 2311 km",Airbus A321neo,183,AY 5717 /BA 5670 /GF 4371 /IB 4874 /QR 9236,Meal (none specific)
DFW,2026-02-14,13:01,AA6433,American Airlines,Duration: 1h 52m,"552 miles, 888 km",Canadair (Bombardier) Regional Jet 700 and Challenger 870,66,BA 5320 /IB 8102 /QR 2571,Meal (none specific)
DFW,2026-02-14,13:03,AA4915,American Airlines,Duration: 1h 7m,"129 miles, 208 km",Canadair (Bombardier) Regional Jet 700 and Challenger 870,66,AS 6285 /GF 4285 /QR 7894,Meal (none specific)
DFW,2026-02-14,13:05,VB7826,Viva,Duration: 1h 45m,"528 miles, 850 km",Airbus A320,180,,Meal (none specific)
DFW,2026-02-14,13:10,AA2535,American Airlines,Duration: 3h 10m,"1174 miles, 1889 km",Airbus A321,190,AS 4321 /BA 5542 /QR 8604,Meal (none specific)
DFW,2026-02-14,13:11,AA4202,American Airlines,Duration: 1h 51m,"595 miles, 957 km",Embraer 170,67,BA 1668 /IB 4649 /QR 9539,Meal (none specific)
DFW,2026-02-14,13:19,SY1651,Sun Country Airlines,Duration: 2h 37m,"857 miles, 1379 km",Boeing 737-800 Passenger,186,,Meal (none specific)
DFW,2026-02-14,13:22,AA1506,American Airlines,Duration: 2h 37m,"764 miles, 1229 km",Boeing 737MAX 8 Passenger,172,AS 6360 /AY 5681 /QR 7922,Meal (none specific)
DFW,2026-02-14,13:22,AA1806,American Airlines,Duration: 2h 32m,"870 miles, 1400 km",Boeing 737-800 Passenger,172,BA 5454 /GF 6700 /QR 2846,Meal (none specific)
DFW,2026-02-14,13:23,AA848,American Airlines,Duration: 3h 48m,"1196 miles, 1924 km",Boeing 737-800 Passenger,172,,Meal (none specific)
DFW,2026-02-14,13:24,AA3218,American Airlines,Duration: 3h 7m,"1209 miles, 1945 km",Boeing 737MAX 8 Passenger,172,BA 5089 /GF 4358,Meal (none specific)
DFW,2026-02-14,13:25,AA2357,American Airlines,Duration: 2h 5m,"644 miles, 1036 km",Airbus A321,190,BA 1877 /GF 6574 /IB 4012 /QR 2315,Meal (none specific)
DFW,2026-02-14,13:25,AA2385,American Airlines,Duration: 1h 43m,"554 miles, 891 km",Boeing 737-800 Passenger,172,AS 4229 /BA 4372 /GF 6817 /IB 4941 /QR 2803,Meal (none specific)
DFW,2026-02-14,13:25,F94690,Frontier,Duration: 3h 4m,"1192 miles, 1918 km",Airbus A321,218,Y4 2831,Meal (none specific)
DFW,2026-02-14,13:26,AA1099,American Airlines,Duration: 4h 17m,"1761 miles, 2833 km",Boeing 737-800 Passenger,172,AS 6047 /AY 3652 /BA 5751 /IB 4854 /QF 4474 /QR 9620,Meal (none specific)
DFW,2026-02-14,13:28,AA2220,American Airlines,Duration: 2h 41m,"857 miles, 1379 km",Boeing 737-800 Passenger,172,AS 4724 /AY 5692 /BA 5051 /GF 6712 /IB 4350 /QF 4374 /QR 7601,Meal (none specific)
DFW,2026-02-14,13:29,AA2658,American Airlines,Duration: 3h 2m,"921 miles, 1482 km",Boeing 737-800 Passenger,172,AS 6868 /AY 4058 /GF 4282 /QF 4669 /QR 7635,Meal (none specific)
DFW,2026-02-14,13:29,AA2321,American Airlines,Duration: 3h 8m,"932 miles, 1500 km",Airbus A321,190,AS 6065 /GF 6614 /QR 2931,Meal (none specific)
DFW,2026-02-14,13:30,AA3061,American Airlines,Duration: 3h 15m,"1317 miles, 2119 km",Airbus A320,150,BA 6548 /IB 4980 /QR 2555,Meal (none specific)
DFW,2026-02-14,13:31,AA5366,American Airlines,Duration: 2h 22m,"633 miles, 1018 km",Canadair (Bombardier) Regional Jet 700 and Challenger 870,65,AS 6809 /BA 5797 /GF 6588 /QR 9182,Meal (none specific)
DFW,2026-02-14,13:33,AA2904,American Airlines,Duration: 3h 33m,"1469 miles, 2364 km",Boeing 737-800 Passenger,172,BA 5596 /GF 4309 /IB 4145 /QF 3065,Meal (none specific)
DFW,2026-02-14,13:34,AA1279,American Airlines,Duration: 2h 58m,"930 miles, 1496 km",Airbus A320,150,AS 6853 /QF 4685 /QR 7906,Meal (none specific)
DFW,2026-02-14,13:35,AA3943,American Airlines,Duration: 1h 53m,"570 miles, 917 km",Embraer 175,73,BA 1681 /GF 6743 /IB 4920 /QR 8722,Meal (none specific)
DFW,2026-02-14,13:35,AA5482,American Airlines,Duration: 2h 19m,"599 miles, 964 km",Canadair (Bombardier) Regional Jet 700 and Challenger 870,65,AS 6245 /BA 4773 /GF 4162 /IB 4683 /QR 9453,Meal (none specific)
DFW,2026-02-14,13:35,AA4949,American Airlines,Duration: 2h 13m,"677 miles, 1089 km",Canadair (Bombardier) Regional Jet 700 and Challenger 870,66,QR 9590,Meal (none specific)
DFW,2026-02-14,13:35,AA6236,American Airlines,Duration: 1h 30m,"305 miles, 491 km",Canadair (Bombardier) Regional Jet 700 and Challenger 870,66,AS 6764 /AY 5739 /BA 4844 /GF 4275 /IB 4678 /QR 9352,Meal (none specific)
DFW,2026-02-14,13:36,DL2800,Delta,Duration: 2h 41m,"993 miles, 1598 km",Boeing 737-800 Passenger,166,,Meal (none specific)
DFW,2026-02-14,13:37,AA3069,American Airlines,Duration: 4h 7m,"1307 miles, 2103 km",Boeing 737-800 Passenger,172,QR 2476,Meal (none specific)
DFW,2026-02-14,13:38,AA3191,American Airlines,Duration: 2h 12m,"628 miles, 1010 km",Airbus A319,128,AS 6798 /AY 4141 /QF 4773 /QR 8720,Meal (none specific)
DFW,2026-02-14,13:38,UA584,United,Duration: 1h 23m,"225 miles, 362 km",Airbus A319,126,NZ 6519,Meal (none specific)
DFW,2026-02-14,13:42,AA5159,American Airlines,Duration: 2h 27m,"643 miles, 1035 km",Canadair (Bombardier) Regional Jet 900,76,BA 5738 /QF 4905 /QR 2369,Meal (none specific)
DFW,2026-02-14,13:43,AA2611,American Airlines,Duration: 2h 13m,"724 miles, 1165 km",Airbus A319,128,,Meal (none specific)
DFW,2026-02-14,13:43,AA5550,American Airlines,Duration: 1h 25m,"248 miles, 399 km",Canadair (Bombardier) Regional Jet 900,76,AS 6802 /BA 4434 /IB 4436 /QF 4842 /QR 2598,Meal (none specific)
DFW,2026-02-14,13:44,AA2374,American Airlines,Duration: 3h 4m,"991 miles, 1595 km",Airbus A321,190,G3 6437 /GF 4336 /QF 3009 /QR 7865,Meal (none specific)
DFW,2026-02-14,13:44,AA614,American Airlines,Duration: 2h 44m,"1059 miles, 1704 km",Airbus A321,190,GF 6748 /QR 2326,Meal (none specific)
DFW,2026-02-14,13:44,AA4054,American Airlines,Duration: 1h 26m,"238 miles, 383 km",Embraer 170,67,AS 6897 /AY 5723 /BA 5713 /GF 6658 /IB 4700 /QR 8620,Meal (none specific)
DFW,2026-02-14,13:45,AA1110,American Airlines,Duration: 3h 5m,"939 miles, 1511 km",Boeing 777-200 / 200ER,273,AS 6611 /BA 1778 /GF 4142 /QR 7871,Meal (none specific)
DFW,2026-02-14,13:45,AA3402,American Airlines,Duration: 2h 10m,"725 miles, 1167 km",Embraer 175,73,,Meal (none specific)
DFW,2026-02-14,13:45,AA2289,American Airlines,Duration: 1h 59m,"553 miles, 890 km",Airbus A320,150,AS 6362 /AY 5718 /BA 5685 /G3 6291 /GF 4115 /IB 4959 /QF 4460 /QR 9246,Meal (none specific)
DFW,2026-02-14,13:47,AA1995,American Airlines,Duration: 4h 37m,"1567 miles, 2521 km",Boeing 737-800 Passenger,172,G3 6172 /QF 4501,Meal (none specific)
DFW,2026-02-14,13:49,AA3961,American Airlines,Duration: 1h 28m,"225 miles, 362 km",Embraer 175,73,AS 6053 /GF 4190 /IB 4122 /QF 3260,Meal (none specific)
DFW,2026-02-14,13:49,AA3874,American Airlines,Duration: 1h 32m,"296 miles, 476 km",Embraer 175,73,IB 8083 /QF 4721 /QR 2670,Meal (none specific)
DFW,2026-02-14,13:50,AA2309,American Airlines,Duration: 3h 16m,"1072 miles, 1725 km",Airbus A321,190,AS 4304 /GF 6543 /QF 4552 /QR 7701,Meal (none specific)
DFW,2026-02-14,13:51,AA1626,American Airlines,Duration: 4h 13m,"1394 miles, 2243 km",Boeing 737-800 Passenger,172,QF 4566,Meal (none specific)
DFW,2026-02-14,13:53,AA5258,American Airlines,Duration: 1h 31m,"331 miles, 533 km",Canadair (Bombardier) Regional Jet 700 and Challenger 870,65,AS 6158 /AY 5737 /BA 1883 /IB 4875 /QF 4826 /QR 8621,Meal (none specific)
DFW,2026-02-14,13:54,AA3960,American Airlines,Duration: 2h 35m,"697 miles, 1121 km",Embraer 170,67,QR 9122,Meal (none specific)
DFW,2026-02-14,13:58,AA2821,American Airlines,Duration: 3h 13m,"987 miles, 1588 km",Boeing 777-200 / 200ER,273,QF 3143 /QR 7973,Meal (none specific)
DFW,2026-02-14,13:58,AA2139,American Airlines,Duration: 2h 36m,"825 miles, 1327 km",Airbus A320,150,QF 4422 /QR 9051,Meal (none specific)
DFW,2026-02-14,13:59,AA1568,American Airlines,Duration: 2h 41m,"815 miles, 1311 km",Boeing 737-800 Passenger,172,AS 6543 /AY 4239 /GF 6747 /QF 4497 /QR 2303,Meal (none specific)
DFW,2026-02-14,13:59,AA2762,American Airlines,Duration: 2h 15m,"606 miles, 975 km",Airbus A319,128,AS 4560 /AY 4075 /BA 5491 /QF 4304 /QR 7948,Meal (none specific)
DFW,2026-02-14,13:59,AA5032,American Airlines,Duration: 1h 39m,"366 miles, 589 km",Canadair (Bombardier) Regional Jet 900,76,AS 6639 /BA 4784 /IB 4689 /QR 9226,Meal (none specific)
DFW,2026-02-14,14:00,AA4952,American Airlines,Duration: 2h 19m,"705 miles, 1134 km",Canadair (Bombardier) Regional Jet 700 and Challenger 870,66,IB 8139 /QF 4896 /QR 9642,Meal (none specific)
DFW,2026-02-14,14:00,AA5061,American Airlines,Duration: 1h 30m,"357 miles, 574 km",Canadair (Bombardier) Regional Jet 700 and Challenger 870,65,AS 6469 /BA 1825 /GF 4149 /IB 4734 /QR 2940,Meal (none specific)
DFW,2026-02-14,14:00,AA5065,American Airlines,Duration: 2h 51m,"865 miles, 1392 km",Canadair (Bombardier) Regional Jet 900,76,AS 4024 /QF 4134 /QR 8557,Meal (none specific)
DFW,2026-02-14,14:00,AA71,American Airlines,Duration: 10h 45m,"5159 miles, 8301 km",Boeing 787-8,234,AY 3759 /BA 1561 /GF 6671 /IB 4203,Meal (none specific)
DFW,2026-02-14,14:00,AA5423,American Airlines,Duration: 2h 58m,"865 miles, 1392 km",Canadair (Bombardier) Regional Jet 900,76,AS 6593 /AY 4061 /QF 4913 /QR 9508,Meal (none specific)
DFW,2026-02-14,14:00,AA4286,American Airlines,Duration: 1h 45m,"433 miles, 697 km",Embraer 175,73,AS 6225 /AY 5690 /BA 4890 /GF 6834 /IB 8157 /QF 4858 /QR 9129,Meal (none specific)
DFW,2026-02-14,14:00,AA3831,American Airlines,Duration: 1h 41m,"434 miles, 698 km",Embraer 175,73,QF 4715 /QR 2363,Meal (none specific)
DFW,2026-02-14,14:00,AA2955,American Airlines,Duration: 3h 20m,"1126 miles, 1812 km",Boeing 777-300ER,304,AS 4713 /AY 3616 /BA 5175 /G3 6137 /GF 6707 /QF 3057 /QR 9245,Meal (none specific)
DFW,2026-02-14,14:00,AA2683,American Airlines,Duration: 3h 23m,"1065 miles, 1714 km",Boeing 737-800 Passenger,172,AS 6895 /G3 6022 /QF 4576 /QR 7977,Meal (none specific)
DFW,2026-02-14,14:00,AA3039,American Airlines,Duration: 3h 0m,"1174 miles, 1889 km",Airbus A321,190,AS 6076 /BA 5548 /GF 4361 /IB 4488 /QR 9526,Meal (none specific)
DFW,2026-02-14,14:00,AA1014,American Airlines,Duration: 2h 17m,"815 miles, 1311 km",Boeing 737-800 Passenger,172,BA 5721 /IB 4096 /QR 8714,Meal (none specific)
DFW,2026-02-14,14:00,AA2544,American Airlines,Duration: 2h 39m,"774 miles, 1245 km",Boeing 737-800 Passenger,172,AS 6836 /AY 5735 /QF 4601 /QR 7846,Meal (none specific)
DFW,2026-02-14,14:00,AF158,Air France,Duration: 10h 40m,"4963 miles, 7985 km",Boeing 787-9,279,DL 8695 /KL 2222 /VS 6768,Meal (none specific)
DFW,2026-02-14,14:01,DL2970,Delta,Duration: 2h 40m,"857 miles, 1379 km",Airbus A220-100,109,WS 8082,Meal (none specific)
DFW,2026-02-14,14:12,AA1180,American Airlines,Duration: 3h 12m,"1239 miles, 1994 km",Airbus A321,190,BA 4751 /G3 6392 /GF 6696 /IB 4252 /QF 4106 /TN 1120,Meal (none specific)
DFW,2026-02-14,14:14,AA1340,American Airlines,Duration: 3h 34m,"1124 miles, 1809 km",Airbus A321,190,AS 6291 /BA 4596 /GF 6460 /QR 2532,Meal (none specific)
DFW,2026-02-14,14:20,AA1601,American Airlines,Duration: 3h 19m,"1036 miles, 1667 km",Airbus A321,190,AY 3726 /IB 4304 /QR 7855,Meal (none specific)
DFW,2026-02-14,14:23,AA909,American Airlines,Duration: 3h 47m,"1196 miles, 1924 km",Boeing 737-800 Passenger,172,G3 6374 /QF 4714,Meal (none specific)
DFW,2026-02-14,14:25,AA5215,American Airlines,Duration: 1h 51m,"409 miles, 658 km",Canadair (Bombardier) Regional Jet 900,76,BA 4591 /GF 6634 /QF 4415 /QR 8690,Meal (none specific)
DFW,2026-02-14,14:25,AA6294,American Airlines,Duration: 1h 22m,"190 miles, 306 km",Canadair (Bombardier) Regional Jet 700 and Challenger 870,66,BA 5362 /GF 6824 /QF 3054 /QR 9469,Meal (none specific)
DFW,2026-02-14,14:25,AA1686,American Airlines,Duration: 3h 2m,"1209 miles, 1945 km",Boeing 737MAX 8 Passenger,172,AS 4153 /BA 5676 /GF 4134 /IB 4256 /QR 2612,Meal (none specific)
DFW,2026-02-14,14:25,LH438,Lufthansa,Duration: 11h 15m,"5159 miles, 8301 km",Airbus A330-300,255,UA 8864 /TG 7702,Meal (none specific)
DFW,2026-02-14,14:26,AA3828,American Airlines,Duration: 1h 53m,"492 miles, 792 km",Embraer 175,73,QF 4562 /QR 2256,Meal (none specific)
DFW,2026-02-14,14:26,AA1938,American Airlines,Duration: 2h 41m,"806 miles, 1297 km",Boeing 737-800 Passenger,172,BA 5579 /GF 6423 /QF 4627,Meal (none specific)
DFW,2026-02-14,14:28,AS414,Alaska Airlines,Duration: 3h 58m,"1667 miles, 2682 km",Boeing 737-800 (winglets) Passenger/BBJ2,160,AY 2601 /HA 6655 /QR 2184 /TN 2751,Meal (none specific)
DFW,2026-02-14,14:30,AA60,American Airlines,Duration: 12h 0m,"6449 miles, 10376 km",Boeing 777-200 / 200ER,273,JL 7012,Meal (none specific)
DFW,2026-02-14,14:32,AA3023,American Airlines,Duration: 3h 57m,"1307 miles, 2103 km",Boeing 787-9,262,QF 4632,Meal (none specific)
DFW,2026-02-14,14:33,AA1863,American Airlines,Duration: 2h 48m,"1059 miles, 1704 km",Boeing 737-800 Passenger,172,BA 1850 /GF 6647 /IB 4211 /QR 2473,Meal (none specific)
DFW,2026-02-14,14:35,AA2581,American Airlines,Duration: 2h 46m,"858 miles, 1381 km",Boeing 737-800 Passenger,172,QF 4748 /QR 7583,Meal (none specific)
DFW,2026-02-14,14:36,AA768,American Airlines,Duration: 2h 31m,"870 miles, 1400 km",Airbus A321neo,183,BA 5449 /GF 6801 /IB 4655 /QR 9318,Meal (none specific)
DFW,2026-02-14,14:38,AA3862,American Airlines,Duration: 1h 52m,"528 miles, 850 km",Embraer 175,73,AY 3730 /BA 2440 /IB 4907 /JL 7803 /QR 2746,Meal (none specific)
DFW,2026-02-14,14:41,AA4149,American Airlines,Duration: 1h 36m,"436 miles, 702 km",Embraer 175,73,QR 9481,Meal (none specific)
DFW,2026-02-14,14:44,DL412,Delta,Duration: 3h 3m,"991 miles, 1595 km",Airbus A319,132,KE 3426 /WS 8400,Meal (none specific)
DFW,2026-02-14,14:45,AA49,American Airlines,Duration: 10h 40m,"4963 miles, 7985 km",Boeing 787-9,262,AY 3749 /BA 1537 /GF 6649 /IB 4191 /MH 9561 /RJ 7111,Meal (none specific)
DFW,2026-02-14,14:47,AA4818,American Airlines,Duration: 2h 45m,"979 miles, 1575 km",Canadair (Bombardier) Regional Jet 900,75,QR 9395,Meal (none specific)
DFW,2026-02-14,14:49,AA5474,American Airlines,Duration: 1h 14m,"191 miles, 307 km",Canadair (Bombardier) Regional Jet 900,76,BA 1683 /GF 6814 /IB 4793 /QR 7768,Meal (none specific)
DFW,2026-02-14,14:49,AA2302,American Airlines,Duration: 2h 28m,"874 miles, 1406 km",Boeing 737-800 Passenger,172,AY 3722 /QR 9599,Meal (none specific)
DFW,2026-02-14,14:50,AA3830,American Airlines,Duration: 1h 45m,"554 miles, 891 km",Embraer 175,73,AY 4092 /BA 6590 /GF 6510 /IB 4254 /QR 2892,Meal (none specific)
DFW,2026-02-14,14:50,QF21,Qantas,Duration: 15h 45m,"9044 miles, 14552 km",Boeing 787-9,236,AA 7376,Meal (none specific)
DFW,2026-02-14,14:51,AA1670,American Airlines,Duration: 1h 53m,"570 miles, 917 km",Boeing 737-800 Passenger,172,AY 4154 /BA 1654 /GF 4286 /IB 4643 /QF 4734 /QR 8540,Meal (none specific)
DFW,2026-02-14,14:55,AA193,American Airlines,Duration: 11h 15m,"5212 miles, 8386 km",Boeing 787-8,234,AY 3843 /BA 1649 /IB 8215,Meal (none specific)
DFW,2026-02-14,14:55,AA3928,American Airlines,Duration: 1h 51m,"606 miles, 975 km",Embraer 175,73,BA 6662 /QR 9543,Meal (none specific)
DFW,2026-02-14,14:55,F93985,Frontier,Duration: 4h 3m,"1307 miles, 2103 km",Airbus A321,218,Y4 2712,Meal (none specific)
DFW,2026-02-14,14:57,AA413,American Airlines,Duration: 1h 17m,"248 miles, 399 km",Airbus A321,190,AS 4622 /AY 5707 /BA 5562 /GF 4353 /IB 8062 /QR 8765,Meal (none specific)
DFW,2026-02-14,14:58,AA2811,American Airlines,Duration: 3h 13m,"987 miles, 1588 km",Airbus A321,190,AY 5689 /G3 6206 /QF 3124 /QR 8568,Meal (none specific)
DFW,2026-02-14,15:05,AA21,American Airlines,Duration: 10h 30m,"4766 miles, 7668 km",Boeing 787-9,262,AY 3741 /BA 1590 /GF 4188 /IB 4915,Meal (none specific)
DFW,2026-02-14,15:06,AA5270,American Airlines,Duration: 2h 19m,"599 miles, 964 km",Canadair (Bombardier) Regional Jet 900,76,AS 6538 /AY 5703 /BA 1697 /GF 6804 /IB 4107 /QF 3323 /QR 7579,Meal (none specific)
DFW,2026-02-14,15:07,9X408,Southern,Duration: 2h 32m,"322 miles, 518 km",Cessna (Light aircraft-single turboprop engine),9,,Meal (none specific)
DFW,2026-02-14,15:09,AA5383,American Airlines,Duration: 2h 19m,"604 miles, 972 km",Canadair (Bombardier) Regional Jet 700 and Challenger 870,65,AY 5685 /GF 4143 /QF 4322 /QR 7613,Meal (none specific)
DFW,2026-02-14,15:10,AA4161,American Airlines,Duration: 0h 58m,"113 miles, 182 km",Embraer 170,67,AS 6185 /QR 2546,Meal (none specific)
DFW,2026-02-14,15:10,AY19,Finnair,Duration: 10h 40m,"5240 miles, 8431 km",Airbus A350-900,300,AA 9019 /BA 6053 /IB 6450,Meal (none specific)
DFW,2026-02-14,15:10,LF3007,Contour Aviation,Duration: 1h 55m,"487 miles, 784 km",Embraer RJ135 / RJ140 / RJ145,39,,Meal (none specific)
DFW,2026-02-14,15:10,QR729,Qatar Airways,Duration: 16h 10m,"7963 miles, 12812 km",Airbus A350-1000,354,MH 9077 /UL 3172 /WB 1068 /WY 6154,Meal (none specific)
DFW,2026-02-14,15:12,AA4090,American Airlines,Duration: 2h 9m,"738 miles, 1187 km",Embraer 170,67,,Meal (none specific)
DFW,2026-02-14,15:15,DL921,Delta,Duration: 2h 25m,"733 miles, 1179 km",Airbus A321,212,KE 6881 /LA 7167,Meal (none specific)
DFW,2026-02-14,15:16,AA5118,American Airlines,Duration: 2h 32m,"687 miles, 1105 km",Canadair (Bombardier) Regional Jet 900,76,QR 9016,Meal (none specific)
DFW,2026-02-14,15:18,AA781,American Airlines,Duration: 2h 30m,"870 miles, 1400 km",Boeing 737-800 Passenger,172,AY 5699 /BA 6881 /GF 6890 /IB 4015 /QR 7877,Meal (none specific)
DFW,2026-02-14,15:19,DL803,Delta,Duration: 3h 54m,"1667 miles, 2682 km",Airbus A220-100,109,,Meal (none specific)
DFW,2026-02-14,15:24,AA778,American Airlines,Duration: 3h 59m,"1307 miles, 2103 km",Boeing 737-800 Passenger,172,G3 6133 /QF 4107,Meal (none specific)
DFW,2026-02-14,15:26,AA3032,American Airlines,Duration: 2h 12m,"725 miles, 1167 km",Airbus A319,128,QR 2672,Meal (none specific)
DFW,2026-02-14,15:26,AA1304,American Airlines,Duration: 2h 45m,"1029 miles, 1656 km",Boeing 737MAX 8 Passenger,172,AY 3717 /BA 5643 /QR 9231,Meal (none specific)
DFW,2026-02-14,15:27,AA390,American Airlines,Duration: 2h 57m,"943 miles, 1517 km",Boeing 737-800 Passenger,172,AY 3710 /BA 4898 /IB 8056 /QF 4410 /QR 2701,Meal (none specific)
DFW,2026-02-14,15:32,AA1068,American Airlines,Duration: 3h 21m,"1036 miles, 1667 km",Airbus A321neo,183,IB 4651 /QR 7678,Meal (none specific)
DFW,2026-02-14,15:33,AA6315,American Airlines,Duration: 2h 16m,"677 miles, 1089 km",Canadair (Bombardier) Regional Jet 700 and Challenger 870,66,QF 4487 /QR 7615,Meal (none specific)
DFW,2026-02-14,15:33,AA3798,American Airlines,Duration: 1h 21m,"282 miles, 454 km",Embraer 175,73,BA 4816 /GF 6825 /IB 8190 /QF 3133 /QR 8637,Meal (none specific)
DFW,2026-02-14,15:34,AA2166,American Airlines,Duration: 3h 4m,"939 miles, 1511 km",Airbus A321,190,AY 4238 /BA 1774 /G3 6136 /GF 6875 /QR 7660,Meal (none specific)
DFW,2026-02-14,15:35,AA1324,American Airlines,Duration: 1h 13m,"191 miles, 307 km",Airbus A319,128,AY 4038 /BA 5363 /GF 6665 /IB 4590 /QF 3097 /QR 7744,Meal (none specific)
DFW,2026-02-14,15:35,AA1439,American Airlines,Duration: 2h 53m,"1129 miles, 1817 km",Airbus A321,190,BA 5502 /IB 8118 /QF 4139 /QR 9442,Meal (none specific)
DFW,2026-02-14,15:35,AA1949,American Airlines,Duration: 3h 32m,"1469 miles, 2364 km",Airbus A321,190,AY 5711 /BA 5601 /G3 6217 /GF 6675 /IB 8252 /QF 3304 /QR 9223,Meal (none specific)
DFW,2026-02-14,15:36,AA2579,American Airlines,Duration: 2h 3m,"644 miles, 1036 km",Airbus A321,190,AY 4240 /BA 1875 /G3 6151 /GF 6621 /IB 4405 /QF 4392 /QR 7698,Meal (none specific)
DFW,2026-02-14,15:36,AA4113,American Airlines,Duration: 1h 27m,"225 miles, 362 km",Embraer 175,73,AS 6532 /AY 5679 /G3 6086 /GF 4326 /IB 4376 /QF 3129 /QR 7988,Meal (none specific)
DFW,2026-02-14,15:36,AA1584,American Airlines,Duration: 2h 48m,"1059 miles, 1704 km",Boeing 737-800 Passenger,172,AY 5683 /G3 6239 /GF 4123 /IB 8164 /QR 2610,Meal (none specific)
DFW,2026-02-14,15:36,AA5120,American Airlines,Duration: 2h 26m,"624 miles, 1004 km",Canadair (Bombardier) Regional Jet 700 and Challenger 870,65,GF 4208 /QF 3344 /QR 8643,Meal (none specific)
DFW,2026-02-14,15:36,AA3112,American Airlines,Duration: 3h 7m,"932 miles, 1500 km",Boeing 737-800 Passenger,172,AY 5722 /G3 6305 /GF 6816 /QF 4602 /QR 2648,Meal (none specific)
DFW,2026-02-14,15:36,UA1564,United,Duration: 3h 44m,"1176 miles, 1892 km",Boeing 737-700 Passenger,128,,Meal (none specific)
DFW,2026-02-14,15:37,AA1840,American Airlines,Duration: 2h 39m,"788 miles, 1268 km",Airbus A319,128,AY 5697 /QF 4151 /QR 8206,Meal (none specific)
DFW,2026-02-14,15:37,AA1097,American Airlines,Duration: 2h 17m,"783 miles, 1260 km",Airbus A319,128,QR 2209,Meal (none specific)
DFW,2026-02-14,15:38,AA1517,American Airlines,Duration: 3h 5m,"1169 miles, 1881 km",Boeing 737-800 Passenger,172,AS 6257 /QF 4856 /QR 8762,Meal (none specific)
DFW,2026-02-14,15:40,F983,Frontier,Duration: 3h 22m,"1036 miles, 1667 km",Airbus A321,218,Y4 2011,Meal (none specific)
DFW,2026-02-14,15:41,AA5644,American Airlines,Duration: 2h 37m,"735 miles, 1183 km",Canadair (Bombardier) Regional Jet 900,76,AS 4690 /AY 4137 /BA 5733 /QF 3293 /QR 2708,Meal (none specific)
DFW,2026-02-14,15:41,UA2290,United,Duration: 2h 51m,"806 miles, 1297 km",Boeing 737-900 Passenger,170,AC 4854,Meal (none specific)
DFW,2026-02-14,15:42,AA2532,American Airlines,Duration: 2h 18m,"689 miles, 1109 km",Airbus A320,150,AY 4103 /QF 3200 /QR 9512,Meal (none specific)
DFW,2026-02-14,15:42,AA1687,American Airlines,Duration: 3h 12m,"1239 miles, 1994 km",Airbus A321,190,AY 4063 /BA 2416 /G3 6422 /GF 4368 /IB 4628 /QR 9171 /TN 1180,Meal (none specific)
DFW,2026-02-14,15:43,AA1396,American Airlines,Duration: 2h 18m,"633 miles, 1018 km",Airbus A321,190,AS 4442 /AY 4209 /BA 1702 /GF 6441 /QF 3027 /QR 2234,Meal (none specific)
DFW,2026-02-14,15:43,AA4059,American Airlines,Duration: 1h 15m,"140 miles, 225 km",Embraer 170,67,AS 4074 /QR 9416,Meal (none specific)
DFW,2026-02-14,15:44,AA1341,American Airlines,Duration: 2h 14m,"724 miles, 1165 km",Airbus A319,128,G3 6153 /QF 4802 /QR 7574,Meal (none specific)
DFW,2026-02-14,15:44,AA6227,American Airlines,Duration: 2h 18m,"681 miles, 1096 km",Canadair (Bombardier) Regional Jet 700 and Challenger 870,66,QR 9052,Meal (none specific)
DFW,2026-02-14,15:44,AA3027,American Airlines,Duration: 3h 31m,"1107 miles, 1781 km",Boeing 737-800 Passenger,172,AS 4194 /AY 4283 /QF 4399 /QR 7946,Meal (none specific)
DFW,2026-02-14,15:45,AA5645,American Airlines,Duration: 2h 34m,"697 miles, 1121 km",Canadair (Bombardier) Regional Jet 900,76,QF 4538 /QR 2572,Meal (none specific)
DFW,2026-02-14,15:45,AA972,American Airlines,Duration: 4h 15m,"1394 miles, 2243 km",Boeing 737-800 Passenger,172,G3 6081 /QF 4702,Meal (none specific)
DFW,2026-02-14,15:45,AA6447,American Airlines,Duration: 1h 51m,"552 miles, 888 km",Canadair (Bombardier) Regional Jet 700 and Challenger 870,66,BA 5539 /IB 8078 /QF 4785 /QR 9202,Meal (none specific)
DFW,2026-02-14,15:45,AA5552,American Airlines,Duration: 2h 42m,"769 miles, 1237 km",Canadair (Bombardier) Regional Jet 900,76,QF 4489 /QR 2930,Meal (none specific)
DFW,2026-02-14,15:45,FJ890,Fiji Airways,Duration: 12h 30m,"6664 miles, 10722 km",Airbus A350-900,334,AA 7934,Meal (none specific)
DFW,2026-02-14,15:46,AA2605,American Airlines,Duration: 2h 7m,"761 miles, 1224 km",Airbus A319,128,QR 7722,Meal (none specific)
DFW,2026-02-14,15:48,AA3728,American Airlines,Duration: 2h 20m,"842 miles, 1355 km",Embraer 175,73,QR 7968,Meal (none specific)
DFW,2026-02-14,15:49,AA3998,American Airlines,Duration: 3h 16m,"1025 miles, 1649 km",Embraer 170,67,GF 4203 /QF 3314 /QR 8211,Meal (none specific)
DFW,2026-02-14,15:49,AA2064,American Airlines,Duration: 1h 51m,"462 miles, 743 km",Boeing 737-800 Passenger,172,AS 4234 /AY 5688 /BA 4863 /IB 8033 /QF 4907 /QR 2669,Meal (none specific)
DFW,2026-02-14,15:50,AV442,AVIANCA,Duration: 3h 45m,"1443 miles, 2322 km",Airbus A320neo,179,UA 6675,Meal (none specific)
DFW,2026-02-14,15:52,F91951,Frontier,Duration: 3h 28m,"987 miles, 1588 km",Airbus A320neo,186,Y4 2287,Meal (none specific)
DFW,2026-02-14,15:53,AA2178,American Airlines,Duration: 2h 42m,"993 miles, 1598 km",Airbus A321,190,BA 5662 /G3 6334 /IB 4187 /QF 4101 /QR 2217,Meal (none specific)
DFW,2026-02-14,15:54,AA4999,American Airlines,Duration: 1h 28m,"271 miles, 436 km",Canadair (Bombardier) Regional Jet 700 and Challenger 870,66,QR 7641,Meal (none specific)
DFW,2026-02-14,15:54,AA2626,American Airlines,Duration: 2h 27m,"742 miles, 1194 km",Airbus A320,150,QF 4703 /QR 7622,Meal (none specific)
DFW,2026-02-14,15:54,AA5513,American Airlines,Duration: 1h 13m,"176 miles, 283 km",Canadair (Bombardier) Regional Jet 900,76,AS 4212 /AY 4208 /BA 5092 /GF 6842 /IB 4382 /QF 3109 /QR 7845,Meal (none specific)
DFW,2026-02-14,15:54,AA3121,American Airlines,Duration: 3h 4m,"1174 miles, 1889 km",Airbus A321,190,AS 6677 /AY 5706 /BA 5547 /G3 6169 /GF 6767 /IB 4343 /QF 4590 /QR 9431,Meal (none specific)
DFW,2026-02-14,15:54,AA3555,American Airlines,Duration: 1h 35m,"366 miles, 589 km",Embraer 175,73,AS 6785 /BA 5620 /IB 4696 /QR 8657,Meal (none specific)
DFW,2026-02-14,15:54,AA2721,American Airlines,Duration: 2h 17m,"815 miles, 1311 km",Airbus A319,128,AY 5725 /BA 5725 /IB 4624 /QF 4723 /QR 9265,Meal (none specific)
DFW,2026-02-14,15:55,9X434,Southern,Duration: 2h 4m,"252 miles, 405 km",Cessna (Light aircraft-single turboprop engine),9,,Meal (none specific)
DFW,2026-02-14,15:55,AA3275,American Airlines,Duration: 2h 36m,"733 miles, 1179 km",Airbus A321,190,AS 6048 /AY 4173 /G3 6372 /GF 4184 /QF 4312 /QR 2286,Meal (none specific)
DFW,2026-02-14,15:55,AA4314,American Airlines,Duration: 1h 39m,"384 miles, 618 km",Embraer 170,67,BA 1738 /GF 6677 /QF 4892 /QR 9549,Meal (none specific)
DFW,2026-02-14,15:55,AA1700,American Airlines,Duration: 4h 8m,"1377 miles, 2216 km",Boeing 737-800 Passenger,172,G3 6027 /QF 3033,Meal (none specific)
DFW,2026-02-14,15:55,AA2182,American Airlines,Duration: 3h 33m,"1124 miles, 1809 km",Airbus A321,190,AY 4046 /BA 4397 /GF 4194 /QF 4432 /QR 7880,Meal (none specific)
DFW,2026-02-14,15:55,AA3502,American Airlines,Duration: 1h 30m,"399 miles, 642 km",Embraer 170,67,AS 6823 /GF 4299 /IB 4681 /QR 7986,Meal (none specific)
DFW,2026-02-14,15:55,AA1820,American Airlines,Duration: 2h 59m,"1192 miles, 1918 km",Airbus A321,190,BA 5109 /IB 4137 /QR 2740,Meal (none specific)
DFW,2026-02-14,15:55,AA949,American Airlines,Duration: 2h 40m,"806 miles, 1297 km",Boeing 737-800 Passenger,172,AY 5696 /BA 5204 /G3 6176 /GF 4386 /QF 3139 /QR 9598,Meal (none specific)
DFW,2026-02-14,15:55,AA3318,American Airlines,Duration: 2h 40m,"989 miles, 1591 km",Boeing 737-800 Passenger,172,BA 6772 /QR 2704,Meal (none specific)
DFW,2026-02-14,15:55,AA3096,American Airlines,Duration: 3h 13m,"1021 miles, 1643 km",Airbus A321,190,AS 6743 /AY 5705 /BA 6671 /QF 3125 /QR 9432,Meal (none specific)
DFW,2026-02-14,15:55,AA3165,American Airlines,Duration: 3h 0m,"1209 miles, 1945 km",Boeing 737MAX 8 Passenger,172,BA 5673 /GF 6871 /IB 4299 /QF 3024 /QR 7999,Meal (none specific)
DFW,2026-02-14,15:55,AA5480,American Airlines,Duration: 1h 20m,"226 miles, 364 km",Canadair (Bombardier) Regional Jet 900,76,QR 9250,Meal (none specific)
DFW,2026-02-14,15:55,AA4304,American Airlines,Duration: 1h 16m,"181 miles, 291 km",Embraer 175,73,QR 2539,Meal (none specific)
DFW,2026-02-14,15:58,UA1388,United,Duration: 1h 23m,"225 miles, 362 km",Boeing 737MAX 8 Passenger,166,CM 1319 /NZ 6512,Meal (none specific)
DFW,2026-02-14,16:00,AA6407,American Airlines,Duration: 2h 21m,"705 miles, 1134 km",Canadair (Bombardier) Regional Jet 700 and Challenger 870,66,IB 8076 /QF 4464 /QR 2619,Meal (none specific)
DFW,2026-02-14,16:10,AA3805,American Airlines,Duration: 2h 13m,"775 miles, 1247 km",Embraer 175,73,QR 9363,Meal (none specific)
DFW,2026-02-14,16:12,AA6465,American Airlines,Duration: 2h 31m,"856 miles, 1377 km",Canadair (Bombardier) Regional Jet 700 and Challenger 870,66,QR 2653,Meal (none specific)
DFW,2026-02-14,16:13,AA5376,American Airlines,Duration: 1h 30m,"282 miles, 454 km",Canadair (Bombardier) Regional Jet 900,76,BA 6586 /GF 4292 /IB 4390 /QR 9585,Meal (none specific)
DFW,2026-02-14,16:14,AA2876,American Airlines,Duration: 2h 55m,"936 miles, 1506 km",Airbus A320,150,QF 4450 /QR 9387,Meal (none specific)
DFW,2026-02-14,16:14,AA3633,American Airlines,Duration: 1h 40m,"352 miles, 566 km",Embraer 175,73,BA 4822 /GF 4289 /QF 4891 /QR 9343,Meal (none specific)
DFW,2026-02-14,16:15,LF3551,Contour Aviation,Duration: 1h 45m,"436 miles, 702 km",Canadair (Bombardier) Regional Jet,50,,Meal (none specific)
DFW,2026-02-14,16:16,AA3895,American Airlines,Duration: 2h 49m,"974 miles, 1567 km",Embraer 175,73,QR 7764,Meal (none specific)
DFW,2026-02-14,16:19,AA2136,American Airlines,Duration: 2h 34m,"939 miles, 1511 km",Airbus A319,128,BA 5039 /QR 9529,Meal (none specific)
DFW,2026-02-14,16:19,AA2155,American Airlines,Duration: 2h 25m,"881 miles, 1418 km",Airbus A319,128,QR 2752,Meal (none specific)
DFW,2026-02-14,16:24,F91426,Frontier,Duration: 3h 3m,"1174 miles, 1889 km",Airbus A321,218,Y4 2150,Meal (none specific)
DFW,2026-02-14,16:25,AA4316,American Airlines,Duration: 1h 40m,"464 miles, 747 km",Embraer 175,73,IB 4857 /QR 9007,Meal (none specific)
DFW,2026-02-14,16:27,UA1954,United,Duration: 3h 39m,"1469 miles, 2364 km",Boeing 737-800 Passenger,167,AC 5156 /NZ 9080 /VA 8273,Meal (none specific)
DFW,2026-02-14,16:28,AA1177,American Airlines,Duration: 3h 44m,"1196 miles, 1924 km",Airbus A321,190,G3 6214 /QF 4348,Meal (none specific)
DFW,2026-02-14,16:28,AA415,American Airlines,Duration: 1h 20m,"248 miles, 399 km",Airbus A321,190,AS 4525 /BA 5127 /GF 4271 /IB 8036 /QF 4711 /QR 9085,Meal (none specific)
DFW,2026-02-14,16:35,AA1552,American Airlines,Duration: 1h 56m,"595 miles, 957 km",Boeing 737-800 Passenger,172,BA 1826 /IB 8260 /QF 3336 /QR 8679,Meal (none specific)
DFW,2026-02-14,16:35,AA1030,American Airlines,Duration: 3h 20m,"1036 miles, 1667 km",Airbus A321,190,QF 4740,Meal (none specific)
DFW,2026-02-14,16:35,AA79,American Airlines,Duration: 10h 25m,"4766 miles, 7668 km",Boeing 777-200 / 200ER,273,AY 3761 /BA 1520 /GF 4387 /IB 4205,Meal (none specific)
DFW,2026-02-14,16:35,AA3141,American Airlines,Duration: 3h 34m,"1443 miles, 2322 km",Airbus A321,190,AS 6052 /BA 5635 /IB 4867 /QF 4580 /QR 9230,Meal (none specific)
DFW,2026-02-14,16:37,AA2583,American Airlines,Duration: 2h 14m,"773 miles, 1244 km",Boeing 737MAX 8 Passenger,172,QF 4762 /QR 2280,Meal (none specific)
DFW,2026-02-14,16:37,AA3958,American Airlines,Duration: 2h 42m,"988 miles, 1590 km",Embraer 175,73,QR 8583,Meal (none specific)
DFW,2026-02-14,16:39,AA1911,American Airlines,Duration: 3h 16m,"1350 miles, 2172 km",Boeing 737-800 Passenger,172,BA 6539 /QF 4490 /QR 9009,Meal (none specific)
DFW,2026-02-14,16:39,AS392,Alaska Airlines,Duration: 3h 54m,"1622 miles, 2610 km",Boeing 737-900 (winglets) Passenger/BBJ3,165,HA 6339 /QR 3380,Meal (none specific)
DFW,2026-02-14,16:40,AA4052,American Airlines,Duration: 1h 42m,"486 miles, 782 km",Embraer 175,73,BA 1736 /GF 6515 /QF 4844 /QR 2862,Meal (none specific)
DFW,2026-02-14,16:40,AA37,American Airlines,Duration: 11h 0m,"4982 miles, 8016 km",Boeing 777-200 / 200ER,273,AY 3743 /BA 1513 /IB 4608,Meal (none specific)
DFW,2026-02-14,16:47,AA2673,American Airlines,Duration: 1h 18m,"191 miles, 307 km",Boeing 737-800 Passenger,172,BA 1684 /G3 6235 /QF 4753,Meal (none specific)
DFW,2026-02-14,16:49,UA578,United,Duration: 2h 4m,"644 miles, 1036 km",Airbus A319,126,AC 3371,Meal (none specific)
DFW,2026-02-14,16:50,CX876,Cathay Pacific,Duration: 14h 20m,"8156 miles, 13123 km",Airbus A350-1000,334,,Meal (none specific)
DFW,2026-02-14,16:53,AA3993,American Airlines,Duration: 3h 53m,"1205 miles, 1939 km",Embraer 175,73,AS 6771 /G3 6491 /PD 6059 /QF 4622 /QR 2423,Meal (none specific)
DFW,2026-02-14,16:54,AA348,American Airlines,Duration: 3h 30m,"1198 miles, 1928 km",Boeing 737-800 Passenger,172,,Meal (none specific)
DFW,2026-02-14,16:54,AA1890,American Airlines,Duration: 2h 52m,"1059 miles, 1704 km",Airbus A321,190,BA 1887 /G3 6100 /QF 4526 /QR 9229,Meal (none specific)
DFW,2026-02-14,16:54,AA1785,American Airlines,Duration: 1h 53m,"449 miles, 722 km",Airbus A321,190,AS 6300 /BA 5070 /G3 6109 /QF 4820 /QR 9389,Meal (none specific)
DFW,2026-02-14,16:54,AA2192,American Airlines,Duration: 3h 23m,"1436 miles, 2311 km",Boeing 737-800 Passenger,172,BA 2406 /QR 9240,Meal (none specific)
DFW,2026-02-14,16:55,AA2451,American Airlines,Duration: 3h 11m,"932 miles, 1500 km",Airbus A321,190,G3 6485 /QF 4439 /QR 8773,Meal (none specific)
DFW,2026-02-14,17:03,AA1923,American Airlines,Duration: 2h 55m,"1052 miles, 1693 km",Airbus A319,128,,Meal (none specific)
DFW,2026-02-14,17:03,AA4005,American Airlines,Duration: 3h 1m,"1063 miles, 1710 km",Embraer 175,73,QR 9044,Meal (none specific)
DFW,2026-02-14,17:05,AA305,American Airlines,Duration: 3h 26m,"1094 miles, 1760 km",Airbus A319,128,QR 9258,Meal (none specific)
DFW,2026-02-14,17:05,AA280,American Airlines,Duration: 12h 50m,"6865 miles, 11046 km",Boeing 777-200 / 200ER,273,KE 5031 /MH 9428,Meal (none specific)
DFW,2026-02-14,17:05,AA2849,American Airlines,Duration: 2h 26m,"870 miles, 1400 km",Airbus A321neo,183,BA 5452 /G3 6279 /QF 4401,Meal (none specific)
DFW,2026-02-14,17:05,AA3254,American Airlines,Duration: 2h 48m,"1029 miles, 1656 km",Boeing 737-800 Passenger,172,BA 5525,Meal (none specific)
DFW,2026-02-14,17:06,AA3231,American Airlines,Duration: 2h 39m,"764 miles, 1229 km",Airbus A321,190,QF 4385 /QR 9146,Meal (none specific)
DFW,2026-02-14,17:08,AA2761,American Airlines,Duration: 1h 50m,"528 miles, 850 km",Airbus A319,128,BA 5080 /JL 7215 /QF 4660 /QR 2809,Meal (none specific)
DFW,2026-02-14,17:09,AA3839,American Airlines,Duration: 2h 45m,"984 miles, 1583 km",Embraer 175,73,QF 4636 /QR 2230,Meal (none specific)
DFW,2026-02-14,17:10,AA3267,American Airlines,Duration: 2h 39m,"943 miles, 1517 km",Boeing 737-800 Passenger,172,BA 4411 /QF 4789 /QR 9488,Meal (none specific)
DFW,2026-02-14,17:10,AA5169,American Airlines,Duration: 1h 36m,"305 miles, 491 km",Canadair (Bombardier) Regional Jet 700 and Challenger 870,65,AS 6617 /BA 5790 /GF 4296 /QF 4135 /QR 8668,Meal (none specific)
DFW,2026-02-14,17:11,AA6289,American Airlines,Duration: 1h 27m,"238 miles, 383 km",Canadair (Bombardier) Regional Jet 700 and Challenger 870,66,AS 4346 /BA 1717 /GF 6848 /QF 4316 /QR 7561,Meal (none specific)
DFW,2026-02-14,17:16,AA2187,American Airlines,Duration: 3h 8m,"1104 miles, 1776 km",Airbus A320,150,QR 9535,Meal (none specific)
DFW,2026-02-14,17:19,AA3030,American Airlines,Duration: 3h 5m,"939 miles, 1511 km",Airbus A321,190,G3 6123 /MH 9477 /QF 3276 /QR 9569,Meal (none specific)
DFW,2026-02-14,17:21,AA2550,American Airlines,Duration: 1h 50m,"554 miles, 891 km",Airbus A319,128,AS 4127 /BA 6591 /GF 6481 /QR 2945,Meal (none specific)
DFW,2026-02-14,17:25,AA3740,American Airlines,Duration: 3h 20m,"1134 miles, 1825 km",Embraer 175,73,QR 2870,Meal (none specific)
DFW,2026-02-14,17:25,AA3924,American Airlines,Duration: 2h 31m,"696 miles, 1120 km",Embraer 170,67,QR 2288,Meal (none specific)
DFW,2026-02-14,17:25,DL436,Delta,Duration: 2h 25m,"733 miles, 1179 km",Airbus A320,157,AF 2364 /KL 5415 /LA 6462 /VS 5071 /WS 6502,Meal (none specific)
DFW,2026-02-14,17:27,AA6221,American Airlines,Duration: 1h 36m,"357 miles, 574 km",Canadair (Bombardier) Regional Jet 700 and Challenger 870,66,BA 1830 /GF 4303 /QF 4463 /QR 2712,Meal (none specific)
DFW,2026-02-14,17:28,AA1143,American Airlines,Duration: 5h 54m,"2225 miles, 3580 km",Airbus A321neo,183,QR 2447,Meal (none specific)
DFW,2026-02-14,17:28,AA2095,American Airlines,Duration: 3h 18m,"1063 miles, 1710 km",Boeing 737MAX 8 Passenger,172,QR 7804,Meal (none specific)
DFW,2026-02-14,17:28,DL843,Delta,Duration: 2h 38m,"993 miles, 1598 km",Airbus A220-300,130,KL 7292 /WS 6460,Meal (none specific)
DFW,2026-02-14,17:30,AA1215,American Airlines,Duration: 2h 45m,"989 miles, 1591 km",Airbus A321,190,BA 5506 /QF 4117 /QR 2579,Meal (none specific)
DFW,2026-02-14,17:33,AA5506,American Airlines,Duration: 1h 53m,"433 miles, 697 km",Canadair (Bombardier) Regional Jet 900,76,AS 6844 /BA 4889 /GF 4338 /IB 8146 /QF 3321 /QR 2774,Meal (none specific)
DFW,2026-02-14,17:33,AA1988,American Airlines,Duration: 3h 21m,"1072 miles, 1725 km",Boeing 737-800 Passenger,172,AS 6715 /GF 6733 /QF 4833 /QR 9174,Meal (none specific)
DFW,2026-02-14,17:33,AA3281,American Airlines,Duration: 2h 17m,"606 miles, 975 km",Boeing 737-800 Passenger,172,AS 6527 /BA 5492 /QF 3151 /QR 7975,Meal (none specific)
DFW,2026-02-14,17:37,AA1973,American Airlines,Duration: 3h 52m,"1531 miles, 2463 km",Airbus A319,128,BA 5753 /QF 4476 /QR 7550,Meal (none specific)
DFW,2026-02-14,17:38,AA1100,American Airlines,Duration: 2h 19m,"633 miles, 1018 km",Airbus A321,190,AS 6850 /BA 1703 /GF 6601 /QF 4355 /QR 2339,Meal (none specific)
DFW,2026-02-14,17:38,AA6489,American Airlines,Duration: 1h 40m,"407 miles, 655 km",Canadair (Bombardier) Regional Jet 700 and Challenger 870,66,QR 2334,Meal (none specific)
DFW,2026-02-14,17:38,AA1862,American Airlines,Duration: 1h 50m,"472 miles, 759 km",Boeing 737MAX 8 Passenger,172,BA 4906 /QR 7552,Meal (none specific)
DFW,2026-02-14,17:38,AA3018,American Airlines,Duration: 2h 40m,"806 miles, 1297 km",Boeing 737-800 Passenger,172,BA 4853 /CX 7574 /G3 6328 /QF 4551,Meal (none specific)
DFW,2026-02-14,17:39,AA4095,American Airlines,Duration: 2h 51m,"1086 miles, 1747 km",Embraer 175,73,AS 4051 /QF 3064 /QR 2229,Meal (none specific)
DFW,2026-02-14,17:39,AA4081,American Airlines,Duration: 1h 9m,"176 miles, 283 km",Embraer 170,67,AS 6841 /BA 5090 /GF 6608 /QF 3201 /QR 9437,Meal (none specific)
DFW,2026-02-14,17:42,AA5426,American Airlines,Duration: 1h 18m,"191 miles, 307 km",Canadair (Bombardier) Regional Jet 700 and Challenger 870,65,BA 5766 /G3 6207 /QF 4337 /QR 2663,Meal (none specific)
DFW,2026-02-14,17:43,AA1208,American Airlines,Duration: 3h 19m,"1235 miles, 1987 km",Boeing 737MAX 8 Passenger,172,QR 2253,Meal (none specific)
DFW,2026-02-14,17:45,AA4820,American Airlines,Duration: 2h 0m,"492 miles, 792 km",Canadair (Bombardier) Regional Jet 900,75,QR 9534,Meal (none specific)
DFW,2026-02-14,17:45,AA6228,American Airlines,Duration: 2h 15m,"681 miles, 1096 km",Canadair (Bombardier) Regional Jet 700 and Challenger 870,66,QR 9214,Meal (none specific)
DFW,2026-02-14,17:45,AA1996,American Airlines,Duration: 3h 37m,"1469 miles, 2364 km",Airbus A321,190,BA 5597 /CX 7578 /G3 6290 /GF 6716 /JL 7542 /QF 4499,Meal (none specific)
DFW,2026-02-14,17:46,AA2219,American Airlines,Duration: 3h 24m,"1036 miles, 1667 km",Airbus A321,190,BA 1746,Meal (none specific)
DFW,2026-02-14,17:46,AA5625,American Airlines,Duration: 1h 25m,"248 miles, 399 km",Canadair (Bombardier) Regional Jet 900,76,AS 6292 /BA 4436 /JL 7285 /QF 3320 /QR 9143,Meal (none specific)
DFW,2026-02-14,17:47,AA4014,American Airlines,Duration: 2h 52m,"956 miles, 1538 km",Embraer 175,73,,Meal (none specific)
DFW,2026-02-14,17:47,F91333,Frontier,Duration: 3h 13m,"932 miles, 1500 km",Airbus A320neo,186,Y4 2124,Meal (none specific)
DFW,2026-02-14,17:48,AA1492,American Airlines,Duration: 3h 3m,"930 miles, 1496 km",Boeing 737-800 Passenger,172,AS 4583 /CX 7641 /QF 4741 /QR 9388,Meal (none specific)
DFW,2026-02-14,17:48,AA1198,American Airlines,Duration: 2h 46m,"857 miles, 1379 km",Boeing 737-800 Passenger,172,AS 6267 /BA 4401 /CX 7674 /GF 4238 /QF 3073 /QR 9205,Meal (none specific)
DFW,2026-02-14,17:48,Y41800,Volaris,Duration: 2h 30m,"943 miles, 1517 km",Airbus A321neo,200,F9 6600,Meal (none specific)
DFW,2026-02-14,17:49,AA767,American Airlines,Duration: 4h 5m,"1667 miles, 2682 km",Airbus A321neo,183,BA 5588 /G3 6129 /GF 6445,Meal (none specific)
DFW,2026-02-14,17:50,AA1736,American Airlines,Duration: 2h 39m,"825 miles, 1327 km",Airbus A319,128,QF 3052 /QR 2769,Meal (none specific)
DFW,2026-02-14,17:50,AA2815,American Airlines,Duration: 3h 53m,"1307 miles, 2103 km",Boeing 787-8,234,BA 1934 /G3 6249 /MH 9343 /QF 4127,Meal (none specific)
DFW,2026-02-14,17:51,AA3535,American Airlines,Duration: 2h 30m,"840 miles, 1352 km",Embraer 175,73,QR 9312,Meal (none specific)
DFW,2026-02-14,17:52,AA3590,American Airlines,Duration: 1h 22m,"314 miles, 505 km",Embraer 170,67,BA 1661 /GF 6841 /QF 3270 /QR 2697,Meal (none specific)
DFW,2026-02-14,17:53,AA3126,American Airlines,Duration: 3h 7m,"928 miles, 1493 km",Boeing 737-800 Passenger,172,AS 4404 /QF 4835 /QR 7713,Meal (none specific)
DFW,2026-02-14,17:54,AA420,American Airlines,Duration: 2h 6m,"644 miles, 1036 km",Airbus A321,190,BA 1878 /G3 6351 /QF 4303 /QR 9487,Meal (none specific)
DFW,2026-02-14,17:54,AA2783,American Airlines,Duration: 3h 10m,"1174 miles, 1889 km",Airbus A321,190,AS 4142 /BA 5544 /G3 6236 /GF 4379 /QF 4599 /QR 2600,Meal (none specific)
DFW,2026-02-14,17:54,AA2264,American Airlines,Duration: 3h 7m,"1209 miles, 1945 km",Boeing 737MAX 8 Passenger,172,BA 5677 /GF 6600 /QF 4616,Meal (none specific)
DFW,2026-02-14,17:55,AA2944,American Airlines,Duration: 3h 14m,"1277 miles, 2055 km",Boeing 737-800 Passenger,172,AS 4506 /QF 3232 /QR 7624,Meal (none specific)
DFW,2026-02-14,17:55,AA2444,American Airlines,Duration: 3h 8m,"1169 miles, 1881 km",Boeing 737-800 Passenger,172,AS 6636 /QF 4890 /QR 2640,Meal (none specific)
DFW,2026-02-14,17:55,AA3179,American Airlines,Duration: 2h 17m,"724 miles, 1165 km",Airbus A319,128,G3 6144 /QF 4537,Meal (none specific)
DFW,2026-02-14,17:55,AA2556,American Airlines,Duration: 3h 15m,"1317 miles, 2119 km",Boeing 737-800 Passenger,172,BA 4392 /QR 2583,Meal (none specific)
DFW,2026-02-14,17:55,AA977,American Airlines,Duration: 2h 17m,"725 miles, 1167 km",Airbus A319,128,QR 9310,Meal (none specific)
DFW,2026-02-14,17:55,AA2655,American Airlines,Duration: 3h 51m,"1622 miles, 2610 km",Airbus A321,190,BA 5368 /G3 6216 /GF 6766 /QR 2819,Meal (none specific)
DFW,2026-02-14,17:55,AA3282,American Airlines,Duration: 2h 53m,"1129 miles, 1817 km",Airbus A321,190,IB 8174 /QF 4618,Meal (none specific)
DFW,2026-02-14,17:55,AA2083,American Airlines,Duration: 3h 17m,"1320 miles, 2124 km",Boeing 737MAX 8 Passenger,172,QR 9210,Meal (none specific)
DFW,2026-02-14,17:55,AA2845,American Airlines,Duration: 2h 47m,"993 miles, 1598 km",Airbus A321,190,BA 1815 /G3 6154 /QF 4679 /QR 7665,Meal (none specific)
DFW,2026-02-14,18:00,AA1418,American Airlines,Duration: 2h 49m,"858 miles, 1381 km",Airbus A320,150,QF 3044 /QR 2631,Meal (none specific)
DFW,2026-02-14,18:00,AA128,American Airlines,Duration: 13h 35m,"7378 miles, 11871 km",Boeing 787-9,262,CZ 1621,Meal (none specific)
DFW,2026-02-14,18:01,AA2325,American Airlines,Duration: 3h 16m,"990 miles, 1593 km",Airbus A321,190,AS 4612 /BA 1752 /QF 4143 /QR 9348,Meal (none specific)
DFW,2026-02-14,18:03,UA1439,United,Duration: 1h 23m,"225 miles, 362 km",Boeing 737-800 Passenger,167,CM 1323 /NZ 6513,Meal (none specific)
DFW,2026-02-14,18:04,AA5624,American Airlines,Duration: 2h 31m,"694 miles, 1117 km",Canadair (Bombardier) Regional Jet 900,76,QR 9045,Meal (none specific)
DFW,2026-02-14,18:04,AA2976,American Airlines,Duration: 2h 7m,"587 miles, 944 km",Boeing 737MAX 8 Passenger,172,AS 6781 /BA 5186 /GF 4339 /QF 4776 /QR 7963,Meal (none specific)
DFW,2026-02-14,18:05,AA1772,American Airlines,Duration: 3h 20m,"1364 miles, 2195 km",Airbus A319,128,QR 9385,Meal (none specific)
DFW,2026-02-14,18:06,AA1393,American Airlines,Duration: 2h 31m,"871 miles, 1401 km",Boeing 737-800 Passenger,172,BA 1678 /QR 2232,Meal (none specific)
DFW,2026-02-14,18:06,AA3385,American Airlines,Duration: 3h 6m,"925 miles, 1488 km",Embraer 175,73,QF 4706 /QR 2300,Meal (none specific)
DFW,2026-02-14,18:08,AA2640,American Airlines,Duration: 1h 32m,"225 miles, 362 km",Boeing 737MAX 8 Passenger,172,AS 6733 /BA 4439 /CX 7652 /FJ 5056 /G3 6167 /GF 4106 /QF 3283 /QR 7908,Meal (none specific)
DFW,2026-02-14,18:08,AA1599,American Airlines,Duration: 2h 47m,"1029 miles, 1656 km",Boeing 737-800 Passenger,172,BA 5644,Meal (none specific)
DFW,2026-02-14,18:09,AA4934,American Airlines,Duration: 2h 22m,"705 miles, 1134 km",Canadair (Bombardier) Regional Jet 700 and Challenger 870,66,IB 8098 /QF 4780,Meal (none specific)
DFW,2026-02-14,18:09,AA2314,American Airlines,Duration: 3h 49m,"1221 miles, 1965 km",Boeing 737-800 Passenger,172,CX 7639 /QF 4564,Meal (none specific)
DFW,2026-02-14,18:09,AA5542,American Airlines,Duration: 2h 32m,"687 miles, 1105 km",Canadair (Bombardier) Regional Jet 900,76,QR 9207,Meal (none specific)
DFW,2026-02-14,18:10,AA1961,American Airlines,Duration: 1h 23m,"248 miles, 399 km",Airbus A319,128,AS 6304 /BA 5564 /GF 6868 /QF 4301 /QR 7783,Meal (none specific)
DFW,2026-02-14,18:12,AA1737,American Airlines,Duration: 3h 16m,"987 miles, 1588 km",Airbus A321,190,G3 6056 /QF 4894 /QR 7991,Meal (none specific)
DFW,2026-02-14,18:12,AA3236,American Airlines,Duration: 2h 43m,"774 miles, 1245 km",Airbus A321,190,AS 6181 /QF 4144 /QR 8547,Meal (none specific)
DFW,2026-02-14,18:14,AA5043,American Airlines,Duration: 1h 47m,"384 miles, 618 km",Canadair (Bombardier) Regional Jet 900,76,BA 1737 /GF 6808 /QF 4874 /QR 2861,Meal (none specific)
DFW,2026-02-14,18:14,AA2898,American Airlines,Duration: 3h 42m,"1126 miles, 1812 km",Airbus A321,190,AS 4033 /BA 2441 /G3 6288 /GF 6579 /IB 4989 /QF 3163 /QR 2437,Meal (none specific)
DFW,2026-02-14,18:14,AA2218,American Airlines,Duration: 3h 35m,"1107 miles, 1781 km",Airbus A321,190,AS 4250 /QF 4906 /QR 7646,Meal (none specific)
DFW,2026-02-14,18:14,AA1915,American Airlines,Duration: 3h 41m,"1161 miles, 1868 km",Airbus A321,190,AS 4315 /QF 4903 /QR 9191,Meal (none specific)
DFW,2026-02-14,18:15,AA1008,American Airlines,Duration: 2h 44m,"733 miles, 1179 km",Airbus A321,190,AS 4178 /G3 6267 /GF 6780 /QF 4375,Meal (none specific)
DFW,2026-02-14,18:15,AA791,American Airlines,Duration: 3h 2m,"850 miles, 1368 km",Airbus A319,128,QR 2484,Meal (none specific)
DFW,2026-02-14,18:15,AA3404,American Airlines,Duration: 2h 30m,"693 miles, 1115 km",Embraer 175,73,QR 2255,Meal (none specific)
DFW,2026-02-14,18:15,AA5528,American Airlines,Duration: 2h 17m,"628 miles, 1010 km",Canadair (Bombardier) Regional Jet 900,76,AS 6424 /QF 4852 /QR 2671,Meal (none specific)
DFW,2026-02-14,18:15,AA3956,American Airlines,Duration: 3h 19m,"991 miles, 1595 km",Embraer 175,73,CX 7646 /G3 6274 /GF 4255 /QF 4889 /QR 8737,Meal (none specific)
DFW,2026-02-14,18:15,AA3506,American Airlines,Duration: 2h 25m,"645 miles, 1038 km",Embraer 175,73,QR 2525,Meal (none specific)
DFW,2026-02-14,18:15,AA2638,American Airlines,Duration: 3h 52m,"1216 miles, 1957 km",Boeing 737-800 Passenger,172,AS 4770 /QF 4444 /QR 9120,Meal (none specific)
DFW,2026-02-14,18:15,AA2693,American Airlines,Duration: 3h 28m,"1065 miles, 1714 km",Boeing 737-800 Passenger,172,AS 6028 /CX 7653 /G3 6373 /QF 4465 /QR 9336,Meal (none specific)
DFW,2026-02-14,18:15,AA696,American Airlines,Duration: 2h 2m,"553 miles, 890 km",Airbus A320,150,AS 6512 /BA 5683 /G3 6308 /GF 6855 /QF 3096 /QR 9514,Meal (none specific)
DFW,2026-02-14,18:15,AA4230,American Airlines,Duration: 2h 59m,"871 miles, 1401 km",Embraer 175,73,QR 2665,Meal (none specific)
DFW,2026-02-14,18:15,F92550,Frontier,Duration: 2h 5m,"644 miles, 1036 km",Airbus A320,218,Y4 2439,Meal (none specific)
DFW,2026-02-14,18:19,AA3935,American Airlines,Duration: 3h 4m,"903 miles, 1453 km",Embraer 175,73,QR 8761,Meal (none specific)
DFW,2026-02-14,18:20,AA372,American Airlines,Duration: 4h 35m,"1714 miles, 2758 km",Boeing 737-800 Passenger,172,,Meal (none specific)
DFW,2026-02-14,18:20,AA4136,American Airlines,Duration: 3h 27m,"1435 miles, 2309 km",Embraer 175,73,AS 4092 /QR 9049,Meal (none specific)
DFW,2026-02-14,18:20,AA4131,American Airlines,Duration: 3h 16m,"1184 miles, 1905 km",Embraer 175,73,,Meal (none specific)
DFW,2026-02-14,18:20,B6515,JetBlue,Duration: 4h 38m,"1567 miles, 2521 km",Airbus A220-300,140,QR 3947,Meal (none specific)
DFW,2026-02-14,18:23,AA6298,American Airlines,Duration: 3h 5m,"1100 miles, 1770 km",Canadair (Bombardier) Regional Jet 700 and Challenger 870,66,QR 2837,Meal (none specific)
DFW,2026-02-14,18:23,AA2501,American Airlines,Duration: 2h 24m,"643 miles, 1035 km",Airbus A320,150,BA 5737 /QF 4766 /QR 8629,Meal (none specific)
DFW,2026-02-14,18:26,AA2181,American Airlines,Duration: 3h 0m,"865 miles, 1392 km",Boeing 737MAX 8 Passenger,172,AS 4763 /QF 4667 /QR 7566,Meal (none specific)
DFW,2026-02-14,18:26,AA947,American Airlines,Duration: 2h 20m,"870 miles, 1400 km",Boeing 737MAX 8 Passenger,172,BA 4719 /G3 6057 /GF 6726 /QF 4610,Meal (none specific)
DFW,2026-02-14,18:28,AA1056,American Airlines,Duration: 4h 18m,"1394 miles, 2243 km",Boeing 737-800 Passenger,172,G3 6165 /QF 3042,Meal (none specific)
DFW,2026-02-14,18:31,UA442,United,Duration: 4h 11m,"1377 miles, 2216 km",Boeing 737MAX 9 Passenger,179,SN 8851,Meal (none specific)
DFW,2026-02-14,18:32,AA2584,American Airlines,Duration: 5h 39m,"2041 miles, 3284 km",Boeing 737-800 Passenger,172,,Meal (none specific)
DFW,2026-02-14,18:36,AA6385,American Airlines,Duration: 2h 54m,"850 miles, 1368 km",Canadair (Bombardier) Regional Jet 700 and Challenger 870,66,QR 2410,Meal (none specific)
DFW,2026-02-14,18:38,AA1887,American Airlines,Duration: 4h 11m,"1306 miles, 2101 km",Boeing 737-800 Passenger,172,QR 2685,Meal (none specific)
DFW,2026-02-14,18:40,TK191,Turkish Airlines,Duration: 13h 15m,"6296 miles, 10130 km",Boeing 777-300ER,357,PK 5191,Meal (none specific)
DFW,2026-02-14,18:41,AA3651,American Airlines,Duration: 3h 2m,"1097 miles, 1765 km",Embraer 175,73,AY 3729 /QR 2373,Meal (none specific)
DFW,2026-02-14,18:42,AA2838,American Airlines,Duration: 3h 13m,"939 miles, 1511 km",Airbus A321neo,183,BA 1775 /FJ 5095 /GF 4151 /QF 4146 /QR 8197,Meal (none specific)
DFW,2026-02-14,18:45,AA1750,American Airlines,Duration: 3h 20m,"1036 miles, 1667 km",Airbus A321,190,BA 1779 /QF 4836,Meal (none specific)
DFW,2026-02-14,18:45,AA1805,American Airlines,Duration: 2h 44m,"815 miles, 1311 km",Boeing 737-800 Passenger,172,AS 4407 /GF 4232 /QF 3217 /QR 9178,Meal (none specific)
DFW,2026-02-14,18:45,AA4097,American Airlines,Duration: 1h 44m,"472 miles, 759 km",Embraer 175,73,AS 6825 /BA 4903 /GF 6645 /QF 4408 /QR 8196,Meal (none specific)
DFW,2026-02-14,18:45,AA1619,American Airlines,Duration: 1h 57m,"449 miles, 722 km",Airbus A320,150,AS 6301 /BA 5068 /CX 7675 /GF 4322 /QF 3072 /QR 7994,Meal (none specific)
DFW,2026-02-14,18:47,AA6496,American Airlines,Duration: 1h 52m,"552 miles, 888 km",Canadair (Bombardier) Regional Jet 700 and Challenger 870,66,BA 5540 /IB 8079 /QF 3329 /QR 2885,Meal (none specific)
DFW,2026-02-14,18:48,AA5335,American Airlines,Duration: 1h 51m,"409 miles, 658 km",Canadair (Bombardier) Regional Jet 900,76,BA 4589 /GF 6844 /QF 3265 /QR 9208,Meal (none specific)
DFW,2026-02-14,18:50,AA4980,American Airlines,Duration: 2h 52m,"962 miles, 1548 km",Canadair (Bombardier) Regional Jet 700 and Challenger 870,66,QR 8757,Meal (none specific)
DFW,2026-02-14,18:55,AA5470,American Airlines,Duration: 3h 3m,"876 miles, 1409 km",Canadair (Bombardier) Regional Jet 900,76,QR 7956,Meal (none specific)
DFW,2026-02-14,18:55,AA1244,American Airlines,Duration: 3h 56m,"1196 miles, 1924 km",Boeing 737-800 Passenger,172,QF 4113,Meal (none specific)
DFW,2026-02-14,18:55,AA1486,American Airlines,Duration: 3h 49m,"1337 miles, 2151 km",Boeing 737-800 Passenger,172,QR 8170,Meal (none specific)
DFW,2026-02-14,19:00,VB582,Viva,Duration: 2h 40m,"874 miles, 1406 km",Airbus A320,180,,Meal (none specific)
DFW,2026-02-14,19:01,AA6192,American Airlines,Duration: 1h 22m,"191 miles, 307 km",Canadair (Bombardier) Regional Jet 700 and Challenger 870,66,BA 6505 /GF 4374 /QF 4500 /QR 8550,Meal (none specific)
DFW,2026-02-14,19:02,AA2887,American Airlines,Duration: 3h 17m,"987 miles, 1588 km",Airbus A321,190,QF 4582 /QR 7992,Meal (none specific)
DFW,2026-02-14,19:03,AA1883,American Airlines,Duration: 2h 57m,"1052 miles, 1693 km",Airbus A319,128,QR 2695,Meal (none specific)
DFW,2026-02-14,19:05,AA1668,American Airlines,Duration: 4h 6m,"1307 miles, 2103 km",Airbus A321,190,BA 4348 /QF 3331,Meal (none specific)
DFW,2026-02-14,19:05,AA1104,American Airlines,Duration: 4h 1m,"1443 miles, 2322 km",Boeing 737-800 Passenger,172,QR 2324,Meal (none specific)
DFW,2026-02-14,19:05,AA2679,American Airlines,Duration: 3h 12m,"949 miles, 1527 km",Airbus A321,190,QR 2920,Meal (none specific)
DFW,2026-02-14,19:10,AA2929,American Airlines,Duration: 3h 2m,"948 miles, 1525 km",Airbus A319,128,QR 9623,Meal (none specific)
DFW,2026-02-14,19:10,BA193,British Airways,Duration: 10h 25m,"4766 miles, 7668 km",Airbus A350-1000,331,AA 6950 /AY 5493 /EI 8893 /IB 3575,Meal (none specific)
DFW,2026-02-14,19:11,AA2465,American Airlines,Duration: 3h 9m,"921 miles, 1482 km",Boeing 737-800 Passenger,172,AS 4335 /GF 6511 /QF 4750 /QR 8208,Meal (none specific)
DFW,2026-02-14,19:13,AA6304,American Airlines,Duration: 2h 23m,"705 miles, 1134 km",Canadair (Bombardier) Regional Jet 700 and Challenger 870,66,IB 8235 /QF 4855 /QR 8191,Meal (none specific)
DFW,2026-02-14,19:16,AA2755,American Airlines,Duration: 3h 10m,"1239 miles, 1994 km",Airbus A321,190,BA 4408 /CX 7718 /FJ 5099 /GF 6869 /JL 7504 /TN 1188,Meal (none specific)
DFW,2026-02-14,19:18,NK2223,Spirit,Duration: 4h 19m,"1377 miles, 2216 km",Airbus A321 (sharklets),228,,Meal (none specific)
DFW,2026-02-14,19:19,AA6410,American Airlines,Duration: 1h 7m,"90 miles, 145 km",Canadair (Bombardier) Regional Jet 700 and Challenger 870,66,AS 6537 /GF 4179 /QF 4414 /QR 7756,Meal (none specific)
DFW,2026-02-14,19:20,BR50,EVA Air,Duration: 13h 35m,"7749 miles, 12468 km",Boeing 787-9,289,,Meal (none specific)
DFW,2026-02-14,19:20,DL846,Delta,Duration: 4h 25m,"1394 miles, 2243 km",Airbus A220-300,130,WS 7694,Meal (none specific)
DFW,2026-02-14,19:22,AA1598,American Airlines,Duration: 3h 22m,"1002 miles, 1612 km",Boeing 737MAX 8 Passenger,172,AS 6229 /QF 4575 /QR 7899,Meal (none specific)
DFW,2026-02-14,19:22,AA2834,American Airlines,Duration: 4h 57m,"1707 miles, 2747 km",Boeing 737-800 Passenger,172,QR 8543,Meal (none specific)
DFW,2026-02-14,19:22,AA3776,American Airlines,Duration: 1h 59m,"638 miles, 1027 km",Embraer 175,73,QR 7886,Meal (none specific)
DFW,2026-02-14,19:25,AA355,American Airlines,Duration: 4h 0m,"1357 miles, 2183 km",Boeing 737-800 Passenger,172,QR 9430,Meal (none specific)
DFW,2026-02-14,19:25,AA2558,American Airlines,Duration: 4h 32m,"1555 miles, 2502 km",Boeing 737-800 Passenger,172,QR 9617,Meal (none specific)
DFW,2026-02-14,19:25,AA163,American Airlines,Duration: 3h 20m,"1057 miles, 1701 km",Boeing 737-800 Passenger,172,,Meal (none specific)
DFW,2026-02-14,19:26,AA3660,American Airlines,Duration: 0h 55m,"140 miles, 225 km",Embraer 175,73,QR 7707,Meal (none specific)
DFW,2026-02-14,19:28,AA896,American Airlines,Duration: 2h 39m,"806 miles, 1297 km",Boeing 737-800 Passenger,172,BA 5174 /FJ 5065 /GF 6493 /IB 4232 /QF 4442 /QR 8639,Meal (none specific)
DFW,2026-02-14,19:30,F93241,Frontier,Duration: 3h 1m,"806 miles, 1297 km",Airbus A321neo,238,Y4 2565,Meal (none specific)
DFW,2026-02-14,19:31,AA4248,American Airlines,Duration: 3h 24m,"1190 miles, 1915 km",Embraer 175,73,QR 7897,Meal (none specific)
DFW,2026-02-14,19:31,AA360,American Airlines,Duration: 3h 49m,"1327 miles, 2135 km",Boeing 737-800 Passenger,172,,Meal (none specific)
DFW,2026-02-14,19:32,AA2652,American Airlines,Duration: 3h 22m,"1036 miles, 1667 km",Airbus A321,190,BA 1835 /QF 4725 /QR 7612,Meal (none specific)
DFW,2026-02-14,19:35,AA5082,American Airlines,Duration: 2h 19m,"604 miles, 972 km",Canadair (Bombardier) Regional Jet 700 and Challenger 870,65,GF 6853 /QF 4792 /QR 2321,Meal (none specific)
DFW,2026-02-14,19:38,AA3380,American Airlines,Duration: 1h 6m,"158 miles, 254 km",Embraer 175,73,AS 6182 /QR 2219,Meal (none specific)
DFW,2026-02-14,19:38,AA3067,American Airlines,Duration: 3h 20m,"1051 miles, 1691 km",Airbus A320,150,QR 2225,Meal (none specific)
DFW,2026-02-14,19:38,AA2078,American Airlines,Duration: 3h 28m,"1436 miles, 2311 km",Boeing 737-800 Passenger,172,BA 5671 /GF 6659 /QR 9239,Meal (none specific)
DFW,2026-02-14,19:39,AA376,American Airlines,Duration: 3h 32m,"1198 miles, 1928 km",Boeing 737-800 Passenger,172,,Meal (none specific)
DFW,2026-02-14,19:39,AA2336,American Airlines,Duration: 3h 14m,"1025 miles, 1649 km",Airbus A320,150,CX 7638 /GF 6591 /QF 4502 /QR 2264,Meal (none specific)
DFW,2026-02-14,19:39,AA3325,American Airlines,Duration: 3h 20m,"1063 miles, 1710 km",Boeing 737-800 Passenger,172,QR 2630,Meal (none specific)
DFW,2026-02-14,19:39,AA6501,American Airlines,Duration: 1h 9m,"93 miles, 150 km",Canadair (Bombardier) Regional Jet 700 and Challenger 870,66,AS 6431 /QR 9597,Meal (none specific)
DFW,2026-02-14,19:39,AA4179,American Airlines,Duration: 1h 31m,"282 miles, 454 km",Embraer 175,73,BA 5744 /GF 6897 /QR 8570,Meal (none specific)
DFW,2026-02-14,19:40,AA362,American Airlines,Duration: 3h 55m,"1415 miles, 2277 km",Boeing 737-800 Passenger,172,,Meal (none specific)
DFW,2026-02-14,19:43,AA3947,American Airlines,Duration: 1h 52m,"595 miles, 957 km",Embraer 175,73,BA 1828 /QF 3172 /QR 7675,Meal (none specific)
DFW,2026-02-14,19:43,AA3255,American Airlines,Duration: 2h 50m,"1029 miles, 1656 km",Airbus A321,190,BA 5646 /QR 7800,Meal (none specific)
DFW,2026-02-14,19:44,AA2661,American Airlines,Duration: 4h 40m,"1567 miles, 2521 km",Airbus A321,190,BA 1723 /CX 7657 /FJ 5066 /QF 3284 /QR 9225,Meal (none specific)
DFW,2026-02-14,19:44,AA5318,American Airlines,Duration: 1h 47m,"384 miles, 618 km",Canadair (Bombardier) Regional Jet 700 and Challenger 870,65,AS 4289 /BA 5636 /QF 4871 /QR 8694,Meal (none specific)
DFW,2026-02-14,19:44,AA3171,American Airlines,Duration: 3h 8m,"1169 miles, 1881 km",Boeing 737-800 Passenger,172,AS 4006 /QF 4471 /QR 8207,Meal (none specific)
DFW,2026-02-14,19:44,AA3820,American Airlines,Duration: 2h 25m,"742 miles, 1194 km",Embraer 175,73,QF 4777 /QR 2329,Meal (none specific)
DFW,2026-02-14,19:44,AA6244,American Airlines,Duration: 1h 11m,"129 miles, 208 km",Canadair (Bombardier) Regional Jet 700 and Challenger 870,66,AS 4576 /QR 2751,Meal (none specific)
DFW,2026-02-14,19:44,AA1799,American Airlines,Duration: 3h 33m,"1109 miles, 1784 km",Airbus A319,128,QR 2396,Meal (none specific)
DFW,2026-02-14,19:44,AA777,American Airlines,Duration: 2h 58m,"1059 miles, 1704 km",Airbus A321,190,BA 4730 /CX 7664 /GF 6783 /QF 3050 /QR 8185,Meal (none specific)
DFW,2026-02-14,19:44,AA2635,American Airlines,Duration: 3h 5m,"1192 miles, 1918 km",Airbus A321,190,BA 5111 /QR 2741,Meal (none specific)
DFW,2026-02-14,19:44,AA1456,American Airlines,Duration: 2h 47m,"993 miles, 1598 km",Airbus A321,190,BA 5665 /CX 7615 /QF 4155 /QR 9238,Meal (none specific)
DFW,2026-02-14,19:45,AA9,American Airlines,Duration: 1h 57m,"570 miles, 917 km",Boeing 737-800 Passenger,172,BA 5184 /GF 6528 /QF 4406 /QR 9159,Meal (none specific)
DFW,2026-02-14,19:45,AA3705,American Airlines,Duration: 1h 25m,"228 miles, 367 km",Embraer 170,67,QF 3019 /QR 9127,Meal (none specific)
DFW,2026-02-14,19:45,AA594,American Airlines,Duration: 4h 32m,"1714 miles, 2758 km",Boeing 737-800 Passenger,172,QR 2221,Meal (none specific)
DFW,2026-02-14,19:45,AA1080,American Airlines,Duration: 4h 50m,"1790 miles, 2880 km",Boeing 737-800 Passenger,172,QR 9622,Meal (none specific)
DFW,2026-02-14,19:47,AA5601,American Airlines,Duration: 1h 27m,"310 miles, 499 km",Canadair (Bombardier) Regional Jet 700 and Challenger 870,65,AS 6755 /BA 1948 /QF 4724 /QR 8662,Meal (none specific)
DFW,2026-02-14,19:49,AA5115,American Airlines,Duration: 2h 53m,"865 miles, 1392 km",Canadair (Bombardier) Regional Jet 900,76,AS 6773 /QF 4356 /QR 7689,Meal (none specific)
DFW,2026-02-14,19:49,AA1832,American Airlines,Duration: 2h 5m,"644 miles, 1036 km",Airbus A321,190,BA 1876 /CX 7640 /FJ 5027 /GF 4139 /QF 4395 /QR 9639,Meal (none specific)
DFW,2026-02-14,19:49,AA1373,American Airlines,Duration: 3h 38m,"1124 miles, 1809 km",Airbus A321,190,AS 4604 /BA 4396 /GF 6581 /QF 3227 /QR 2731,Meal (none specific)
DFW,2026-02-14,19:49,AA3922,American Airlines,Duration: 2h 52m,"863 miles, 1389 km",Embraer 175,73,QR 2869,Meal (none specific)
DFW,2026-02-14,19:49,AA1953,American Airlines,Duration: 4h 19m,"1396 miles, 2246 km",Boeing 737-800 Passenger,172,AT 5013 /BA 5796 /GF 4294 /IB 8278 /MH 9434 /QF 4310 /QR 9605,Meal (none specific)
DFW,2026-02-14,19:49,AA2324,American Airlines,Duration: 3h 10m,"932 miles, 1500 km",Airbus A321,190,AS 6709 /FJ 5083 /GF 4344 /QF 3165 /QR 9256,Meal (none specific)
DFW,2026-02-14,19:50,AA3925,American Airlines,Duration: 1h 20m,"165 miles, 265 km",Embraer 175,73,AS 6619 /BA 4801 /QF 3182 /QR 2323,Meal (none specific)
DFW,2026-02-14,19:50,AA1072,American Airlines,Duration: 3h 51m,"1196 miles, 1924 km",Boeing 737-800 Passenger,172,FJ 5072 /QF 4521,Meal (none specific)
DFW,2026-02-14,19:50,AA5308,American Airlines,Duration: 2h 27m,"676 miles, 1088 km",Canadair (Bombardier) Regional Jet 900,76,QF 4457 /QR 2645,Meal (none specific)
DFW,2026-02-14,19:50,AA2008,American Airlines,Duration: 2h 56m,"1129 miles, 1817 km",Airbus A321,190,BA 5770 /IB 8119 /QF 4435 /QR 9297,Meal (none specific)
DFW,2026-02-14,19:52,AA2974,American Airlines,Duration: 1h 17m,"176 miles, 283 km",Boeing 737-800 Passenger,172,AS 6325 /BA 5091 /QF 4518 /QR 7978,Meal (none specific)
DFW,2026-02-14,19:52,AA2202,American Airlines,Duration: 6h 15m,"2236 miles, 3598 km",Airbus A319,128,QR 9057,Meal (none specific)
DFW,2026-02-14,19:53,AA1684,American Airlines,Duration: 3h 7m,"1174 miles, 1889 km",Airbus A321,190,AS 6598 /BA 5551 /QF 4480 /QR 7997,Meal (none specific)
DFW,2026-02-14,19:54,AA3859,American Airlines,Duration: 2h 47m,"733 miles, 1179 km",Embraer 175,73,AS 4606 /CX 7635 /FJ 5024 /QF 4343 /QR 9257,Meal (none specific)
DFW,2026-02-14,19:54,AA1661,American Airlines,Duration: 1h 19m,"191 miles, 307 km",Airbus A319,128,AS 4221 /BA 1686 /FJ 5088 /QF 3141 /QR 2411,Meal (none specific)
DFW,2026-02-14,19:54,AA6472,American Airlines,Duration: 2h 11m,"677 miles, 1089 km",Canadair (Bombardier) Regional Jet 700 and Challenger 870,66,QF 4901 /QR 2509,Meal (none specific)
DFW,2026-02-14,19:54,AA4975,American Airlines,Duration: 1h 21m,"229 miles, 368 km",Canadair (Bombardier) Regional Jet 700 and Challenger 870,66,AS 6457 /QR 9235,Meal (none specific)
DFW,2026-02-14,19:54,AA826,American Airlines,Duration: 1h 28m,"238 miles, 383 km",Airbus A319,128,AS 6555 /BA 5715 /QF 4651 /QR 9461,Meal (none specific)
DFW,2026-02-14,19:55,AA4920,American Airlines,Duration: 2h 19m,"705 miles, 1134 km",Canadair (Bombardier) Regional Jet 700 and Challenger 870,66,IB 8107 /QF 4736 /QR 9373,Meal (none specific)
DFW,2026-02-14,19:55,AA5274,American Airlines,Duration: 2h 34m,"697 miles, 1121 km",Canadair (Bombardier) Regional Jet 900,76,QF 3099 /QR 9013,Meal (none specific)
DFW,2026-02-14,19:55,AA5610,American Airlines,Duration: 1h 24m,"282 miles, 454 km",Canadair (Bombardier) Regional Jet 900,76,AS 6577 /BA 1841 /IB 4476 /QF 4758 /QR 9496,Meal (none specific)
DFW,2026-02-14,19:55,AA5583,American Airlines,Duration: 1h 39m,"352 miles, 566 km",Canadair (Bombardier) Regional Jet 900,76,BA 4823 /QF 4848 /QR 2749,Meal (none specific)
DFW,2026-02-14,19:55,AA5253,American Airlines,Duration: 2h 27m,"624 miles, 1004 km",Canadair (Bombardier) Regional Jet 700 and Challenger 870,65,QF 3239 /QR 8555,Meal (none specific)
DFW,2026-02-14,19:55,AA5058,American Airlines,Duration: 2h 6m,"541 miles, 870 km",Canadair (Bombardier) Regional Jet 900,76,BA 5041 /QF 4717 /QR 7984,Meal (none specific)
DFW,2026-02-14,19:55,AA4191,American Airlines,Duration: 2h 22m,"606 miles, 975 km",Embraer 175,73,AS 4624 /BA 6524 /QF 4895 /QR 9558,Meal (none specific)
DFW,2026-02-14,19:55,AA6414,American Airlines,Duration: 1h 28m,"190 miles, 306 km",Canadair (Bombardier) Regional Jet 700 and Challenger 870,66,BA 5629 /QF 4771 /QR 8218,Meal (none specific)
DFW,2026-02-14,19:55,AA2861,American Airlines,Duration: 3h 7m,"1209 miles, 1945 km",Boeing 737MAX 8 Passenger,172,BA 5674 /QF 4764 /QR 2918,Meal (none specific)
DFW,2026-02-14,19:55,UA1535,United,Duration: 1h 30m,"225 miles, 362 km",Airbus A320,150,CM 1321 /EK 6103 /NZ 6514,Meal (none specific)
DFW,2026-02-14,19:56,AA2736,American Airlines,Duration: 3h 23m,"1021 miles, 1643 km",Boeing 737MAX 8 Passenger,172,AS 6337 /BA 5533 /QF 3247 /QR 9319,Meal (none specific)
DFW,2026-02-14,19:56,AA3082,American Airlines,Duration: 5h 53m,"2175 miles, 3500 km",Airbus A321neo,183,AS 4513 /QR 9341,Meal (none specific)
DFW,2026-02-14,19:58,AA717,American Airlines,Duration: 4h 6m,"1667 miles, 2682 km",Airbus A321,190,BA 1669 /CX 7503 /QR 7887,Meal (none specific)
DFW,2026-02-14,19:58,AA1415,American Airlines,Duration: 4h 21m,"1761 miles, 2833 km",Boeing 737-800 Passenger,172,AS 6510 /AY 3654 /BA 5750 /QF 4104 /QR 2949,Meal (none specific)
DFW,2026-02-14,19:59,AA2496,American Airlines,Duration: 3h 54m,"1622 miles, 2610 km",Boeing 737-800 Passenger,172,BA 5369 /QR 2818,Meal (none specific)
DFW,2026-02-14,19:59,AA1581,American Airlines,Duration: 2h 29m,"870 miles, 1400 km",Airbus A321,190,BA 4423 /QF 4596 /QR 9648,Meal (none specific)
DFW,2026-02-14,20:00,AA1287,American Airlines,Duration: 2h 17m,"724 miles, 1165 km",Airbus A319,128,QF 4745 /QR 2588,Meal (none specific)
DFW,2026-02-14,20:00,AA2351,American Airlines,Duration: 3h 0m,"943 miles, 1517 km",Boeing 737-800 Passenger,172,JL 7211 /QF 4506 /QR 9005,Meal (none specific)
DFW,2026-02-14,20:00,AA5636,American Airlines,Duration: 2h 45m,"769 miles, 1237 km",Canadair (Bombardier) Regional Jet 700 and Challenger 870,65,QF 4794 /QR 7704,Meal (none specific)
DFW,2026-02-14,20:04,AA4155,American Airlines,Duration: 2h 18m,"775 miles, 1247 km",Embraer 175,73,BA 4412 /IB 8160 /QF 4541 /QR 7904,Meal (none specific)
DFW,2026-02-14,20:04,AA2923,American Airlines,Duration: 1h 35m,"331 miles, 533 km",Airbus A319,128,AS 4395 /BA 6682 /QF 4592 /QR 9043,Meal (none specific)
DFW,2026-02-14,20:04,AA3527,American Airlines,Duration: 1h 51m,"462 miles, 743 km",Embraer 175,73,AS 4279 /BA 4864 /QF 3210 /QR 9017,Meal (none specific)
DFW,2026-02-14,20:04,AA3358,American Airlines,Duration: 1h 38m,"293 miles, 471 km",Embraer 175,73,QF 3267 /QR 7907,Meal (none specific)
DFW,2026-02-14,20:04,AA3072,American Airlines,Duration: 2h 41m,"735 miles, 1183 km",Airbus A320,150,AS 6643 /BA 5480 /QF 4676 /QR 9468,Meal (none specific)
DFW,2026-02-14,20:04,AA2177,American Airlines,Duration: 3h 37m,"1469 miles, 2364 km",Airbus A321,190,BA 5600 /QF 4378 /QR 2482,Meal (none specific)
DFW,2026-02-14,20:04,AA1111,American Airlines,Duration: 3h 50m,"1205 miles, 1939 km",Boeing 737-800 Passenger,172,AS 6710 /PD 6046 /QF 4371 /QR 2244,Meal (none specific)
DFW,2026-02-14,20:05,AA3939,American Airlines,Duration: 1h 37m,"285 miles, 459 km",Embraer 170,67,QF 4775 /QR 7585,Meal (none specific)
DFW,2026-02-14,20:05,AA3602,American Airlines,Duration: 2h 49m,"974 miles, 1567 km",Embraer 170,67,QR 2889,Meal (none specific)
DFW,2026-02-14,20:05,AA1645,American Airlines,Duration: 1h 37m,"305 miles, 491 km",Airbus A319,128,AS 4319 /BA 4843 /QF 3084 /QR 8580,Meal (none specific)
DFW,2026-02-14,20:05,AA3478,American Airlines,Duration: 1h 54m,"433 miles, 697 km",Embraer 170,67,AS 4124 /BA 4888 /IB 8167 /QF 4360 /QR 7912,Meal (none specific)
DFW,2026-02-14,20:05,AA3635,American Airlines,Duration: 1h 44m,"434 miles, 698 km",Embraer 175,73,QF 3311 /QR 7931,Meal (none specific)
DFW,2026-02-14,20:05,AA788,American Airlines,Duration: 3h 35m,"1126 miles, 1812 km",Airbus A321,190,AS 4003 /BA 4945 /FJ 5090 /GF 4332 /IB 4459 /QF 4387,Meal (none specific)
DFW,2026-02-14,20:05,AA324,American Airlines,Duration: 3h 22m,"1350 miles, 2172 km",Boeing 737-800 Passenger,172,BA 6998 /QF 4326 /QR 7816,Meal (none specific)
DFW,2026-02-14,20:05,AA3125,American Airlines,Duration: 2h 23m,"815 miles, 1311 km",Boeing 737-800 Passenger,172,BA 5722 /QF 3000 /QR 9300,Meal (none specific)
DFW,2026-02-14,20:05,AA2542,American Airlines,Duration: 2h 44m,"774 miles, 1245 km",Boeing 737-800 Passenger,172,AS 4322 /QF 4363 /QR 7883,Meal (none specific)
DFW,2026-02-14,20:07,AA1288,American Airlines,Duration: 2h 47m,"989 miles, 1591 km",Airbus A321,190,QF 3335 /QR 9645,Meal (none specific)
DFW,2026-02-14,20:10,AA6222,American Airlines,Duration: 1h 37m,"357 miles, 574 km",Canadair (Bombardier) Regional Jet 700 and Challenger 870,66,AS 6294 /BA 1832 /QF 4504 /QR 9591,Meal (none specific)
DFW,2026-02-14,20:11,AA2349,American Airlines,Duration: 4h 6m,"1307 miles, 2103 km",Airbus A321,190,FJ 5057 /QF 3105,Meal (none specific)
DFW,2026-02-14,20:15,AA2034,American Airlines,Duration: 5h 39m,"2041 miles, 3284 km",Boeing 737-800 Passenger,172,QR 7818,Meal (none specific)
DFW,2026-02-14,20:15,AA5247,American Airlines,Duration: 1h 30m,"282 miles, 454 km",Canadair (Bombardier) Regional Jet 900,76,AS 4401 /BA 5743 /QR 7594,Meal (none specific)
DFW,2026-02-14,20:16,AA3979,American Airlines,Duration: 1h 25m,"314 miles, 505 km",Embraer 175,73,AS 6838 /BA 1755 /QF 4427 /QR 8674,Meal (none specific)
DFW,2026-02-14,20:17,AA1765,American Airlines,Duration: 4h 18m,"1377 miles, 2216 km",Airbus A321,190,QF 4124,Meal (none specific)
DFW,2026-02-14,20:18,AA4074,American Airlines,Duration: 1h 36m,"296 miles, 476 km",Embraer 170,67,IB 8101 /QF 4838 /QR 2319,Meal (none specific)
DFW,2026-02-14,20:21,DL496,Delta,Duration: 4h 16m,"1396 miles, 2246 km",Airbus A220-100,109,AF 5896 /AM 4032 /KE 7325 /KL 7170 /VS 3476,Meal (none specific)
DFW,2026-02-14,20:23,AA2414,American Airlines,Duration: 3h 46m,"1176 miles, 1892 km",Airbus A321,190,AS 6763 /CX 7648 /QF 4514 /QR 2420,Meal (none specific)
DFW,2026-02-14,20:23,AA1505,American Airlines,Duration: 2h 43m,"764 miles, 1229 km",Boeing 737-800 Passenger,172,AS 6315 /QF 4742 /QR 7958,Meal (none specific)
DFW,2026-02-14,20:24,AA4821,American Airlines,Duration: 2h 2m,"565 miles, 909 km",Canadair (Bombardier) Regional Jet 900,75,QF 4911 /QR 9277,Meal (none specific)
DFW,2026-02-14,20:25,AA2244,American Airlines,Duration: 2h 24m,"633 miles, 1018 km",Boeing 737-800 Passenger,172,AS 4479 /BA 1704 /QF 4417 /QR 9644,Meal (none specific)
DFW,2026-02-14,20:25,AA4055,American Airlines,Duration: 1h 41m,"486 miles, 782 km",Embraer 170,67,AS 4595 /BA 1735 /QF 4879 /QR 7642,Meal (none specific)
DFW,2026-02-14,20:25,AA4119,American Airlines,Duration: 2h 17m,"628 miles, 1010 km",Embraer 175,73,AS 6620 /QF 4421 /QR 2480,Meal (none specific)
DFW,2026-02-14,20:25,AA3718,American Airlines,Duration: 1h 39m,"464 miles, 747 km",Embraer 175,73,IB 8148 /QR 9394,Meal (none specific)
DFW,2026-02-14,20:25,AA978,American Airlines,Duration: 4h 18m,"1394 miles, 2243 km",Boeing 737-800 Passenger,172,FJ 5091 /QF 3185,Meal (none specific)
DFW,2026-02-14,20:25,AA2873,American Airlines,Duration: 3h 16m,"987 miles, 1588 km",Airbus A321,190,CX 7665 /FJ 5094 /QF 4631 /QR 9561,Meal (none specific)
DFW,2026-02-14,20:25,AA4302,American Airlines,Duration: 2h 5m,"587 miles, 944 km",Embraer 175,73,AS 6631 /BA 6807 /QF 3082 /QR 2494,Meal (none specific)
DFW,2026-02-14,20:25,AA715,American Airlines,Duration: 1h 24m,"248 miles, 399 km",Airbus A320,150,AS 6683 /BA 2402 /FJ 5098 /QF 4458 /QR 2441,Meal (none specific)
DFW,2026-02-14,20:25,AA2269,American Airlines,Duration: 2h 7m,"553 miles, 890 km",Boeing 737MAX 8 Passenger,172,AS 4101 /BA 6983 /CX 7659 /FJ 5087 /QF 4629 /QR 2922,Meal (none specific)
DFW,2026-02-14,20:27,F94993,Frontier,Duration: 1h 52m,"449 miles, 722 km",Airbus A320neo,186,Y4 2870,Meal (none specific)
DFW,2026-02-14,20:43,UA2116,United,Duration: 3h 46m,"1176 miles, 1892 km",Airbus A319,126,SN 8831,Meal (none specific)
DFW,2026-02-14,20:50,UA1565,United,Duration: 2h 5m,"644 miles, 1036 km",Airbus A319,126,AC 3093,Meal (none specific)
DFW,2026-02-14,20:56,DL31,Delta,Duration: 2h 26m,"733 miles, 1179 km",Airbus A321,212,AF 5976 /KE 7171 /KL 7352 /LA 6552 /VS 5073 /WS 6999,Meal (none specific)
DFW,2026-02-14,21:06,F93972,Frontier,Duration: 2h 26m,"870 miles, 1400 km",Airbus A321,218,Y4 2705,Meal (none specific)
DFW,2026-02-14,21:11,DL2796,Delta,Duration: 2h 41m,"993 miles, 1598 km",Airbus A220-100,109,AF 8832 /KE 6795 /KL 7291 /VS 3616 /WS 8758,Meal (none specific)
DFW,2026-02-14,21:12,AA1480,American Airlines,Duration: 2h 28m,"870 miles, 1400 km",Airbus A321,190,CX 7645 /QR 2443,Meal (none specific)
DFW,2026-02-14,21:13,AA1294,American Airlines,Duration: 2h 48m,"1029 miles, 1656 km",Airbus A321neo,183,QR 8601,Meal (none specific)
DFW,2026-02-14,21:15,AA1839,American Airlines,Duration: 4h 17m,"1396 miles, 2246 km",Boeing 737-800 Passenger,172,AT 5032 /BA 4672 /IB 4455,Meal (none specific)
DFW,2026-02-14,21:19,AA681,American Airlines,Duration: 3h 20m,"1036 miles, 1667 km",Airbus A321,190,JL 7217 /QR 7677,Meal (none specific)
DFW,2026-02-14,21:23,AA2115,American Airlines,Duration: 3h 36m,"1126 miles, 1812 km",Airbus A321,190,AY 4130 /BA 6908 /CX 7666 /GF 4152 /QR 9024,Meal (none specific)
DFW,2026-02-14,21:24,AA3271,American Airlines,Duration: 3h 47m,"1196 miles, 1924 km",Boeing 737-800 Passenger,172,CX 7647,Meal (none specific)
DFW,2026-02-14,21:24,AA2776,American Airlines,Duration: 3h 10m,"1239 miles, 1994 km",Boeing 737-800 Passenger,172,BA 5097 /QR 7890 /TN 1158,Meal (none specific)
DFW,2026-02-14,21:24,AA1353,American Airlines,Duration: 2h 33m,"806 miles, 1297 km",Boeing 737-800 Passenger,172,BA 5205 /GF 6856 /QR 8573 /RJ 7445,Meal (none specific)
DFW,2026-02-14,21:32,AC1033,Air Canada,Duration: 3h 42m,"1205 miles, 1939 km",Airbus A220-300,137,UA 8130,Meal (none specific)
DFW,2026-02-14,21:33,AA2404,American Airlines,Duration: 3h 3m,"939 miles, 1511 km",Airbus A321,190,CX 7672 /QR 9002,Meal (none specific)
DFW,2026-02-14,21:35,AC8813,Air Canada,Duration: 4h 35m,"1519 miles, 2444 km",Embraer 175,76,UA 8377,Meal (none specific)
DFW,2026-02-14,21:42,AA3010,American Airlines,Duration: 4h 2m,"1307 miles, 2103 km",Airbus A321,190,BA 5392 /CX 7637,Meal (none specific)
DFW,2026-02-14,21:44,AA2747,American Airlines,Duration: 3h 5m,"1174 miles, 1889 km",Airbus A321,190,AS 6637 /CX 7654 /QR 9376,Meal (none specific)
DFW,2026-02-14,21:45,UA2072,United,Duration: 3h 35m,"1469 miles, 2364 km",Boeing 737-800 Passenger,167,AC 5117 /CA 7247 /NH 7372 /NZ 9083 /OZ 6313 /VA 8274,Meal (none specific)
DFW,2026-02-14,21:47,UA1949,United,Duration: 1h 30m,"225 miles, 362 km",Boeing 737-900 Passenger,170,CM 1324 /LH 8661 /NZ 6516,Meal (none specific)
DFW,2026-02-14,21:49,AA2659,American Airlines,Duration: 3h 4m,"1209 miles, 1945 km",Boeing 737MAX 8 Passenger,172,AS 6670 /QR 9314,Meal (none specific)
DFW,2026-02-14,21:54,NK1496,Spirit,Duration: 3h 29m,"1124 miles, 1809 km",Airbus A321neo,235,,Meal (none specific)
DFW,2026-02-14,21:57,AA1672,American Airlines,Duration: 2h 28m,"870 miles, 1400 km",Airbus A321,190,QR 9490,Meal (none specific)
DFW,2026-02-14,21:59,UA2856,United,Duration: 4h 14m,"1377 miles, 2216 km",Boeing 737-700 Passenger,128,TP 8524,Meal (none specific)
DFW,2026-02-14,22:09,AA1930,American Airlines,Duration: 3h 10m,"1239 miles, 1994 km",Boeing 737-800 Passenger,172,BA 6503 /TN 1208,Meal (none specific)
DFW,2026-02-14,22:11,DL2305,Delta,Duration: 4h 51m,"1567 miles, 2521 km",Airbus A319,132,KE 3417 /SK 3319,Meal (none specific)
DFW,2026-02-14,22:22,AA1813,American Airlines,Duration: 3h 32m,"1126 miles, 1812 km",Boeing 737-800 Passenger,172,,Meal (none specific)
DFW,2026-02-14,22:33,AA2205,American Airlines,Duration: 3h 0m,"939 miles, 1511 km",Airbus A321,190,MH 9518,Meal (none specific)
DFW,2026-02-14,22:33,AA455,American Airlines,Duration: 2h 43m,"1059 miles, 1704 km",Airbus A321,190,,Meal (none specific)
DFW,2026-02-14,22:34,DL2967,Delta,Duration: 2h 39m,"857 miles, 1379 km",Airbus A220-100,109,AF 2392 /KE 3496 /KL 6870 /VS 1503 /WS 8112,Meal (none specific)
DFW,2026-02-14,22:49,NK1169,Spirit,Duration: 3h 13m,"987 miles, 1588 km",Airbus A321 (sharklets),228,,Meal (none specific)
DFW,2026-02-14,22:53,F93097,Frontier,Duration: 2h 38m,"733 miles, 1179 km",Airbus A320neo,186,Y4 2524,Meal (none specific)
DFW,2026-02-14,22:59,UA1673,United,Duration: 2h 46m,"806 miles, 1297 km",Boeing 737-700 Passenger,128,AC 4225 /LH 7522 /LX 3276 /NH 7602 /TK 8633,Meal (none specific)
DFW,2026-02-14,23:00,DL1207,Delta,Duration: 3h 2m,"991 miles, 1595 km",Airbus A321,212,AF 2433 /AM 3531 /KL 5944 /VS 1681 /WS 8330,Meal (none specific)
DFW,2026-02-14,23:17,NK220,Spirit,Duration: 3h 27m,"1124 miles, 1809 km",Airbus A321 (sharklets),228,,Meal (none specific)
DFW,2026-02-14,23:29,F92148,Frontier,Duration: 2h 5m,"644 miles, 1036 km",Airbus A321neo,238,Y4 2340,Meal (none specific)
DFW,2026-02-14,23:29,NK2206,Spirit,Duration: 5h 45m,"2175 miles, 3500 km",Airbus A318 / A319 / A320 / A321,196,,Meal (none specific)
DFW,2026-02-14,23:32,AA561,American Airlines,Duration: 3h 28m,"1469 miles, 2364 km",Airbus A321,190,BA 5602 /QF 4572,Meal (none specific)
DFW,2026-02-14,23:44,AA1665,American Airlines,Duration: 2h 16m,"870 miles, 1400 km",Airbus A321neo,183,BA 5451,Meal (none specific)
DFW,2026-02-14,23:45,DL870,Delta,Duration: 3h 50m,"1667 miles, 2682 km",Airbus A220-100,109,KE 3050 /KL 7408,Meal (none specific)
DFW,2026-02-14,23:47,AA3297,American Airlines,Duration: 2h 34m,"806 miles, 1297 km",Boeing 737-800 Passenger,172,BA 5180 /EI 7125 /RJ 7731,Meal (none specific)
DFW,2026-02-14,23:54,DL420,Delta,Duration: 2h 55m,"1239 miles, 1994 km",Airbus A319,132,AF 5714 /AM 3882 /KE 7405 /KL 7666 /MU 8719 /SK 3379 /VS 2083 /WS 8497,Meal (none specific)
DFW,2026-02-14,23:58,AA2071,American Airlines,Duration: 2h 59m,"1239 miles, 1994 km",Airbus A321neo,183,BA 4750 /CX 7504 /QF 4145 /TN 1337,Meal (none specific)
DFW,2026-02-14,23:59,AS424,Alaska Airlines,Duration: 3h 58m,"1667 miles, 2682 km",Boeing 737-900 (winglets) Passenger/BBJ3,165,DE 5225 /HA 6656 /JX 7030 /QR 2980 /TN 2566,Meal (none specific)
DFW,2026-02-14,10:15,KG3801,Key Lime Air,1h 15m,"1667 miles, 2682 km",Boeing 737-900 (winglets) Passenger/BBJ3,165,DE 5225 /HA 6656 /JX 7030 /QR 2980 /TN 2566,Meal (none specific)
