arrival_airport,date,arrival_time,flight,airline,duration,distance,aircraft,seats,codeshare,meals
PVG,2026-02-15,00:05,5J678,Cebu Pacific,3h 45m,"1157 miles, 1862 km",Airbus A321neo,236,,Meal (none specific)
PVG,2026-02-15,00:05,FM9076,Shanghai Airlines,3h 0m,"917 miles, 1475 km",Boeing 737 Mixed Configuration,76,MU 8569,Meal (none specific)
PVG,2026-02-15,00:05,HO1162,Juneyao Airlines,2h 0m,"543 miles, 874 km",Airbus A320,159,3U 4480 /MF 7791 /MU 3685 /CZ 95 /ZH 5086,Meal (none specific)
PVG,2026-02-15,00:10,CZ3324,China Southern,2h 50m,"917 miles, 1475 km",Airbus A321neo,198,BA 2026,Meal (none specific)
PVG,2026-02-15,00:10,FM9136,Shanghai Airlines,2h 55m,"930 miles, 1496 km",Boeing 737-500 (winglets) Passenger,166,MU 8350,Meal (none specific)
PVG,2026-02-15,00:10,HO1062,Juneyao Airlines,2h 30m,"942 miles, 1516 km",Airbus A320,159,,Meal (none specific)
PVG,2026-02-15,00:10,Y87506,Suparna Airlines,3h 15m,"1052 miles, 1693 km",Boeing 737-800 Passenger,181,HU 4710,Meal (none specific)
PVG,2026-02-15,00:15,9C7092,Spring Airlines,2h 15m,"636 miles, 1023 km",Airbus A320,180,,Meal (none specific)
PVG,2026-02-15,00:15,FM9536,Shanghai Airlines,2h 55m,"1183 miles, 1903 km",Boeing 787-9,285,MU 8556,Meal (none specific)
PVG,2026-02-15,00:15,MU9992,China Eastern,2h 35m,"805 miles, 1295 km",Airbus A321,177,FM 3008,Meal (none specific)
PVG,2026-02-15,00:15,MU6478,China Eastern,2h 0m,"682 miles, 1097 km",Airbus A319,122,HO 5401 /MF 7566 /EY 5874,Meal (none specific)
PVG,2026-02-15,00:20,D7330,AirAsia X,5h 30m,"2371 miles, 3815 km",Airbus A330-300,358,,Meal (none specific)
PVG,2026-02-15,00:20,FM9344,Shanghai Airlines,1h 55m,"692 miles, 1113 km",Boeing 737-500 (winglets) Passenger,166,MU 8440,Meal (none specific)
PVG,2026-02-15,00:20,MM79,Peach Aviation,2h 55m,"817 miles, 1315 km",Airbus A320neo,188,,Meal (none specific)
PVG,2026-02-15,00:20,MU9020,China Eastern,2h 30m,"828 miles, 1332 km",Boeing 737-500 (winglets) Passenger,168,,Meal (none specific)
PVG,2026-02-15,00:20,Y87520,Suparna Airlines,2h 0m,"537 miles, 864 km",Boeing 737-800 Passenger,181,HU 4702 /GS 5208,Meal (none specific)
PVG,2026-02-15,00:25,CA8576,Air China,3h 0m,"917 miles, 1475 km",Airbus A320,158,NZ 3742 /SC 5442,Meal (none specific)
PVG,2026-02-15,00:25,CA8538,Air China,3h 5m,"1227 miles, 1974 km",Airbus A320,158,SC 5482 /ZH 4824,Meal (none specific)
PVG,2026-02-15,00:25,CA8570,Air China,2h 15m,"828 miles, 1332 km",Airbus A321,180,SC 5454 /ZH 4848,Meal (none specific)
PVG,2026-02-15,00:25,MU5612,China Eastern,2h 55m,"1048 miles, 1686 km",Boeing 737-500 (winglets) Passenger,168,3U 5304 /MF 3890 /QF 4296,Meal (none specific)
PVG,2026-02-15,00:30,9C8892,Spring Airlines,4h 40m,"1809 miles, 2911 km",Airbus A320,180,,Meal (none specific)
PVG,2026-02-15,00:30,HO1068,Juneyao Airlines,2h 35m,"881 miles, 1418 km",Airbus A320,159,CZ 39 /MF 7813 /MU 3629 /ZH 5030,Meal (none specific)
PVG,2026-02-15,00:30,HO1186,Juneyao Airlines,2h 30m,"734 miles, 1181 km",Airbus A320,159,3U 4494 /MF 7759 /MU 3699 /CZ 109 /ZH 5100,Meal (none specific)
PVG,2026-02-15,00:30,HO1024,Juneyao Airlines,2h 5m,"786 miles, 1265 km",Airbus A320,159,CA 3204 /MF 7799 /MU 3609 /CZ 19 /ZH 5010,Meal (none specific)
PVG,2026-02-15,00:30,MU6748,China Eastern,2h 50m,"1048 miles, 1686 km",Airbus A321,177,,Meal (none specific)
PVG,2026-02-15,00:30,Y87510,Suparna Airlines,2h 35m,"965 miles, 1553 km",Boeing 737-800 Passenger,181,HU 4712 /GS 5214,Meal (none specific)
PVG,2026-02-15,00:35,FM856,Shanghai Airlines,4h 30m,"1809 miles, 2911 km",Boeing 737 Mixed Configuration,76,MU 8612,Meal (none specific)
PVG,2026-02-15,00:35,HO2192,Juneyao Airlines,2h 25m,"846 miles, 1361 km",Airbus A320neo,164,,Meal (none specific)
PVG,2026-02-15,00:35,MU7643,China Eastern,3h 15m,"1489 miles, 2396 km",Boeing 737 Passenger,168,,Meal (none specific)
PVG,2026-02-15,00:35,MU6330,China Eastern,2h 35m,"990 miles, 1593 km",Airbus A320neo,158,HO 5453 /KL 8791 /EY 5878,Meal (none specific)
PVG,2026-02-15,00:40,MU7514,China Eastern,2h 35m,"784 miles, 1261 km",Airbus A320,158,,Meal (none specific)
PVG,2026-02-15,00:45,CZ3832,China Southern,2h 30m,"751 miles, 1208 km",Airbus A321,188,,Meal (none specific)
PVG,2026-02-15,00:55,MU5819,China Eastern,2h 40m,"1227 miles, 1974 km",Boeing 737-200 Mixed Configuration,75,3U 5361 /MF 7335,Meal (none specific)
PVG,2026-02-15,01:00,MU9705,China Eastern,3h 5m,"1499 miles, 2412 km",Boeing 737 Passenger,168,HO 5563 /MF 2319 /EY 6005,Meal (none specific)
PVG,2026-02-15,01:00,MU5202,China Eastern,2h 10m,"887 miles, 1427 km",Airbus A320neo,158,HO 5479 /3U 5200,Meal (none specific)
PVG,2026-02-15,01:00,VJ3900,VietJet,3h 55m,"1715 miles, 2759 km",Airbus A321,214,H1 4354,Meal (none specific)
PVG,2026-02-15,01:05,FM7284,Shanghai Airlines,4h 20m,"1790 miles, 2880 km",Boeing 737-500 (winglets) Passenger,166,MU 8312,Meal (none specific)
PVG,2026-02-15,01:05,MH386,Malaysia Airlines,5h 30m,"2371 miles, 3815 km",Airbus A330-300,290,CZ 708,Meal (none specific)
PVG,2026-02-15,01:10,9C6190,Spring Airlines,3h 15m,"1048 miles, 1686 km",Airbus A320,180,,Meal (none specific)
PVG,2026-02-15,01:10,IJ1,Spring Japan,3h 50m,"1123 miles, 1807 km",Boeing 737 Passenger,189,,Meal (none specific)
PVG,2026-02-15,01:10,MU5268,China Eastern,2h 40m,"1049 miles, 1688 km",Airbus A320neo,158,MF 3650 /HO 5427 /EY 6014,Meal (none specific)
PVG,2026-02-15,01:15,FM9150,Shanghai Airlines,2h 30m,"720 miles, 1158 km",Boeing 737 Passenger,166,MU 8356,Meal (none specific)
PVG,2026-02-15,01:15,NH967,ANA,3h 35m,"1085 miles, 1746 km",Boeing 787-9,249,CA 6672 /HO 3136,Meal (none specific)
PVG,2026-02-15,01:15,VJ7238,VietJet,2h 50m,"1209 miles, 1945 km",Airbus A320,180,H1 5102,Meal (none specific)
PVG,2026-02-15,01:20,9C7752,Spring Airlines,2h 50m,"824 miles, 1326 km",Airbus A320,180,,Meal (none specific)
PVG,2026-02-15,01:20,FM840,Shanghai Airlines,4h 25m,"1809 miles, 2911 km",Boeing 737 Mixed Configuration,76,MU 8610,Meal (none specific)
PVG,2026-02-15,01:20,FM7318,Shanghai Airlines,3h 10m,"1446 miles, 2327 km",Boeing 737 Passenger,166,,Meal (none specific)
PVG,2026-02-15,01:30,9C8802,Spring Airlines,3h 0m,"1183 miles, 1903 km",Airbus A320,180,,Meal (none specific)
PVG,2026-02-15,01:30,MU6704,China Eastern,4h 40m,"2119 miles, 3409 km",Airbus A320,158,,Meal (none specific)
PVG,2026-02-15,01:30,SL926,Thai Lion Air,4h 5m,"1804 miles, 2903 km",Boeing 737-900 Passenger,176,,Meal (none specific)
PVG,2026-02-15,01:30,VZ3524,Vietjet Thailand,4h 25m,"1809 miles, 2911 km",Airbus A320,180,,Meal (none specific)
PVG,2026-02-15,01:35,FM866,Shanghai Airlines,5h 30m,"2371 miles, 3815 km",Boeing 737 Mixed Configuration,76,MU 8652,Meal (none specific)
PVG,2026-02-15,01:40,ZE871,Eastar Jet,2h 10m,"513 miles, 825 km",Boeing 737-800 Passenger,167,,Meal (none specific)
PVG,2026-02-15,02:15,S76325,S7 Airlines,4h 20m,"1715 miles, 2759 km",Boeing 737-800 (winglets) Passenger/BBJ2,176,,Meal (none specific)
PVG,2026-02-15,02:20,AK1516,AirAsia,4h 25m,"1790 miles, 2880 km",Airbus A320neo,186,,Meal (none specific)
PVG,2026-02-15,02:55,HO1362,Juneyao Airlines,4h 55m,"1879 miles, 3023 km",Airbus A320neo,164,,Meal (none specific)
PVG,2026-02-15,03:20,9C8550,Spring Airlines,5h 5m,"2377 miles, 3825 km",Airbus A320,180,,Meal (none specific)
PVG,2026-02-15,03:30,MU218,China Eastern,11h 45m,"5785 miles, 9308 km",Airbus A350-900,288,,Meal (none specific)
PVG,2026-02-15,04:00,9C7546,Spring Airlines,4h 5m,"1715 miles, 2759 km",Airbus A320,180,,Meal (none specific)
PVG,2026-02-15,04:10,MU7260,China Eastern,3h 50m,"1669 miles, 2685 km",Airbus A320neo,158,,Meal (none specific)
PVG,2026-02-15,04:10,MU564,China Eastern,5h 45m,"2680 miles, 4312 km",Airbus A330-200,234,,Meal (none specific)
PVG,2026-02-15,04:10,MU566,China Eastern,5h 10m,"2377 miles, 3825 km",Boeing 777-300ER,316,QF 4096,Meal (none specific)
PVG,2026-02-15,04:30,HO1322,Juneyao Airlines,4h 55m,"2207 miles, 3551 km",Airbus A320neo,164,MU 3927,Meal (none specific)
PVG,2026-02-15,04:35,HO1606,Juneyao Airlines,5h 10m,"2377 miles, 3825 km",Airbus A321neo,207,MU 3984,Meal (none specific)
PVG,2026-02-15,05:00,9C6516,Spring Airlines,5h 20m,"2371 miles, 3815 km",Airbus A320,180,,Meal (none specific)
PVG,2026-02-15,05:00,FM858,Shanghai Airlines,4h 55m,"2207 miles, 3551 km",Boeing 737 Mixed Configuration,76,MU 8648,Meal (none specific)
PVG,2026-02-15,05:00,FM7282,Shanghai Airlines,5h 30m,"2207 miles, 3551 km",Boeing 737-500 (winglets) Passenger,166,MU 8348,Meal (none specific)
PVG,2026-02-15,05:00,MM877,Peach Aviation,3h 50m,"1085 miles, 1746 km",Airbus A320neo,188,,Meal (none specific)
PVG,2026-02-15,05:00,MU736,China Eastern,10h 30m,"4915 miles, 7908 km",Airbus A350-900,288,QF 4047,Meal (none specific)
PVG,2026-02-15,05:00,MU786,China Eastern,11h 30m,"5575 miles, 8970 km",Airbus A350-900,288,,Meal (none specific)
PVG,2026-02-15,05:10,HO1658,Juneyao Airlines,9h 50m,"5345 miles, 8600 km",Boeing 787-9,324,MU 3941 /A3 1901,Meal (none specific)
PVG,2026-02-15,05:15,HO1366,Juneyao Airlines,5h 10m,"2279 miles, 3667 km",Airbus A320neo,164,,Meal (none specific)
PVG,2026-02-15,05:20,MU760,China Eastern,4h 5m,"1750 miles, 2816 km",Boeing 737-200 Mixed Configuration,75,,Meal (none specific)
PVG,2026-02-15,05:25,FM870,Shanghai Airlines,10h 55m,"5226 miles, 8409 km",Boeing 787-9,285,MU 8640,Meal (none specific)
PVG,2026-02-15,05:25,HO1370,Juneyao Airlines,5h 0m,"2207 miles, 3551 km",Airbus A320neo,164,MU 3978,Meal (none specific)
PVG,2026-02-15,05:25,MU780,China Eastern,12h 25m,"5855 miles, 9421 km",Boeing 777-300ER,316,LA 8745,Meal (none specific)
PVG,2026-02-15,05:25,MU7066,China Eastern,10h 25m,"4568 miles, 7350 km",Airbus A330-200,234,AF 4405,Meal (none specific)
PVG,2026-02-15,05:30,HO1328,Juneyao Airlines,4h 5m,"1715 miles, 2759 km",Airbus A320,159,,Meal (none specific)
PVG,2026-02-15,05:30,MU284,China Eastern,3h 25m,"1516 miles, 2439 km",Airbus A320neo,158,,Meal (none specific)
PVG,2026-02-15,05:30,XJ760,Thai AirAsia X,4h 15m,"1804 miles, 2903 km",Airbus A330-300,328,,Meal (none specific)
PVG,2026-02-15,05:35,MU224,China Eastern,10h 35m,"5227 miles, 8410 km",Airbus A350-900,288,,Meal (none specific)
PVG,2026-02-15,05:35,MU6018,China Eastern,6h 45m,"3185 miles, 5125 km",Airbus A330-200,234,,Meal (none specific)
PVG,2026-02-15,05:35,MU212,China Eastern,3h 30m,"1157 miles, 1862 km",Airbus A321,177,,Meal (none specific)
PVG,2026-02-15,05:40,MU544,China Eastern,5h 15m,"2377 miles, 3825 km",Airbus A330-200,234,QF 4092 /GA 9027,Meal (none specific)
PVG,2026-02-15,05:45,MU236,China Eastern,7h 40m,"3660 miles, 5889 km",Airbus A330-300,290,,Meal (none specific)
PVG,2026-02-15,05:50,9C8670,Spring Airlines,4h 55m,"2207 miles, 3551 km",Airbus A320,180,,Meal (none specific)
PVG,2026-02-15,05:50,CA968,Air China,11h 20m,"5712 miles, 9191 km",Airbus A350-900,312,,Meal (none specific)
PVG,2026-02-15,05:55,FM868,Shanghai Airlines,4h 25m,"1790 miles, 2880 km",Boeing 737-500 (winglets) Passenger,166,MU 8622,Meal (none specific)
PVG,2026-02-15,05:55,FM832,Shanghai Airlines,4h 50m,"2207 miles, 3551 km",Boeing 737 Mixed Configuration,76,MU 8618,Meal (none specific)
PVG,2026-02-15,05:55,MU740,China Eastern,10h 25m,"5010 miles, 8061 km",Boeing 787-9,296,QF 4035,Meal (none specific)
PVG,2026-02-15,06:00,HO1330,Juneyao Airlines,3h 0m,"1209 miles, 1945 km",Airbus A320,159,,Meal (none specific)
PVG,2026-02-15,06:00,HO1354,Juneyao Airlines,5h 35m,"2371 miles, 3815 km",Airbus A320neo,164,,Meal (none specific)
PVG,2026-02-15,06:05,MU202,China Eastern,11h 35m,"5780 miles, 9300 km",Boeing 777-300ER,316,,Meal (none specific)
PVG,2026-02-15,06:10,FM7302,Shanghai Airlines,4h 15m,"1809 miles, 2911 km",Boeing 737-500 (winglets) Passenger,166,MU 8464,Meal (none specific)
PVG,2026-02-15,06:20,MU710,China Eastern,12h 50m,"6416 miles, 10323 km",Airbus A350-900,288,LA 8911 /AR 7892,Meal (none specific)
PVG,2026-02-15,06:25,CA840,Air China,12h 20m,"6162 miles, 9915 km",Airbus A350-900,312,TP 8772 /ZH 1990,Meal (none specific)
PVG,2026-02-15,06:25,CA848,Air China,11h 20m,"5780 miles, 9300 km",Airbus A350-900,312,,Meal (none specific)
PVG,2026-02-15,06:25,MU244,China Eastern,11h 15m,"5712 miles, 9191 km",Airbus A350-900,288,,Meal (none specific)
PVG,2026-02-15,06:25,TG662,Thai Airways,4h 15m,"1809 miles, 2911 km",Airbus A350-900,327,PG 4839,Meal (none specific)
PVG,2026-02-15,06:30,SQ826,Singapore Airlines,5h 15m,"2377 miles, 3825 km",Airbus A350-900,259,CA 5287 /VA 5746,Meal (none specific)
PVG,2026-02-15,06:40,9C8756,Spring Airlines,4h 25m,"1809 miles, 2911 km",Airbus A320,180,,Meal (none specific)
PVG,2026-02-15,06:40,MU266,China Eastern,7h 45m,"4028 miles, 6481 km",Boeing 787-9,296,SV 6827,Meal (none specific)
PVG,2026-02-15,06:40,MU5076,China Eastern,2h 55m,"1209 miles, 1945 km",Boeing 737-500 (winglets) Passenger,168,VN 3520,Meal (none specific)
PVG,2026-02-15,06:50,9C7322,Spring Airlines,4h 10m,"1750 miles, 2816 km",Airbus A320,180,,Meal (none specific)
PVG,2026-02-15,06:50,MU554,China Eastern,11h 25m,"5789 miles, 9315 km",Boeing 777-300ER,316,,Meal (none specific)
PVG,2026-02-15,06:50,MU5024,China Eastern,4h 10m,"1454 miles, 2339 km",Boeing 737-500 (winglets) Passenger,168,,Meal (none specific)
PVG,2026-02-15,06:55,9C8594,Spring Airlines,4h 25m,"1790 miles, 2880 km",Airbus A320,180,,Meal (none specific)
PVG,2026-02-15,06:55,HO1358,Juneyao Airlines,4h 5m,"1809 miles, 2911 km",Airbus A320,159,MU 3976,Meal (none specific)
PVG,2026-02-15,06:55,MU248,China Eastern,9h 10m,"4279 miles, 6885 km",Airbus A330-300,290,,Meal (none specific)
PVG,2026-02-15,07:05,FM862,Shanghai Airlines,5h 10m,"2371 miles, 3815 km",Boeing 737-500 (winglets) Passenger,166,MU 8584,Meal (none specific)
PVG,2026-02-15,07:05,NZ289,Air New Zealand,12h 10m,"5855 miles, 9421 km",Boeing 787-9,274,CA 5102 /LH 7168,Meal (none specific)
PVG,2026-02-15,07:10,FM850,Shanghai Airlines,4h 15m,"1809 miles, 2911 km",Boeing 737-500 (winglets) Passenger,166,MU 8352,Meal (none specific)
PVG,2026-02-15,07:10,GA894,Garuda Indonesia,6h 5m,"2777 miles, 4468 km",Airbus A330-300,290,MU 8998,Meal (none specific)
PVG,2026-02-15,07:10,MU5030,China Eastern,6h 15m,"2806 miles, 4515 km",Airbus A330-300,290,GA 9300,Meal (none specific)
PVG,2026-02-15,07:10,MU282,China Eastern,4h 0m,"1715 miles, 2759 km",Airbus A330-200,234,VN 3522,Meal (none specific)
PVG,2026-02-15,07:15,MU5070,China Eastern,6h 30m,"2777 miles, 4468 km",Airbus A330-300,290,GA 9302,Meal (none specific)
PVG,2026-02-15,07:15,MU7286,China Eastern,3h 40m,"1715 miles, 2759 km",Airbus A321,177,,Meal (none specific)
PVG,2026-02-15,07:25,MU220,China Eastern,10h 50m,"5533 miles, 8903 km",Boeing 777-300ER,316,,Meal (none specific)
PVG,2026-02-15,07:40,CA806,Air China,4h 10m,"1809 miles, 2911 km",Airbus A320,158,,Meal (none specific)
PVG,2026-02-15,07:40,HO1608,Juneyao Airlines,9h 0m,"4618 miles, 7430 km",Boeing 787-9,324,MU 3943,Meal (none specific)
PVG,2026-02-15,07:45,JU986,Air Serbia,11h 15m,"5272 miles, 8483 km",Airbus A330-200,280,,Meal (none specific)
PVG,2026-02-15,07:50,FM9526,Shanghai Airlines,1h 20m,"232 miles, 373 km",Boeing 737 Mixed Configuration,76,MU 8544 /KN 3056,Meal (none specific)
PVG,2026-02-15,08:05,9C8574,Spring Airlines,1h 35m,"321 miles, 516 km",Airbus A320,180,,Meal (none specific)
PVG,2026-02-15,08:05,9C6108,Spring Airlines,2h 25m,"912 miles, 1467 km",Airbus A320,180,,Meal (none specific)
PVG,2026-02-15,08:10,MU9028,China Eastern,1h 15m,"394 miles, 634 km",Airbus A320neo,158,HO 5428 /MF 2306 /QF 4064 /KL 8827 /DL 6459 /EY 5858 /AF 5278,Meal (none specific)
PVG,2026-02-15,08:10,MU7238,China Eastern,4h 20m,"1852 miles, 2980 km",Airbus A320neo,158,,Meal (none specific)
PVG,2026-02-15,08:20,MU7236,China Eastern,3h 0m,"1209 miles, 1945 km",Airbus A321,177,,Meal (none specific)
PVG,2026-02-15,08:25,MU2881,China Eastern,1h 0m,"177 miles, 285 km",Airbus A320,158,HO 5498 /MF 3457 /QF 4072 /KL 8797 /DL 6393 /EY 5921 /AF 5276,Meal (none specific)
PVG,2026-02-15,08:40,LX188,SWISS,12h 20m,"5642 miles, 9078 km",Airbus A340-300,215,,Meal (none specific)
PVG,2026-02-15,08:45,MU5534,China Eastern,1h 35m,"475 miles, 764 km",Airbus A320neo,158,MF 3844 /KL 8820 /DL 6463 /EY 5727 /AF 5264,Meal (none specific)
PVG,2026-02-15,08:45,MU5544,China Eastern,1h 45m,"435 miles, 700 km",Airbus A320neo,158,HO 5595 /MF 3854 /KL 8793 /EY 6024 /AF 5258,Meal (none specific)
PVG,2026-02-15,08:50,MU5542,China Eastern,1h 30m,"384 miles, 618 km",Airbus A320,158,HO 5733 /MF 3852 /KL 8823 /EY 5836 /AF 5225,Meal (none specific)
PVG,2026-02-15,08:50,MU6582,China Eastern,1h 20m,"290 miles, 467 km",Airbus A320neo,158,HO 5410 /MF 7598 /KL 8748 /DL 6475 /EY 5822 /AF 5275,Meal (none specific)
PVG,2026-02-15,08:50,MU6376,China Eastern,0h 50m,"102 miles, 164 km",Airbus A319,122,AF 9473,Meal (none specific)
PVG,2026-02-15,08:55,MU6356,China Eastern,2h 35m,"1052 miles, 1693 km",Airbus A320neo,158,MF 7532 /HO 5414 /EY 5842 /AF 7866,Meal (none specific)
PVG,2026-02-15,08:55,MU592,China Eastern,8h 45m,"4279 miles, 6885 km",Airbus A330-300,290,,Meal (none specific)
PVG,2026-02-15,08:55,MU5522,China Eastern,1h 35m,"364 miles, 586 km",Airbus A320neo,158,HO 5579 /MF 3834 /KL 8746 /EY 5968 /AF 5267,Meal (none specific)
PVG,2026-02-15,09:10,CZ6521,China Southern,2h 10m,"543 miles, 874 km",Airbus A321,188,,Meal (none specific)
PVG,2026-02-15,09:10,FM7306,Shanghai Airlines,4h 40m,"2207 miles, 3551 km",Boeing 737-200 Mixed Configuration,75,MU 8326,Meal (none specific)
PVG,2026-02-15,09:15,AQ1005,9 Air,2h 25m,"751 miles, 1208 km",Boeing 737-800 Passenger,167,,Meal (none specific)
PVG,2026-02-15,09:15,MU5100,China Eastern,2h 15m,"685 miles, 1102 km",Airbus A320neo,158,HO 5448 /3U 5164 /MF 3516 /DL 6381 /EY 5925,Meal (none specific)
PVG,2026-02-15,09:15,MU2194,China Eastern,2h 15m,"794 miles, 1278 km",Airbus A320,158,3U 5016 /MF 3062 /KL 8801 /EY 5747 /AF 4411,Meal (none specific)
PVG,2026-02-15,09:15,Y87565,Suparna Airlines,2h 0m,"769 miles, 1237 km",Boeing 737-800 Passenger,181,HU 4741,Meal (none specific)
PVG,2026-02-15,09:20,HU7131,Hainan Airlines,2h 15m,"751 miles, 1208 km",Boeing 737-800 Passenger,179,,Meal (none specific)
PVG,2026-02-15,09:25,FM9322,Shanghai Airlines,1h 50m,"537 miles, 864 km",Boeing 737-200 Mixed Configuration,75,MU 8424,Meal (none specific)
PVG,2026-02-15,09:25,KL895,KLM,12h 15m,"5566 miles, 8956 km",Boeing 777-200 / 200ER,320,MU 1552 /AF 8447,Meal (none specific)
PVG,2026-02-15,09:25,MU5662,China Eastern,2h 0m,"543 miles, 874 km",Airbus A320,158,HO 5506 /MF 3928 /KL 8736 /DL 6418 /EY 5717,Meal (none specific)
PVG,2026-02-15,09:30,3U8971,Sichuan Airlines,2h 20m,"912 miles, 1467 km",Airbus A320,165,EU 7415 /MF 5653 /MU 3559 /CZ 9229 /HO 5934 /QW 6175,Meal (none specific)
PVG,2026-02-15,09:30,MU5390,China Eastern,2h 0m,"828 miles, 1332 km",Airbus A320neo,158,HO 5435 /MF 3752 /KL 8694 /EY 5891,Meal (none specific)
PVG,2026-02-15,09:30,MU7258,China Eastern,3h 50m,"1715 miles, 2759 km",Airbus A320neo,158,,Meal (none specific)
PVG,2026-02-15,09:35,FM9080,Shanghai Airlines,2h 35m,"917 miles, 1475 km",Boeing 737-500 (winglets) Passenger,166,MU 8316,Meal (none specific)
PVG,2026-02-15,09:35,FM9460,Shanghai Airlines,2h 20m,"965 miles, 1553 km",Boeing 737-500 (winglets) Passenger,166,MU 8510,Meal (none specific)
PVG,2026-02-15,09:35,MU2402,China Eastern,2h 5m,"695 miles, 1118 km",Boeing 737-200 Mixed Configuration,75,HO 5636 /MF 3206 /KL 8787 /DL 6434 /EY 5986 /AF 5277,Meal (none specific)
PVG,2026-02-15,09:40,KE2071,Korean Air,2h 5m,"501 miles, 806 km",Boeing 737-900 Passenger,188,FM 8760 /MU 8954,Meal (none specific)
PVG,2026-02-15,09:40,MU5398,China Eastern,3h 10m,"1183 miles, 1903 km",Airbus A330-200,234,MF 3758 /KL 8829 /EY 6009 /AF 7861,Meal (none specific)
PVG,2026-02-15,09:40,MU2503,China Eastern,1h 35m,"451 miles, 726 km",Boeing 737-500 (winglets) Passenger,168,MF 3271 /KL 8710 /DL 6481 /EY 5998 /AF 5211,Meal (none specific)
PVG,2026-02-15,09:45,KE881,Korean Air,2h 20m,"513 miles, 825 km",Boeing 787-10,325,FM 8752 /MF 9086 /MU 8930,Meal (none specific)
PVG,2026-02-15,09:45,MF8873,XiamenAir,3h 0m,"1048 miles, 1686 km",Boeing 737-800 Passenger,172,,Meal (none specific)
PVG,2026-02-15,09:45,MU5186,China Eastern,2h 15m,"655 miles, 1054 km",Airbus A330-200,234,KN 6526 /MF 3592 /KL 8825 /EY 5732,Meal (none specific)
PVG,2026-02-15,09:45,SU208,Aeroflot,9h 0m,"4279 miles, 6885 km",Boeing 777-300ER,403,,Meal (none specific)
PVG,2026-02-15,09:50,3U3311,Sichuan Airlines,3h 0m,"1048 miles, 1686 km",Airbus A321,194,CZ 4691 /EU 7053 /G5 8615 /HO 5782 /MF 5109,Meal (none specific)
PVG,2026-02-15,09:50,9C7636,Spring Airlines,2h 35m,"734 miles, 1181 km",Airbus A320,180,,Meal (none specific)
PVG,2026-02-15,09:50,FM9398,Shanghai Airlines,2h 10m,"556 miles, 895 km",Boeing 737-500 (winglets) Passenger,166,MU 8474 /DL 6559,Meal (none specific)
PVG,2026-02-15,09:50,MU5442,China Eastern,2h 50m,"1036 miles, 1667 km",Airbus A320,158,KN 6550 /HO 5651 /3U 5280 /MF 3796 /EY 6048 /AF 9291,Meal (none specific)
PVG,2026-02-15,09:50,MU5642,China Eastern,1h 50m,"511 miles, 822 km",Airbus A320,158,MF 3916 /KL 8720 /DL 6386 /EY 5752 /AF 9475,Meal (none specific)
PVG,2026-02-15,09:50,PR338,PAL,3h 45m,"1157 miles, 1862 km",Airbus A321,190,,Meal (none specific)
PVG,2026-02-15,09:55,CA8566,Air China,2h 20m,"751 miles, 1208 km",Airbus A321,180,SC 5452 /ZH 4844,Meal (none specific)
PVG,2026-02-15,09:55,MU5326,China Eastern,2h 25m,"751 miles, 1208 km",Airbus A320neo,158,HO 5408 /MF 3696 /KL 8818 /SV 6924 /EY 5723 /AF 9297,Meal (none specific)
PVG,2026-02-15,09:55,MU5424,China Eastern,2h 30m,"912 miles, 1467 km",Airbus A320,158,G5 8521 /MF 3782 /QF 4038 /KL 8727 /EY 5772 /AF 5260,Meal (none specific)
PVG,2026-02-15,09:55,MU6358,China Eastern,2h 30m,"875 miles, 1408 km",Airbus A320,158,HO 5709 /MF 7534 /EY 5817,Meal (none specific)
PVG,2026-02-15,10:00,B7502,UNI Air,2h 0m,"422 miles, 679 km",Airbus A321,193,BR 2400,Meal (none specific)
PVG,2026-02-15,10:00,CZ3823,China Southern,2h 0m,"451 miles, 726 km",Boeing 737-800 Passenger,172,,Meal (none specific)
PVG,2026-02-15,10:00,FM9120,Shanghai Airlines,2h 30m,"608 miles, 978 km",Boeing 737-500 (winglets) Passenger,166,MU 8572 /DL 6534,Meal (none specific)
PVG,2026-02-15,10:00,HU7721,Hainan Airlines,2h 20m,"769 miles, 1237 km",Boeing 787-9,290,,Meal (none specific)
PVG,2026-02-15,10:00,MU5052,China Eastern,2h 5m,"513 miles, 825 km",Airbus A330-300,290,FM 3070 /KE 5879,Meal (none specific)
PVG,2026-02-15,10:00,MU9016,China Eastern,2h 10m,"619 miles, 996 km",Airbus A320,158,HO 5738 /MF 2302,Meal (none specific)
PVG,2026-02-15,10:05,CA8357,Air China,2h 25m,"685 miles, 1102 km",Airbus A321,180,,Meal (none specific)
PVG,2026-02-15,10:05,KN2918,China United Airlines,2h 5m,"723 miles, 1163 km",Boeing 737 Passenger,178,MU 8040,Meal (none specific)
PVG,2026-02-15,10:05,MU5332,China Eastern,2h 35m,"769 miles, 1237 km",Airbus A321,177,MF 3702 /KL 8699 /DL 6403 /EY 5720 /AF 5268,Meal (none specific)
PVG,2026-02-15,10:05,OZ361,Asiana,2h 0m,"513 miles, 825 km",Boeing 777-200 / 200ER,301,HO 3105,Meal (none specific)
PVG,2026-02-15,10:05,SC4601,Shandong Airlines,1h 35m,"364 miles, 586 km",Boeing 737-800 Passenger,167,ZH 2627 /G5 8333 /CA 4727 /TV 3137,Meal (none specific)
PVG,2026-02-15,10:10,CZ3591,China Southern,1h 55m,"537 miles, 864 km",Boeing 737-800 Passenger,172,AA 9071,Meal (none specific)
PVG,2026-02-15,10:10,MU9709,China Eastern,Duration: 3h 0m,"1227 miles, 1974 km",Boeing 737-200 Mixed Configuration,75,AF 9478,Meal (none specific)
PVG,2026-02-15,10:15,CA4503,Air China,Duration: 2h 45m,"1063 miles, 1710 km",Airbus A321neo,197,NZ 3711 /SC 5496 /UA 7534 /ZH 4533,Meal (none specific)
PVG,2026-02-15,10:15,FM9384,Shanghai Airlines,Duration: 2h 40m,"1029 miles, 1656 km",Boeing 737-500 (winglets) Passenger,166,MU 8466 /DL 6556,Meal (none specific)
PVG,2026-02-15,10:15,FM9528,Shanghai Airlines,Duration: 1h 10m,"232 miles, 373 km",Boeing 737-500 (winglets) Passenger,166,KN 3058 /MU 8546 /DL 6563,Meal (none specific)
PVG,2026-02-15,10:15,GS7881,Tianjin Airlines,Duration: 2h 15m,"608 miles, 978 km",Airbus A320,170,HU 3263,Meal (none specific)
PVG,2026-02-15,10:15,MU7627,China Eastern,Duration: 3h 20m,"1499 miles, 2412 km",Boeing 737 Passenger,168,,Meal (none specific)
PVG,2026-02-15,10:25,MU5620,China Eastern,Duration: 2h 50m,"1048 miles, 1686 km",Airbus A320,158,MF 3898 /3U 5308 /KL 8776 /DL 6416 /EY 5833 /AF 5271,Meal (none specific)
PVG,2026-02-15,10:25,MU5602,China Eastern,Duration: 2h 45m,"734 miles, 1181 km",Airbus A320,158,HO 5699 /KL 8749 /DL 6413 /EY 5741 /AF 5217,Meal (none specific)
PVG,2026-02-15,10:30,CA2839,Air China,Duration: 2h 5m,"608 miles, 978 km",Boeing 737-700 Passenger,128,HO 5746 /SC 5432 /ZH 4939,Meal (none specific)
PVG,2026-02-15,10:30,HU7494,Hainan Airlines,Duration: 2h 30m,"912 miles, 1467 km",Boeing 737-800 Passenger,179,GS 5494,Meal (none specific)
PVG,2026-02-15,10:30,HU7119,Hainan Airlines,Duration: 2h 50m,"1052 miles, 1693 km",Boeing 737-800 Passenger,179,G5 5039 /GJ 3645 /JD 4017,Meal (none specific)
PVG,2026-02-15,10:30,MU726,China Eastern,Duration: 2h 50m,"784 miles, 1261 km",Airbus A320,158,FM 3030,Meal (none specific)
PVG,2026-02-15,10:30,MU6986,China Eastern,Duration: 1h 5m,"226 miles, 364 km",Airbus A319,122,HO 5737,Meal (none specific)
PVG,2026-02-15,10:35,CZ3651,China Southern,Duration: 2h 30m,"965 miles, 1553 km",Boeing 737-800 Passenger,172,,Meal (none specific)
PVG,2026-02-15,10:35,FM848,Shanghai Airlines,Duration: 4h 30m,"1809 miles, 2911 km",Boeing 737 Mixed Configuration,76,MU 8654,Meal (none specific)
PVG,2026-02-15,10:35,HO1084,Juneyao Airlines,Duration: 2h 50m,"1052 miles, 1693 km",Airbus A320,159,MF 7739 /MU 3633 /CZ 43 /ZH 5034,Meal (none specific)
PVG,2026-02-15,10:35,HO1232,Juneyao Airlines,Duration: 2h 35m,"1036 miles, 1667 km",Airbus A320,159,,Meal (none specific)
PVG,2026-02-15,10:35,MF8561,XiamenAir,Duration: 2h 5m,"655 miles, 1054 km",Boeing 737-800 Passenger,172,3U 2657 /CZ 4456 /G5 9433 /HO 7296 /MU 4706 /NS 8561,Meal (none specific)
PVG,2026-02-15,10:35,MU719,China Eastern,Duration: 2h 40m,"1110 miles, 1786 km",Airbus A320neo,158,KL 8819 /EY 6016,Meal (none specific)
PVG,2026-02-15,10:35,MU7428,China Eastern,Duration: 5h 10m,"2377 miles, 3825 km",Airbus A350-900,288,,Meal (none specific)
PVG,2026-02-15,10:35,MU6912,China Eastern,Duration: 1h 10m,"163 miles, 262 km",Airbus A319,122,HO 5424 /MF 2272 /KL 8704 /AF 9296,Meal (none specific)
PVG,2026-02-15,10:40,3U3315,Sichuan Airlines,Duration: 3h 15m,"1048 miles, 1686 km",Airbus A321,194,,Meal (none specific)
PVG,2026-02-15,10:40,CZ6541,China Southern,Duration: 3h 5m,"917 miles, 1475 km",Airbus A320neo,166,,Meal (none specific)
PVG,2026-02-15,10:40,HU7321,Hainan Airlines,Duration: 3h 20m,"1183 miles, 1903 km",Airbus A330-300,297,G5 5057,Meal (none specific)
PVG,2026-02-15,10:45,CZ6503,China Southern,Duration: 2h 45m,"734 miles, 1181 km",Airbus A321neo,198,,Meal (none specific)
PVG,2026-02-15,10:50,CI501,China Airlines,Duration: 2h 5m,"423 miles, 681 km",Boeing 777-300ER,358,CZ 7973 /MU 8901,Meal (none specific)
PVG,2026-02-15,10:50,MU6350,China Eastern,Duration: 2h 25m,"888 miles, 1429 km",Airbus A320,158,KN 6742 /HO 5711 /MF 7530 /EY 5800,Meal (none specific)
PVG,2026-02-15,10:50,MU5152,China Eastern,Duration: 2h 20m,"685 miles, 1102 km",Airbus A321,177,MF 3566 /EY 5729 /AF 5270,Meal (none specific)
PVG,2026-02-15,10:50,OQ2307,Chongqing Airlines,Duration: 2h 30m,"912 miles, 1467 km",Airbus A320,175,,Meal (none specific)
PVG,2026-02-15,10:55,9C6565,Spring Airlines,Duration: 2h 55m,"1110 miles, 1786 km",Airbus A320,180,,Meal (none specific)
PVG,2026-02-15,10:55,CZ6257,China Southern,Duration: 3h 10m,"1048 miles, 1686 km",Airbus A320,158,,Meal (none specific)
PVG,2026-02-15,10:55,HU7431,Hainan Airlines,Duration: 2h 25m,"751 miles, 1208 km",Boeing 737-800 Passenger,179,,Meal (none specific)
PVG,2026-02-15,11:00,MU7390,China Eastern,Duration: 4h 15m,"1809 miles, 2911 km",Boeing 777-300ER,316,FM 3018,Meal (none specific)
PVG,2026-02-15,11:00,MU730,China Eastern,Duration: 2h 40m,"817 miles, 1315 km",Airbus A330-200,234,FM 3052 /HO 3528 /JL 5609,Meal (none specific)
PVG,2026-02-15,11:00,ZH9533,Shenzhen Airlines,Duration: 2h 20m,"751 miles, 1208 km",Airbus A320,162,CA 3541 /HO 5168 /SC 9453,Meal (none specific)
PVG,2026-02-15,11:00,ZH9511,Shenzhen Airlines,Duration: 2h 25m,"769 miles, 1237 km",Airbus A320,162,CA 3475 /HO 5138 /NH 6601 /SC 9437,Meal (none specific)
PVG,2026-02-15,11:05,CZ3515,China Southern,Duration: 2h 55m,"1052 miles, 1693 km",Airbus A321,188,,Meal (none specific)
PVG,2026-02-15,11:05,CZ3689,China Southern,Duration: 2h 20m,"821 miles, 1321 km",Boeing 737-800 Passenger,172,,Meal (none specific)
PVG,2026-02-15,11:05,MU5674,China Eastern,Duration: 2h 0m,"543 miles, 874 km",Airbus A320neo,158,MF 3940 /QF 4030 /DL 6419 /EY 5708 /AF 5290,Meal (none specific)
PVG,2026-02-15,11:05,MU576,China Eastern,Duration: 3h 25m,"1085 miles, 1746 km",Boeing 777-300ER,316,FM 3038 /JL 5791,Meal (none specific)
PVG,2026-02-15,11:05,MU2523,China Eastern,Duration: 1h 35m,"451 miles, 726 km",Boeing 737-500 (winglets) Passenger,168,HO 5670 /MF 3288 /EY 6000 /AF 5214,Meal (none specific)
PVG,2026-02-15,11:10,CZ3289,China Southern,Duration: 2h 40m,"1029 miles, 1656 km",Boeing 737-800 Passenger,172,,Meal (none specific)
PVG,2026-02-15,11:10,CZ6753,China Southern,Duration: 3h 15m,"1183 miles, 1903 km",Airbus A321,188,AA 9077,Meal (none specific)
PVG,2026-02-15,11:15,CZ5827,China Southern,Duration: 2h 10m,"556 miles, 895 km",Airbus A320neo,166,AA 9081,Meal (none specific)
PVG,2026-02-15,11:15,MU5328,China Eastern,Duration: 2h 25m,"751 miles, 1208 km",Airbus A330-200,234,HO 5331 /MF 3698 /SV 6920 /EY 5724,Meal (none specific)
PVG,2026-02-15,11:25,8L9611,Lucky Air,Duration: 3h 20m,"1446 miles, 2327 km",Airbus A320neo,180,,Meal (none specific)
PVG,2026-02-15,11:25,CZ8211,China Southern,Duration: 2h 25m,"751 miles, 1208 km",Airbus A321,188,,Meal (none specific)
PVG,2026-02-15,11:25,HX236,Hong Kong Airlines,Duration: 2h 25m,"784 miles, 1261 km",Airbus A320,164,HU 8492,Meal (none specific)
PVG,2026-02-15,11:30,CA4575,Air China,Duration: 2h 15m,"912 miles, 1467 km",Boeing 737-800 Passenger,167,NZ 3725 /SC 5480 /UA 7522 /ZH 4595,Meal (none specific)
PVG,2026-02-15,11:35,9C8598,Spring Airlines,Duration: 5h 5m,"2377 miles, 3825 km",Airbus A320,180,,Meal (none specific)
PVG,2026-02-15,11:35,CX316,Cathay Pacific,Duration: 2h 45m,"784 miles, 1261 km",Airbus A350-1000,334,,Meal (none specific)
PVG,2026-02-15,11:40,MU724,China Eastern,Duration: 2h 20m,"784 miles, 1261 km",Airbus A320,158,FM 3028,Meal (none specific)
PVG,2026-02-15,11:45,3U8963,Sichuan Airlines,Duration: 2h 45m,"1063 miles, 1710 km",Airbus A321,194,CZ 9225 /EU 7411 /HO 5928 /MF 5649 /MU 3555,Meal (none specific)
PVG,2026-02-15,11:45,CZ6505,China Southern,Duration: 2h 35m,"734 miles, 1181 km",Airbus A321,188,,Meal (none specific)
PVG,2026-02-15,11:45,FM9142,Shanghai Airlines,Duration: 2h 0m,"611 miles, 983 km",Boeing 737 Mixed Configuration,76,MU 8354,Meal (none specific)
PVG,2026-02-15,11:45,PN6373,West Air (China),Duration: 2h 25m,"912 miles, 1467 km",Airbus A320,180,,Meal (none specific)
PVG,2026-02-15,11:50,9C8570,Spring Airlines,Duration: 1h 40m,"321 miles, 516 km",Airbus A320,180,,Meal (none specific)
PVG,2026-02-15,11:50,MU260,China Eastern,Duration: 9h 45m,"4458 miles, 7173 km",Airbus A330-200,234,,Meal (none specific)
PVG,2026-02-15,11:50,MU6732,China Eastern,Duration: 2h 0m,"682 miles, 1097 km",Airbus A320,158,HO 5545 /MF 2244 /EY 5755,Meal (none specific)
PVG,2026-02-15,11:55,OZ363,Asiana,Duration: 2h 5m,"513 miles, 825 km",Boeing 777-200 / 200ER,301,HO 3111,Meal (none specific)
PVG,2026-02-15,12:00,9C8844,Spring Airlines,Duration: 2h 0m,"543 miles, 874 km",Airbus A320,180,,Meal (none specific)
PVG,2026-02-15,12:00,CZ6533,China Southern,Duration: 2h 0m,"543 miles, 874 km",Airbus A321,188,,Meal (none specific)
PVG,2026-02-15,12:00,FM9078,Shanghai Airlines,Duration: 3h 10m,"917 miles, 1475 km",Boeing 737-500 (winglets) Passenger,166,MU 8308,Meal (none specific)
PVG,2026-02-15,12:00,HU7845,Hainan Airlines,Duration: 2h 30m,"794 miles, 1278 km",Boeing 737-800 Passenger,179,HX 1155,Meal (none specific)
PVG,2026-02-15,12:00,MU270,China Eastern,Duration: 9h 50m,"4535 miles, 7297 km",Airbus A330-200,234,SV 6841,Meal (none specific)
PVG,2026-02-15,12:05,BR712,EVA Air,Duration: 2h 15m,"423 miles, 681 km",Boeing 777-300ER,333,B7 7016 /CA 5512 /HO 3182,Meal (none specific)
PVG,2026-02-15,12:05,JL891,JAL,Duration: 2h 50m,"817 miles, 1315 km",Boeing 787-8,211,FM 1012 /MU 4192,Meal (none specific)
PVG,2026-02-15,12:10,HO1182,Juneyao Airlines,Duration: 3h 10m,"1048 miles, 1686 km",Airbus A320,159,,Meal (none specific)
PVG,2026-02-15,12:15,HO2196,Juneyao Airlines,Duration: 2h 0m,"609 miles, 980 km",Airbus A320,159,,Meal (none specific)
PVG,2026-02-15,12:20,CZ6751,China Southern,Duration: 2h 25m,"769 miles, 1237 km",Airbus A320neo,166,AA 9087,Meal (none specific)
PVG,2026-02-15,12:20,JL873,JAL,Duration: 3h 45m,"1123 miles, 1807 km",Boeing 767-300 (winglets) Passenger,199,FM 1006 /MU 4186,Meal (none specific)
PVG,2026-02-15,12:20,MU6119,China Eastern,Duration: 2h 50m,"918 miles, 1477 km",Airbus A320,158,,Meal (none specific)
PVG,2026-02-15,12:20,NH919,ANA,Duration: 3h 30m,"1123 miles, 1807 km",Boeing 787-9,249,CA 6662 /HO 3130,Meal (none specific)
PVG,2026-02-15,12:20,Y87584,Suparna Airlines,Duration: 2h 15m,"535 miles, 861 km",Boeing 737-800 Passenger,181,,Meal (none specific)
PVG,2026-02-15,12:25,FM864,Shanghai Airlines,Duration: 5h 20m,"2371 miles, 3815 km",Boeing 737 Mixed Configuration,76,MU 8592,Meal (none specific)
PVG,2026-02-15,12:25,KY8205,Kunming Airlines,Duration: 2h 55m,"1227 miles, 1974 km",Boeing 737-800 Passenger,160,ZH 5419 /TV 8151,Meal (none specific)
PVG,2026-02-15,12:25,MU214,China Eastern,Duration: 11h 25m,"5780 miles, 9300 km",Boeing 787-9,296,,Meal (none specific)
PVG,2026-02-15,12:30,CX368,Cathay Pacific,Duration: 2h 45m,"784 miles, 1261 km",Airbus A350-900,280,,Meal (none specific)
PVG,2026-02-15,12:30,HO1376,Juneyao Airlines,Duration: 1h 30m,"321 miles, 516 km",Airbus A320,159,OZ 6859,Meal (none specific)
PVG,2026-02-15,12:30,HO1114,Juneyao Airlines,Duration: 1h 30m,"384 miles, 618 km",Airbus A320neo,164,3U 4450 /CA 3226 /CZ 65 /MF 7731 /MU 3655 /ZH 5056,Meal (none specific)
PVG,2026-02-15,12:35,KE887,Korean Air,Duration: 2h 25m,"513 miles, 825 km",Boeing 787-9,273,FM 8756 /MF 9090 /MU 8934,Meal (none specific)
PVG,2026-02-15,12:35,MU6216,China Eastern,Duration: 2h 15m,"759 miles, 1221 km",Airbus A320neo,158,EY 6017,Meal (none specific)
PVG,2026-02-15,12:40,9C8524,Spring Airlines,Duration: 2h 0m,"736 miles, 1184 km",Airbus A320,180,,Meal (none specific)
PVG,2026-02-15,12:40,CA8341,Air China,Duration: 2h 15m,"655 miles, 1054 km",Airbus A321,180,,Meal (none specific)
PVG,2026-02-15,12:40,CZ3851,China Southern,Duration: 2h 5m,"619 miles, 996 km",Boeing 737-800 Passenger,172,,Meal (none specific)
PVG,2026-02-15,12:40,FM9366,Shanghai Airlines,Duration: 1h 40m,"617 miles, 993 km",Boeing 737 Mixed Configuration,76,MU 8458,Meal (none specific)
PVG,2026-02-15,12:40,MU238,China Eastern,Duration: 9h 10m,"4091 miles, 6582 km",Airbus A330-200,234,EY 5749,Meal (none specific)
PVG,2026-02-15,12:40,SC4603,Shandong Airlines,Duration: 1h 40m,"364 miles, 586 km",Boeing 737-800 Passenger,167,ZH 2629 /G5 8335 /CA 4729 /TV 3139,Meal (none specific)
PVG,2026-02-15,12:45,CA4513,Air China,Duration: 2h 45m,"1036 miles, 1667 km",Airbus A319,128,SC 5492 /ZH 4543,Meal (none specific)
PVG,2026-02-15,12:45,CZ5523,China Southern,Duration: 3h 10m,"1048 miles, 1686 km",Airbus A320,158,AA 9082,Meal (none specific)
PVG,2026-02-15,12:45,MU9713,China Eastern,Duration: 1h 45m,"521 miles, 838 km",Boeing 737-500 (winglets) Passenger,168,MF 2323 /EY 5806,Meal (none specific)
PVG,2026-02-15,12:45,MU6918,China Eastern,Duration: 2h 25m,"824 miles, 1326 km",Airbus A320neo,158,HO 5399 /MF 2276,Meal (none specific)
PVG,2026-02-15,12:45,SQ828,Singapore Airlines,Duration: 5h 25m,"2377 miles, 3825 km",Airbus A350-900,259,CA 5299 /VA 5748,Meal (none specific)
PVG,2026-02-15,12:50,CA192,Air China,Duration: 2h 0m,"423 miles, 681 km",Airbus A330-300,302,B7 7008 /BR 2786,Meal (none specific)
PVG,2026-02-15,12:50,FM9356,Shanghai Airlines,Duration: 1h 50m,"649 miles, 1044 km",Boeing 737-500 (winglets) Passenger,166,MU 8452,Meal (none specific)
PVG,2026-02-15,12:50,HO1052,Juneyao Airlines,Duration: 2h 15m,"653 miles, 1051 km",Airbus A320neo,164,3U 4426 /CZ 33 /MF 7691 /MU 3623 /ZH 5024,Meal (none specific)
PVG,2026-02-15,12:50,MU5616,China Eastern,Duration: 3h 30m,"1048 miles, 1686 km",Airbus A320,158,3U 5306 /MF 3894 /DL 6388 /EY 5832,Meal (none specific)
PVG,2026-02-15,12:50,MU5054,China Eastern,Duration: 1h 50m,"516 miles, 830 km",Airbus A320neo,158,,Meal (none specific)
PVG,2026-02-15,12:55,9C6136,Spring Airlines,Duration: 2h 45m,"824 miles, 1326 km",Airbus A320,180,,Meal (none specific)
PVG,2026-02-15,12:55,MU6214,China Eastern,Duration: 2h 0m,"749 miles, 1205 km",Airbus A320,158,HO 5493 /MF 7478 /EY 5759,Meal (none specific)
PVG,2026-02-15,12:55,MU6448,China Eastern,Duration: 2h 25m,"725 miles, 1167 km",Airbus A319,122,HO 5405 /EY 5766,Meal (none specific)
PVG,2026-02-15,12:55,MU6444,China Eastern,Duration: 2h 15m,"853 miles, 1372 km",Airbus A320neo,158,HO 5729 /EY 5778,Meal (none specific)
PVG,2026-02-15,13:00,CA936,Air China,Duration: 11h 20m,"5533 miles, 8903 km",Airbus A350-900,312,LH 7324,Meal (none specific)
PVG,2026-02-15,13:00,MU5586,China Eastern,Duration: 2h 0m,"563 miles, 906 km",Airbus A319,122,HO 5423 /EY 5877,Meal (none specific)
PVG,2026-02-15,13:05,MU5204,China Eastern,Duration: 2h 20m,"887 miles, 1427 km",Boeing 737-500 (winglets) Passenger,168,HO 5681 /3U 5202 /MF 3604 /EY 5913,Meal (none specific)
PVG,2026-02-15,13:10,CA1894,Air China,Duration: 1h 55m,"769 miles, 1237 km",Airbus A321,180,HO 5745 /SC 5458 /UA 7615 /ZH 1894,Meal (none specific)
PVG,2026-02-15,13:10,CZ3550,China Southern,Duration: 2h 25m,"751 miles, 1208 km",Boeing 777-300ER,361,AA 9078 /SV 6010,Meal (none specific)
PVG,2026-02-15,13:10,CZ5407,China Southern,Duration: 2h 40m,"1029 miles, 1656 km",Boeing 737-800 Passenger,172,,Meal (none specific)
PVG,2026-02-15,13:10,HO1036,Juneyao Airlines,Duration: 2h 20m,"788 miles, 1268 km",Airbus A320,159,3U 4422 /MF 7701 /MU 3617 /CZ 27 /ZH 5018,Meal (none specific)
PVG,2026-02-15,13:10,HO1176,Juneyao Airlines,Duration: 1h 35m,"364 miles, 586 km",Airbus A320,159,3U 4488 /CA 3244 /MF 7771 /MU 3693 /CZ 103 /ZH 5094 /AY 3158,Meal (none specific)
PVG,2026-02-15,13:15,CA4507,Air China,Duration: 2h 45m,"1036 miles, 1667 km",Airbus A320neo,158,ZH 4537,Meal (none specific)
PVG,2026-02-15,13:15,HO1026,Juneyao Airlines,Duration: 2h 5m,"619 miles, 996 km",Airbus A320,159,3U 4418 /CA 3206 /MF 7805 /MU 3611 /CZ 21 /ZH 5012,Meal (none specific)
PVG,2026-02-15,13:20,FM9396,Shanghai Airlines,Duration: 1h 50m,"556 miles, 895 km",Boeing 737-500 (winglets) Passenger,166,MU 8472,Meal (none specific)
PVG,2026-02-15,13:20,HO2368,Juneyao Airlines,Duration: 2h 20m,"828 miles, 1332 km",Airbus A320,159,,Meal (none specific)
PVG,2026-02-15,13:20,HU7613,Hainan Airlines,Duration: 2h 25m,"685 miles, 1102 km",Boeing 737-800 Passenger,179,Y8 7613,Meal (none specific)
PVG,2026-02-15,13:25,MU5624,China Eastern,Duration: 2h 5m,"543 miles, 874 km",Boeing 737-500 (winglets) Passenger,168,MF 3902 /QF 4292,Meal (none specific)
PVG,2026-02-15,13:25,MU5044,China Eastern,Duration: 1h 50m,"501 miles, 806 km",Airbus A320neo,158,FM 3086 /KE 5875,Meal (none specific)
PVG,2026-02-15,13:25,MU5692,China Eastern,Duration: 2h 15m,"734 miles, 1181 km",Airbus A350-900,288,HO 5719 /MF 3954,Meal (none specific)
PVG,2026-02-15,13:30,CX376,Cathay Pacific,Duration: 2h 45m,"784 miles, 1261 km",Airbus A330-300,286,,Meal (none specific)
PVG,2026-02-15,13:30,CZ5645,China Southern,Duration: 5h 0m,"2068 miles, 3327 km",Boeing 737-800 Passenger,172,,Meal (none specific)
PVG,2026-02-15,13:30,HO1184,Juneyao Airlines,Duration: 2h 35m,"734 miles, 1181 km",Airbus A320,159,3U 4492 /CZ 107 /MF 7751 /MU 3697 /ZH 5098 /AY 3160,Meal (none specific)
PVG,2026-02-15,13:30,MU708,China Eastern,Duration: 10h 30m,"5170 miles, 8319 km",Airbus A330-200,234,,Meal (none specific)
PVG,2026-02-15,13:30,MU5154,China Eastern,Duration: 2h 0m,"685 miles, 1102 km",Airbus A321,177,MF 3568 /DL 6468 /EY 5926,Meal (none specific)
PVG,2026-02-15,13:35,9C8952,Spring Airlines,Duration: 2h 5m,"423 miles, 681 km",Airbus A320,180,,Meal (none specific)
PVG,2026-02-15,13:35,CZ314,China Southern,Duration: 2h 20m,"513 miles, 825 km",Airbus A321,188,,Meal (none specific)
PVG,2026-02-15,13:35,FM874,Shanghai Airlines,Duration: 2h 35m,"817 miles, 1315 km",Boeing 737-500 (winglets) Passenger,166,MU 8620 /JL 5790,Meal (none specific)
PVG,2026-02-15,13:35,FM9410,Shanghai Airlines,Duration: 2h 35m,"1011 miles, 1627 km",Boeing 737 Mixed Configuration,76,MU 8478,Meal (none specific)
PVG,2026-02-15,13:35,HO2350,Juneyao Airlines,Duration: 2h 50m,"917 miles, 1475 km",Airbus A320,159,,Meal (none specific)
PVG,2026-02-15,13:40,FM9222,Shanghai Airlines,Duration: 4h 35m,"2068 miles, 3327 km",Boeing 737 Mixed Configuration,76,MU 8368 /DL 6528,Meal (none specific)
PVG,2026-02-15,13:40,MU6774,China Eastern,Duration: 2h 40m,"1095 miles, 1762 km",Airbus A319,122,,Meal (none specific)
PVG,2026-02-15,13:40,MU5588,China Eastern,Duration: 1h 45m,"435 miles, 700 km",Boeing 737-500 (winglets) Passenger,168,MF 3874 /HO 5683 /AF 9283,Meal (none specific)
PVG,2026-02-15,13:45,CZ3657,China Southern,Duration: 2h 45m,"965 miles, 1553 km",Boeing 737-800 Passenger,172,,Meal (none specific)
PVG,2026-02-15,13:45,FM878,Shanghai Airlines,Duration: 5h 15m,"2279 miles, 3667 km",Boeing 737 Mixed Configuration,76,MU 8598,Meal (none specific)
PVG,2026-02-15,13:45,HO1230,Juneyao Airlines,Duration: 1h 55m,"556 miles, 895 km",Airbus A320,159,CA 3268 /MF 7777 /MU 3727 /CZ 137 /ZH 5128,Meal (none specific)
PVG,2026-02-15,13:45,HO1258,Juneyao Airlines,Duration: 2h 10m,"655 miles, 1054 km",Airbus A320neo,164,3U 4538 /MF 7705 /MU 3747 /CZ 157 /ZH 5148 /AY 3162,Meal (none specific)
PVG,2026-02-15,13:45,MU272,China Eastern,Duration: 3h 50m,"1123 miles, 1807 km",Airbus A321,177,FM 3044 /JL 5603,Meal (none specific)
PVG,2026-02-15,13:45,MU6580,China Eastern,Duration: 2h 50m,"1202 miles, 1934 km",Airbus A320neo,158,MF 7596 /EY 5923,Meal (none specific)
PVG,2026-02-15,13:50,CA8588,Air China,Duration: 3h 5m,"1098 miles, 1767 km",Airbus A320,158,SC 5436 /ZH 4978,Meal (none specific)
PVG,2026-02-15,13:50,FM9346,Shanghai Airlines,Duration: 1h 50m,"537 miles, 864 km",Boeing 737-500 (winglets) Passenger,166,MU 8442 /DL 6547,Meal (none specific)
PVG,2026-02-15,13:50,MU772,China Eastern,Duration: 10h 50m,"5566 miles, 8956 km",Boeing 777-300ER,316,,Meal (none specific)
PVG,2026-02-15,13:50,MU6794,China Eastern,Duration: 2h 25m,"912 miles, 1467 km",Boeing 737-500 (winglets) Passenger,168,,Meal (none specific)
PVG,2026-02-15,13:50,MU6328,China Eastern,Duration: 2h 25m,"990 miles, 1593 km",Airbus A321,177,HO 5515 /EY 6030,Meal (none specific)
PVG,2026-02-15,13:55,9C8810,Spring Airlines,Duration: 3h 0m,"917 miles, 1475 km",Airbus A320,180,,Meal (none specific)
PVG,2026-02-15,13:55,9C8534,Spring Airlines,Duration: 3h 55m,"1750 miles, 2816 km",Airbus A320,180,,Meal (none specific)
PVG,2026-02-15,13:55,FM9098,Shanghai Airlines,Duration: 2h 30m,"699 miles, 1125 km",Boeing 737-500 (winglets) Passenger,166,MU 8330,Meal (none specific)
PVG,2026-02-15,13:55,MU6620,China Eastern,Duration: 2h 55m,"1023 miles, 1646 km",Boeing 737 Mixed Configuration,76,HO 5519 /MF 2206 /EY 5753,Meal (none specific)
PVG,2026-02-15,13:55,MU5652,China Eastern,Duration: 3h 15m,"918 miles, 1477 km",Airbus A320neo,158,HO 5443 /MF 3922 /EY 6020,Meal (none specific)
PVG,2026-02-15,14:00,HO2172,Juneyao Airlines,Duration: 2h 40m,"763 miles, 1228 km",Airbus A320neo,164,,Meal (none specific)
PVG,2026-02-15,14:05,HO2200,Juneyao Airlines,Duration: 2h 5m,"692 miles, 1113 km",Airbus A320,159,3U 4608 /CZ 272 /MF 7719 /MU 3862 /ZH 5263,Meal (none specific)
PVG,2026-02-15,14:05,HO1506,Juneyao Airlines,Duration: 2h 50m,"817 miles, 1315 km",Airbus A321neo,207,MU 3960 /NH 9756,Meal (none specific)
PVG,2026-02-15,14:05,MU9156,China Eastern,Duration: 1h 40m,"475 miles, 764 km",Airbus A320neo,158,AF 5249,Meal (none specific)
PVG,2026-02-15,14:05,MU6228,China Eastern,Duration: 2h 40m,"952 miles, 1532 km",Airbus A320neo,158,HO 5455 /MF 7482 /EY 5994,Meal (none specific)
PVG,2026-02-15,14:10,CA8544,Air China,Duration: 2h 35m,"912 miles, 1467 km",Airbus A321,180,NZ 3734 /SC 5154 /ZH 4828,Meal (none specific)
PVG,2026-02-15,14:15,MH388,Malaysia Airlines,Duration: 5h 20m,"2371 miles, 3815 km",Airbus A330-300,290,CZ 706,Meal (none specific)
PVG,2026-02-15,14:15,MU5042,China Eastern,Duration: 2h 20m,"513 miles, 825 km",Airbus A330-300,290,FM 3068 /KE 5857,Meal (none specific)
PVG,2026-02-15,14:15,VN532,Vietnam Airlines,Duration: 3h 5m,"1209 miles, 1945 km",Airbus A321,184,CZ 7959 /MU 8970,Meal (none specific)
PVG,2026-02-15,14:15,VN524,Vietnam Airlines,Duration: 3h 55m,"1715 miles, 2759 km",Boeing 787,312,CZ 7961 /MU 8972,Meal (none specific)
PVG,2026-02-15,14:20,CZ6543,China Southern,Duration: 3h 5m,"917 miles, 1475 km",Airbus A321,188,AA 9080,Meal (none specific)
PVG,2026-02-15,14:20,FM802,Shanghai Airlines,Duration: 2h 0m,"422 miles, 679 km",Boeing 737-500 (winglets) Passenger,166,,Meal (none specific)
PVG,2026-02-15,14:20,MU6292,China Eastern,Duration: 3h 20m,"1182 miles, 1902 km",Airbus A320,158,HO 5573 /MF 7502 /EY 5848,Meal (none specific)
PVG,2026-02-15,14:25,CA8586,Air China,Duration: 3h 0m,"917 miles, 1475 km",Airbus A320,158,HO 5756 /NZ 3746 /SC 5440 /ZH 4860,Meal (none specific)
PVG,2026-02-15,14:25,CA8302,Air China,Duration: 3h 15m,"1048 miles, 1686 km",Airbus A321,180,HO 5751 /NZ 3738 /SC 5160 /ZH 4602,Meal (none specific)
PVG,2026-02-15,14:25,MU5060,China Eastern,Duration: 1h 35m,"321 miles, 516 km",Airbus A320neo,158,,Meal (none specific)
PVG,2026-02-15,14:25,Y87580,Suparna Airlines,Duration: 2h 30m,"821 miles, 1321 km",Boeing 737-800 Passenger,181,HU 4752,Meal (none specific)
PVG,2026-02-15,14:30,9C8512,Spring Airlines,Duration: 4h 0m,"1669 miles, 2685 km",Airbus A320,180,,Meal (none specific)
PVG,2026-02-15,14:30,9C8876,Spring Airlines,Duration: 2h 40m,"805 miles, 1295 km",Airbus A320,180,,Meal (none specific)
PVG,2026-02-15,14:30,HU7331,Hainan Airlines,Duration: 2h 20m,"751 miles, 1208 km",Boeing 737-800 Passenger,179,,Meal (none specific)
PVG,2026-02-15,14:30,UQ2599,Urumqi Airlines,Duration: 4h 35m,"2068 miles, 3327 km",Boeing 737-800 Passenger,188,HU 4505,Meal (none specific)
PVG,2026-02-15,14:35,FM9340,Shanghai Airlines,Duration: 2h 55m,"1029 miles, 1656 km",Boeing 737 Passenger,166,MU 8438,Meal (none specific)
PVG,2026-02-15,14:35,KY8209,Kunming Airlines,Duration: 2h 50m,"1227 miles, 1974 km",Boeing 737-800 Passenger,160,ZH 5509 /CA 5719 /TV 8042,Meal (none specific)
PVG,2026-02-15,14:35,MU570,China Eastern,Duration: 11h 30m,"5789 miles, 9315 km",Boeing 777-300ER,316,,Meal (none specific)
PVG,2026-02-15,14:35,MU5282,China Eastern,Duration: 1h 30m,"371 miles, 597 km",Airbus A320,158,MF 3660 /HO 5702,Meal (none specific)
PVG,2026-02-15,14:35,SQ830,Singapore Airlines,Duration: 5h 15m,"2377 miles, 3825 km",Airbus A380-800 Passenger,467,CA 5265 /VA 5758,Meal (none specific)
PVG,2026-02-15,14:40,9C6334,Spring Airlines,Duration: 3h 0m,"862 miles, 1387 km",Airbus A320,180,,Meal (none specific)
PVG,2026-02-15,14:40,CZ6523,China Southern,Duration: 2h 0m,"543 miles, 874 km",Airbus A321,188,AA 9072,Meal (none specific)
PVG,2026-02-15,14:40,FM9112,Shanghai Airlines,Duration: 2h 10m,"608 miles, 978 km",Boeing 737 Mixed Configuration,76,MU 8334,Meal (none specific)
PVG,2026-02-15,14:40,HO1170,Juneyao Airlines,Duration: 2h 45m,"1023 miles, 1646 km",Airbus A321neo,207,3U 4484 /CA 3241 /CZ 99 /MF 7713 /MU 3689 /ZH 5090,Meal (none specific)
PVG,2026-02-15,14:40,HO2312,Juneyao Airlines,Duration: 2h 50m,"824 miles, 1326 km",Airbus A320,159,,Meal (none specific)
PVG,2026-02-15,14:40,MU5564,China Eastern,Duration: 1h 50m,"364 miles, 586 km",Airbus A321,177,MF 3862 /QF 4273 /AF 5292,Meal (none specific)
PVG,2026-02-15,14:40,QR870,Qatar Airways,Duration: 8h 20m,"4245 miles, 6830 km",Boeing 777-300ER,358,IB 6330 /AY 6687,Meal (none specific)
PVG,2026-02-15,14:40,Y87502,Suparna Airlines,Duration: 3h 5m,"1183 miles, 1903 km",Boeing 737-800 Passenger,181,HU 4706,Meal (none specific)
PVG,2026-02-15,14:45,9C8572,Spring Airlines,Duration: 1h 25m,"321 miles, 516 km",Airbus A320,180,,Meal (none specific)
PVG,2026-02-15,14:45,9C7360,Spring Airlines,Duration: 2h 55m,"969 miles, 1559 km",Airbus A320,180,,Meal (none specific)
PVG,2026-02-15,14:45,CZ6515,China Southern,Duration: 2h 45m,"734 miles, 1181 km",Airbus A321,188,AA 9076,Meal (none specific)
PVG,2026-02-15,14:45,JD5548,Capital Airlines,Duration: 3h 5m,"1446 miles, 2327 km",Airbus A320,169,HU 5036,Meal (none specific)
PVG,2026-02-15,14:45,MU6344,China Eastern,Duration: 2h 10m,"723 miles, 1163 km",Airbus A320neo,158,MF 7524,Meal (none specific)
PVG,2026-02-15,14:50,CA8324,Air China,Duration: 2h 30m,"990 miles, 1593 km",Airbus A321,180,SC 5462 /ZH 4756,Meal (none specific)
PVG,2026-02-15,14:50,FM854,Shanghai Airlines,Duration: 4h 25m,"1809 miles, 2911 km",Boeing 737 Mixed Configuration,76,MU 8614,Meal (none specific)
PVG,2026-02-15,14:50,FM9072,Shanghai Airlines,Duration: 3h 10m,"917 miles, 1475 km",Boeing 787-9,285,MU 8310 /DL 6530,Meal (none specific)
PVG,2026-02-15,14:50,HO1310,Juneyao Airlines,Duration: 2h 0m,"423 miles, 681 km",Boeing 787-9,324,MU 3980 /BR 2732,Meal (none specific)
PVG,2026-02-15,14:50,MU5600,China Eastern,Duration: 1h 25m,"384 miles, 618 km",Airbus A320,158,HO 5509 /MF 3880 /QF 4004 /DL 6466 /EY 5713,Meal (none specific)
PVG,2026-02-15,14:50,MU7352,China Eastern,Duration: 2h 20m,"734 miles, 1181 km",Boeing 737-500 (winglets) Passenger,168,,Meal (none specific)
PVG,2026-02-15,14:55,FM9310,Shanghai Airlines,Duration: 2h 5m,"751 miles, 1208 km",Boeing 787-9,285,MU 8417 /DL 6551,Meal (none specific)
PVG,2026-02-15,14:55,FM9092,Shanghai Airlines,Duration: 1h 50m,"543 miles, 874 km",Boeing 737-500 (winglets) Passenger,166,MU 8320,Meal (none specific)
PVG,2026-02-15,14:55,MU294,China Eastern,Duration: 2h 15m,"689 miles, 1109 km",Airbus A319,122,JL 5645,Meal (none specific)
PVG,2026-02-15,14:55,MU6146,China Eastern,Duration: 3h 15m,"1343 miles, 2161 km",Airbus A320neo,158,HO 5539 /MF 7450 /EY 5903,Meal (none specific)
PVG,2026-02-15,14:55,MU5528,China Eastern,Duration: 1h 35m,"435 miles, 700 km",Airbus A320,158,HO 5601 /MF 3838 /QF 4009 /EY 6023 /AF 5250,Meal (none specific)
PVG,2026-02-15,15:00,CA8594,Air China,Duration: 2h 55m,"1063 miles, 1710 km",Airbus A320,158,NZ 3854 /ZH 4094,Meal (none specific)
PVG,2026-02-15,15:00,HO1138,Juneyao Airlines,Duration: 3h 15m,"1048 miles, 1686 km",Airbus A320,159,3U 4468 /CZ 83 /MF 7695 /MU 3673 /ZH 5074 /AY 3172,Meal (none specific)
PVG,2026-02-15,15:00,MU7641,China Eastern,Duration: 3h 10m,"1363 miles, 2193 km",Boeing 737 Passenger,168,,Meal (none specific)
PVG,2026-02-15,15:05,CZ6859,China Southern,Duration: 5h 0m,"2119 miles, 3409 km",Boeing 737MAX 8 Passenger,175,,Meal (none specific)
PVG,2026-02-15,15:05,EK302,Emirates,Duration: 7h 55m,"4028 miles, 6481 km",Airbus A380-800 Passenger,510,,Meal (none specific)
PVG,2026-02-15,15:05,ZH9515,Shenzhen Airlines,Duration: 2h 25m,"769 miles, 1237 km",Airbus A320,162,CA 3723 /HO 5186 /NH 6599 /SC 9441,Meal (none specific)
PVG,2026-02-15,15:10,MU518,China Eastern,Duration: 2h 15m,"535 miles, 861 km",Airbus A320,158,JL 5625,Meal (none specific)
PVG,2026-02-15,15:10,MU502,China Eastern,Duration: 2h 40m,"784 miles, 1261 km",Airbus A321,177,FM 3016 /HO 3504,Meal (none specific)
PVG,2026-02-15,15:10,MU226,China Eastern,Duration: 3h 0m,"817 miles, 1315 km",Airbus A321,177,JL 5661,Meal (none specific)
PVG,2026-02-15,15:10,OZ365,Asiana,Duration: 2h 0m,"513 miles, 825 km",Airbus A321neo,187,HO 3107,Meal (none specific)
PVG,2026-02-15,15:15,CA922,Air China,Duration: 2h 45m,"817 miles, 1315 km",Airbus A321,180,NH 5727,Meal (none specific)
PVG,2026-02-15,15:15,HO1596,Juneyao Airlines,Duration: 2h 45m,"817 miles, 1315 km",Airbus A320,159,MU 3935 /NH 9790,Meal (none specific)
PVG,2026-02-15,15:15,HU7725,Hainan Airlines,Duration: 2h 20m,"769 miles, 1237 km",Boeing 737-800 Passenger,179,,Meal (none specific)
PVG,2026-02-15,15:15,MU546,China Eastern,Duration: 5h 5m,"2377 miles, 3825 km",Airbus A350-900,288,HO 3514 /QF 4094 /GA 8827,Meal (none specific)
PVG,2026-02-15,15:20,CZ5128,China Southern,Duration: 2h 50m,"1036 miles, 1667 km",Airbus A321,188,,Meal (none specific)
PVG,2026-02-15,15:20,DL389,Delta,Duration: 16h 5m,"7161 miles, 11522 km",Airbus A350-900,288,,Meal (none specific)
PVG,2026-02-15,15:25,3U6991,Sichuan Airlines,Duration: 2h 25m,"1036 miles, 1667 km",Airbus A320,165,CZ 4955 /EU 7219 /G5 8885 /GJ 3151 /HO 5932 /MF 5375 /MU 3359,Meal (none specific)
PVG,2026-02-15,15:25,CA8330,Air China,Duration: 3h 15m,"1182 miles, 1902 km",Airbus A320,158,,Meal (none specific)
PVG,2026-02-15,15:25,CA8320,Air China,Duration: 2h 55m,"1196 miles, 1924 km",Airbus A320,158,SC 5474 /ZH 4754,Meal (none specific)
PVG,2026-02-15,15:25,MU788,China Eastern,Duration: 11h 45m,"5728 miles, 9216 km",Airbus A350-900,288,AR 7890,Meal (none specific)
PVG,2026-02-15,15:30,CZ3678,China Southern,Duration: 3h 10m,"1227 miles, 1974 km",Airbus A321,188,BA 2025,Meal (none specific)
PVG,2026-02-15,15:30,HO1038,Juneyao Airlines,Duration: 3h 15m,"1446 miles, 2327 km",Airbus A320neo,164,3U 4424 /MF 7699 /MU 3619 /CZ 29 /ZH 5020,Meal (none specific)
PVG,2026-02-15,15:30,MU5610,China Eastern,Duration: 3h 35m,"1048 miles, 1686 km",Boeing 777-300ER,316,3U 5302 /MF 3888 /QF 4283,Meal (none specific)
PVG,2026-02-15,15:35,9C6446,Spring Airlines,Duration: 2h 35m,"953 miles, 1533 km",Airbus A320,180,,Meal (none specific)
PVG,2026-02-15,15:35,9C6572,Spring Airlines,Duration: 2h 50m,"817 miles, 1315 km",Airbus A320,180,,Meal (none specific)
PVG,2026-02-15,15:35,9C7116,Spring Airlines,Duration: 3h 10m,"1343 miles, 2161 km",Airbus A320,180,,Meal (none specific)
PVG,2026-02-15,15:35,HO1262,Juneyao Airlines,Duration: 3h 10m,"1048 miles, 1686 km",Airbus A320,159,,Meal (none specific)
PVG,2026-02-15,15:35,HO1120,Juneyao Airlines,Duration: 2h 35m,"1036 miles, 1667 km",Airbus A320neo,164,3U 4454 /MF 7675 /MU 3659 /CZ 69 /ZH 5060 /AY 3178,Meal (none specific)
PVG,2026-02-15,15:40,FM9462,Shanghai Airlines,Duration: 2h 10m,"796 miles, 1281 km",Boeing 737 Passenger,166,MU 8512,Meal (none specific)
PVG,2026-02-15,15:40,HO1380,Juneyao Airlines,Duration: 3h 25m,"1123 miles, 1807 km",Boeing 787-9,324,NH 9784,Meal (none specific)
PVG,2026-02-15,15:40,HX246,Hong Kong Airlines,Duration: 2h 35m,"784 miles, 1261 km",Airbus A320,164,HU 8359,Meal (none specific)
PVG,2026-02-15,15:40,MU5342,China Eastern,Duration: 2h 35m,"769 miles, 1237 km",Airbus A330-200,234,3U 5230 /HO 5348 /MF 3712 /QF 4281 /DL 6384 /EY 5881,Meal (none specific)
PVG,2026-02-15,15:45,CA8592,Air China,Duration: 2h 45m,"1063 miles, 1710 km",Airbus A350-900,312,NZ 3852 /SC 5488 /ZH 4862,Meal (none specific)
PVG,2026-02-15,15:45,MU5430,China Eastern,Duration: 2h 30m,"912 miles, 1467 km",Airbus A330-200,234,MF 3788 /QF 4000 /DL 6408 /AF 5213,Meal (none specific)
PVG,2026-02-15,15:45,MU6286,China Eastern,Duration: 1h 55m,"501 miles, 806 km",Airbus A320neo,158,,Meal (none specific)
PVG,2026-02-15,15:45,NX136,Air Macau,Duration: 2h 25m,"805 miles, 1295 km",Airbus A321,179,CA 5408 /SC 246 /ZH 3370,Meal (none specific)
PVG,2026-02-15,15:50,DL281,Delta,Duration: 13h 15m,"5741 miles, 9237 km",Airbus A330-900neo,281,,Meal (none specific)
PVG,2026-02-15,15:50,MU5062,China Eastern,Duration: 2h 20m,"513 miles, 825 km",Airbus A320,158,FM 3074 /KE 5863,Meal (none specific)
PVG,2026-02-15,15:50,MU728,China Eastern,Duration: 3h 50m,"1123 miles, 1807 km",Airbus A321,177,FM 3046 /JL 9577,Meal (none specific)
PVG,2026-02-15,15:50,TG664,Thai Airways,Duration: 4h 15m,"1809 miles, 2911 km",Airbus A350-900,327,PG 4841,Meal (none specific)
PVG,2026-02-15,15:55,HO1228,Juneyao Airlines,Duration: 3h 15m,"1343 miles, 2161 km",Airbus A320neo,164,3U 4518 /CA 3266 /MF 7689 /MU 3725 /CZ 135 /ZH 5126,Meal (none specific)
PVG,2026-02-15,15:55,MU5821,China Eastern,Duration: 2h 45m,"1227 miles, 1974 km",Boeing 737 Passenger,168,MF 7337,Meal (none specific)
PVG,2026-02-15,15:55,MU530,China Eastern,Duration: 3h 20m,"911 miles, 1466 km",Airbus A321,177,JL 5617,Meal (none specific)
PVG,2026-02-15,16:00,AC25,Air Canada,Duration: 12h 45m,"5634 miles, 9065 km",Boeing 787-9,298,CA 7456,Meal (none specific)
PVG,2026-02-15,16:00,FM842,Shanghai Airlines,Duration: 4h 15m,"1809 miles, 2911 km",Boeing 737 Mixed Configuration,76,MU 8608,Meal (none specific)
PVG,2026-02-15,16:00,FM806,Shanghai Airlines,Duration: 2h 35m,"805 miles, 1295 km",Boeing 737-500 (winglets) Passenger,166,MU 8646,Meal (none specific)
PVG,2026-02-15,16:00,GF126,Gulf Air,Duration: 8h 25m,"4274 miles, 6877 km",Boeing 787-9,282,,Meal (none specific)
PVG,2026-02-15,16:00,MS951,EgyptAir,Duration: 9h 55m,"5227 miles, 8410 km",Boeing 787-9,309,CA 5086,Meal (none specific)
PVG,2026-02-15,16:00,MU6792,China Eastern,Duration: 2h 25m,"1052 miles, 1693 km",Airbus A320,158,AF 5294,Meal (none specific)
PVG,2026-02-15,16:05,CA8953,Air China,Duration: 2h 15m,"543 miles, 874 km",Boeing 737-800 Passenger,167,NZ 3751 /SC 5788,Meal (none specific)
PVG,2026-02-15,16:05,FM7308,Shanghai Airlines,Duration: 3h 55m,"1106 miles, 1780 km",Boeing 737 Passenger,166,,Meal (none specific)
PVG,2026-02-15,16:05,MU516,China Eastern,Duration: 2h 45m,"817 miles, 1315 km",Airbus A330-300,290,FM 3048 /HO 3524 /JL 5611,Meal (none specific)
PVG,2026-02-15,16:05,MU2176,China Eastern,Duration: 2h 35m,"794 miles, 1278 km",Airbus A320neo,158,HO 5535 /QF 4240 /KL 8723 /AF 5223,Meal (none specific)
PVG,2026-02-15,16:10,FM7294,Shanghai Airlines,Duration: 2h 25m,"824 miles, 1326 km",Boeing 737-200 Mixed Configuration,75,,Meal (none specific)
PVG,2026-02-15,16:10,GJ8563,Loong Air,Duration: 2h 50m,"1011 miles, 1627 km",Airbus A320,172,MU 4319 /TV 2425 /G5 8589 /HU 2563 /EU 7625 /MF 5824 /3U 4775 /CZ 7101,Meal (none specific)
PVG,2026-02-15,16:10,MU552,China Eastern,Duration: 11h 10m,"5773 miles, 9289 km",Boeing 777-300ER,316,LA 8919,Meal (none specific)
PVG,2026-02-15,16:10,MU2511,China Eastern,Duration: 1h 40m,"451 miles, 726 km",Boeing 737-500 (winglets) Passenger,168,MF 3278 /QF 4010 /DL 6391 /VN 3528 /EY 5999 /AF 5295,Meal (none specific)
PVG,2026-02-15,16:15,CX360,Cathay Pacific,Duration: 2h 40m,"784 miles, 1261 km",Airbus A330-300,286,,Meal (none specific)
PVG,2026-02-15,16:15,CZ3579,China Southern,Duration: 1h 55m,"451 miles, 726 km",Boeing 737-800 Passenger,172,,Meal (none specific)
PVG,2026-02-15,16:15,ET684,Ethiopian,Duration: 10h 35m,"5516 miles, 8875 km",Airbus A350-900,345,CA 5066,Meal (none specific)
PVG,2026-02-15,16:15,FM812,Shanghai Airlines,Duration: 2h 35m,"784 miles, 1261 km",Boeing 737-500 (winglets) Passenger,166,MU 8596,Meal (none specific)
PVG,2026-02-15,16:15,HO2314,Juneyao Airlines,Duration: 2h 50m,"824 miles, 1326 km",Airbus A320,159,,Meal (none specific)
PVG,2026-02-15,16:20,9C6450,Spring Airlines,Duration: 3h 20m,"1446 miles, 2327 km",Airbus A320,180,,Meal (none specific)
PVG,2026-02-15,16:20,CA704,Air China,Duration: 2h 55m,"1209 miles, 1945 km",Airbus A321,180,,Meal (none specific)
PVG,2026-02-15,16:20,FM9544,Shanghai Airlines,Duration: 2h 50m,"1036 miles, 1667 km",Boeing 737 Mixed Configuration,76,KN 3062 /MU 8552,Meal (none specific)
PVG,2026-02-15,16:20,HO1656,Juneyao Airlines,Duration: 10h 15m,"5010 miles, 8061 km",Boeing 787-9,324,,Meal (none specific)
PVG,2026-02-15,16:20,HO1670,Juneyao Airlines,Duration: 10h 25m,"4915 miles, 7908 km",Boeing 787-9,324,,Meal (none specific)
PVG,2026-02-15,16:20,KN2355,China United Airlines,Duration: 2h 10m,"636 miles, 1023 km",Boeing 737 Passenger,178,MU 8021,Meal (none specific)
PVG,2026-02-15,16:20,MU5604,China Eastern,Duration: 2h 40m,"734 miles, 1181 km",Airbus A320neo,158,HO 5451 /MF 3882 /EY 5726,Meal (none specific)
PVG,2026-02-15,16:25,AA127,American Airlines,Duration: 15h 55m,"7378 miles, 11871 km",Boeing 787-9,262,CZ 1620,Meal (none specific)
PVG,2026-02-15,16:25,FM9202,Shanghai Airlines,Duration: 2h 10m,"794 miles, 1278 km",Boeing 787-9,285,MU 8358,Meal (none specific)
PVG,2026-02-15,16:25,IJ3,Spring Japan,Duration: 3h 40m,"1123 miles, 1807 km",Boeing 737 Passenger,189,,Meal (none specific)
PVG,2026-02-15,16:25,MU5038,China Eastern,Duration: 1h 45m,"321 miles, 516 km",Airbus A320,158,,Meal (none specific)
PVG,2026-02-15,16:35,CZ8758,China Southern,Duration: 2h 45m,"1052 miles, 1693 km",Airbus A321neo,198,,Meal (none specific)
PVG,2026-02-15,16:35,HO1288,Juneyao Airlines,Duration: 2h 50m,"917 miles, 1475 km",Airbus A320,159,3U 4544 /CZ 163 /MF 7663 /MU 3753 /ZH 5154 /AY 3174,Meal (none specific)
PVG,2026-02-15,16:40,MU5158,China Eastern,Duration: 2h 10m,"685 miles, 1102 km",Airbus A320neo,158,3U 5196 /HO 5417 /MF 3572 /QF 4034,Meal (none specific)
PVG,2026-02-15,16:45,HO2356,Juneyao Airlines,Duration: 2h 45m,"1023 miles, 1646 km",Airbus A320neo,164,,Meal (none specific)
PVG,2026-02-15,16:45,MU524,China Eastern,Duration: 3h 55m,"1123 miles, 1807 km",Airbus A350-900,288,FM 3042 /JL 5601,Meal (none specific)
PVG,2026-02-15,16:45,Y87578,Suparna Airlines,Duration: 2h 30m,"769 miles, 1237 km",Boeing 737-800 Passenger,181,HU 4750,Meal (none specific)
PVG,2026-02-15,16:50,9C6804,Spring Airlines,Duration: 3h 10m,"1048 miles, 1686 km",Airbus A320,180,,Meal (none specific)
PVG,2026-02-15,16:50,LH726,Lufthansa,Duration: 11h 35m,"5483 miles, 8822 km",Airbus A350-900,283,CA 6232,Meal (none specific)
PVG,2026-02-15,16:55,HO1234,Juneyao Airlines,Duration: 2h 10m,"723 miles, 1163 km",Airbus A320,159,3U 4520 /CZ 139 /MF 7757 /MU 3729 /ZH 5130,Meal (none specific)
PVG,2026-02-15,16:55,MU9717,China Eastern,Duration: 3h 10m,"1363 miles, 2193 km",Boeing 737 Passenger,168,HO 5565 /MF 2327 /EY 5796,Meal (none specific)
PVG,2026-02-15,16:55,MU6806,China Eastern,Duration: 2h 45m,"1110 miles, 1786 km",Airbus A320neo,158,HO 5624 /MF 2256 /KL 8724 /EY 5896,Meal (none specific)
PVG,2026-02-15,16:55,MU6624,China Eastern,Duration: 2h 45m,"1049 miles, 1688 km",Airbus A320neo,158,HO 5431 /MF 2208 /EY 5941,Meal (none specific)
PVG,2026-02-15,17:00,9C8792,Spring Airlines,Duration: 4h 10m,"1362 miles, 2191 km",Airbus A320,180,,Meal (none specific)
PVG,2026-02-15,17:00,9C8860,Spring Airlines,Duration: 3h 40m,"1048 miles, 1686 km",Airbus A320,180,,Meal (none specific)
PVG,2026-02-15,17:00,9C6578,Spring Airlines,Duration: 3h 0m,"817 miles, 1315 km",Airbus A320,180,,Meal (none specific)
PVG,2026-02-15,17:00,CZ8310,China Southern,Duration: 3h 45m,"1123 miles, 1807 km",Airbus A321,188,,Meal (none specific)
PVG,2026-02-15,17:00,CZ3835,China Southern,Duration: 3h 10m,"1183 miles, 1903 km",Airbus A321,188,BA 2016,Meal (none specific)
PVG,2026-02-15,17:00,FM9530,Shanghai Airlines,Duration: 1h 20m,"232 miles, 373 km",Boeing 737 Mixed Configuration,76,KN 3060 /MU 8548,Meal (none specific)
PVG,2026-02-15,17:00,HO1116,Juneyao Airlines,Duration: 3h 15m,"1446 miles, 2327 km",Airbus A320,159,,Meal (none specific)
PVG,2026-02-15,17:05,CZ6975,China Southern,Duration: 2h 0m,"559 miles, 899 km",Boeing 737-800 Passenger,172,,Meal (none specific)
PVG,2026-02-15,17:05,JL85,JAL,Duration: 3h 40m,"1085 miles, 1746 km",Boeing 787-8,211,FM 1004 /MU 4182,Meal (none specific)
PVG,2026-02-15,17:05,MU5008,China Eastern,Duration: 2h 5m,"423 miles, 681 km",Airbus A330-300,290,HO 3506 /CI 8001,Meal (none specific)
PVG,2026-02-15,17:05,MU5638,China Eastern,Duration: 2h 15m,"511 miles, 822 km",Airbus A320,158,HO 5623 /MF 3912 /AF 9474,Meal (none specific)
PVG,2026-02-15,17:10,MU280,China Eastern,Duration: 4h 40m,"1362 miles, 2191 km",Airbus A321,177,HO 3530 /JL 5633,Meal (none specific)
PVG,2026-02-15,17:10,MU5298,China Eastern,Duration: 2h 10m,"695 miles, 1118 km",Boeing 737-500 (winglets) Passenger,168,MF 3670,Meal (none specific)
PVG,2026-02-15,17:10,TK26,Turkish Airlines,Duration: 10h 30m,"5011 miles, 8063 km",Boeing 777-300ER,357,,Meal (none specific)
PVG,2026-02-15,17:15,CZ3967,China Southern,Duration: 2h 5m,"556 miles, 895 km",Airbus A320,158,,Meal (none specific)
PVG,2026-02-15,17:20,CA4509,Air China,Duration: 2h 45m,"1063 miles, 1710 km",Airbus A320,158,NZ 3827 /SC 5486 /UA 7535 /ZH 4539,Meal (none specific)
PVG,2026-02-15,17:20,KY3121,Kunming Airlines,Duration: 3h 15m,"1446 miles, 2327 km",Boeing 737 Passenger,160,ZH 3117 /TV 8147,Meal (none specific)
PVG,2026-02-15,17:20,MU5012,China Eastern,Duration: 2h 10m,"513 miles, 825 km",Airbus A321,177,KE 5883,Meal (none specific)
PVG,2026-02-15,17:25,9C8602,Spring Airlines,Duration: 3h 0m,"911 miles, 1466 km",Airbus A320,180,,Meal (none specific)
PVG,2026-02-15,17:25,CA930,Air China,Duration: 3h 25m,"1123 miles, 1807 km",Airbus A321,180,NH 5713,Meal (none specific)
PVG,2026-02-15,17:25,CZ3593,China Southern,Duration: 1h 55m,"537 miles, 864 km",Boeing 737-800 Passenger,172,,Meal (none specific)
PVG,2026-02-15,17:25,ZH9535,Shenzhen Airlines,Duration: 2h 35m,"751 miles, 1208 km",Airbus A320,162,CA 3725 /HO 5196 /SC 9455,Meal (none specific)
PVG,2026-02-15,17:30,3U8973,Sichuan Airlines,Duration: 2h 25m,"912 miles, 1467 km",Airbus A319,132,EU 7417 /MF 5655 /MU 3561 /CZ 9231 /HO 5936,Meal (none specific)
PVG,2026-02-15,17:30,9C6734,Spring Airlines,Duration: 3h 10m,"1343 miles, 2161 km",Airbus A320,180,,Meal (none specific)
PVG,2026-02-15,17:30,MF8096,XiamenAir,Duration: 2h 45m,"734 miles, 1181 km",Boeing 737-800 Passenger,172,MU 4711 /HO 7017 /G5 9026 /3U 2264 /NS 6096 /CZ 4063,Meal (none specific)
PVG,2026-02-15,17:35,HO1102,Juneyao Airlines,Duration: 2h 50m,"1110 miles, 1786 km",Airbus A320,159,3U 4444 /MF 7793 /MU 3647 /CZ 57 /ZH 5048,Meal (none specific)
PVG,2026-02-15,17:40,MU5414,China Eastern,Duration: 3h 5m,"1063 miles, 1710 km",Airbus A330-200,234,HO 5321 /3U 5260 /MF 3772 /QF 4016 /EY 5765 /AF 4409,Meal (none specific)
PVG,2026-02-15,17:40,MU6724,China Eastern,Duration: 2h 55m,"1129 miles, 1817 km",Airbus A320neo,158,,Meal (none specific)
PVG,2026-02-15,17:45,CX380,Cathay Pacific,Duration: 2h 40m,"784 miles, 1261 km",Airbus A330-300,286,,Meal (none specific)
PVG,2026-02-15,17:45,CZ6155,China Southern,Duration: 2h 55m,"917 miles, 1475 km",Airbus A320,158,,Meal (none specific)
PVG,2026-02-15,17:45,CZ6501,China Southern,Duration: 2h 55m,"734 miles, 1181 km",Airbus A321neo,198,,Meal (none specific)
PVG,2026-02-15,17:45,HO1040,Juneyao Airlines,Duration: 1h 40m,"525 miles, 845 km",Airbus A320neo,164,,Meal (none specific)
PVG,2026-02-15,17:50,CZ6535,China Southern,Duration: 2h 0m,"543 miles, 874 km",Airbus A321,188,,Meal (none specific)
PVG,2026-02-15,17:50,HU7841,Hainan Airlines,Duration: 2h 20m,"794 miles, 1278 km",Boeing 737-800 Passenger,179,HX 1157 /9H 7841 /GS 5841,Meal (none specific)
PVG,2026-02-15,17:55,HO1154,Juneyao Airlines,Duration: 2h 20m,"828 miles, 1332 km",Airbus A320,159,3U 4474 /MF 7741 /MU 3679 /CZ 89 /ZH 5080 /AY 3184,Meal (none specific)
PVG,2026-02-15,17:55,MU5034,China Eastern,Duration: 2h 35m,"513 miles, 825 km",Airbus A330-200,234,FM 3072 /KE 5885,Meal (none specific)
PVG,2026-02-15,17:55,MU590,China Eastern,Duration: 13h 55m,"6172 miles, 9931 km",Boeing 777-300ER,316,,Meal (none specific)
PVG,2026-02-15,17:55,MU7062,China Eastern,Duration: 10h 25m,"4915 miles, 7908 km",Airbus A350-900,288,AF 5212,Meal (none specific)
PVG,2026-02-15,17:55,ZH9521,Shenzhen Airlines,Duration: 2h 25m,"769 miles, 1237 km",Airbus A320,162,CA 3313 /HO 5194 /SC 9445,Meal (none specific)
PVG,2026-02-15,18:00,9C8734,Spring Airlines,Duration: 2h 20m,"695 miles, 1118 km",Airbus A320,180,,Meal (none specific)
PVG,2026-02-15,18:00,CZ5792,China Southern,Duration: 2h 25m,"794 miles, 1278 km",Boeing 737-800 Passenger,172,BA 2017,Meal (none specific)
PVG,2026-02-15,18:00,MU586,China Eastern,Duration: 14h 30m,"6508 miles, 10471 km",Boeing 777-300ER,316,,Meal (none specific)
PVG,2026-02-15,18:05,FM9068,Shanghai Airlines,Duration: 2h 50m,"917 miles, 1475 km",Boeing 737 Mixed Configuration,76,MU 8306,Meal (none specific)
PVG,2026-02-15,18:05,FM7348,Shanghai Airlines,Duration: 2h 40m,"912 miles, 1467 km",Boeing 737-500 (winglets) Passenger,166,,Meal (none specific)
PVG,2026-02-15,18:05,MU508,China Eastern,Duration: 2h 40m,"784 miles, 1261 km",Airbus A320,158,FM 3022,Meal (none specific)
PVG,2026-02-15,18:10,MU6366,China Eastern,Duration: 2h 40m,"1029 miles, 1656 km",Airbus A320,158,HO 5433 /MF 7536,Meal (none specific)
PVG,2026-02-15,18:10,MU5392,China Eastern,Duration: 2h 25m,"821 miles, 1321 km",Boeing 737-200 Mixed Configuration,75,MF 3754 /EY 5869,Meal (none specific)
PVG,2026-02-15,18:15,HU7611,Hainan Airlines,Duration: 2h 20m,"685 miles, 1102 km",Boeing 737-800 Passenger,179,,Meal (none specific)
PVG,2026-02-15,18:15,MU6320,China Eastern,Duration: 2h 55m,"1095 miles, 1762 km",Airbus A321,177,MF 7516 /HO 5653 /EY 5750,Meal (none specific)
PVG,2026-02-15,18:15,MU5374,China Eastern,Duration: 3h 15m,"1183 miles, 1903 km",Airbus A350-900,288,HO 5469 /MF 3740 /AF 5282,Meal (none specific)
PVG,2026-02-15,18:20,AQ1011,9 Air,Duration: 2h 15m,"751 miles, 1208 km",Boeing 737-800 Passenger,167,,Meal (none specific)
PVG,2026-02-15,18:20,CA858,Air China,Duration: 2h 50m,"817 miles, 1315 km",Airbus A321,180,NH 5745,Meal (none specific)
PVG,2026-02-15,18:20,CZ6078,China Southern,Duration: 4h 10m,"1715 miles, 2759 km",Airbus A321neo,198,VN 3542,Meal (none specific)
PVG,2026-02-15,18:20,EU6667,Chengdu Airlines,Duration: 2h 40m,"1063 miles, 1710 km",Airbus A320,175,GJ 5327 /3U 5789 /MU 1943 /TV 5003 /CZ 9653,Meal (none specific)
PVG,2026-02-15,18:20,FM9074,Shanghai Airlines,Duration: 2h 50m,"917 miles, 1475 km",Boeing 737-500 (winglets) Passenger,166,,Meal (none specific)
PVG,2026-02-15,18:25,BR722,EVA Air,Duration: 1h 55m,"423 miles, 681 km",Airbus A330-300,309,B7 7018 /CA 5522 /HO 3188,Meal (none specific)
PVG,2026-02-15,18:25,CZ6351,China Southern,Duration: 2h 25m,"965 miles, 1553 km",Boeing 737-800 Passenger,172,,Meal (none specific)
PVG,2026-02-15,18:30,CZ8205,China Southern,Duration: 2h 25m,"769 miles, 1237 km",Airbus A320neo,166,,Meal (none specific)
PVG,2026-02-15,18:30,FM9252,Shanghai Airlines,Duration: 2h 45m,"1052 miles, 1693 km",Boeing 737-500 (winglets) Passenger,166,MU 8386,Meal (none specific)
PVG,2026-02-15,18:35,CI503,China Airlines,Duration: 2h 0m,"423 miles, 681 km",Boeing 777-300ER,358,CZ 7975 /MU 8903,Meal (none specific)
PVG,2026-02-15,18:35,CZ5871,China Southern,Duration: 3h 0m,"917 miles, 1475 km",Airbus A320,158,,Meal (none specific)
PVG,2026-02-15,18:35,MU5606,China Eastern,Duration: 2h 40m,"734 miles, 1181 km",Airbus A320,158,HO 5705 /MF 3884 /QF 4266,Meal (none specific)
PVG,2026-02-15,18:35,MU5210,China Eastern,Duration: 2h 15m,"695 miles, 1118 km",Boeing 737 Passenger,168,MF 3606 /QF 4098 /EY 5898,Meal (none specific)
PVG,2026-02-15,18:40,3U8965,Sichuan Airlines,Duration: 2h 40m,"1063 miles, 1710 km",Airbus A321,194,EU 7413 /MF 5651 /MU 3557 /CZ 9227 /HO 5930,Meal (none specific)
PVG,2026-02-15,18:45,CZ3261,China Southern,Duration: 2h 45m,"1029 miles, 1656 km",Boeing 737-800 Passenger,172,BA 2028,Meal (none specific)
PVG,2026-02-15,18:45,FM7350,Shanghai Airlines,Duration: 3h 15m,"1048 miles, 1686 km",Boeing 737-500 (winglets) Passenger,166,,Meal (none specific)
PVG,2026-02-15,18:45,MU542,China Eastern,Duration: 4h 10m,"1809 miles, 2911 km",Airbus A350-900,288,FM 3062 /HO 3516 /KQ 5250,Meal (none specific)
PVG,2026-02-15,18:45,UA857,United,Duration: 13h 50m,"6172 miles, 9931 km",Boeing 777-300ER,350,CA 7210,Meal (none specific)
PVG,2026-02-15,18:50,CZ8248,China Southern,Duration: 2h 50m,"824 miles, 1326 km",Airbus A321,188,,Meal (none specific)
PVG,2026-02-15,18:50,CZ6225,China Southern,Duration: 1h 35m,"364 miles, 586 km",Airbus A320,158,BA 2009,Meal (none specific)
PVG,2026-02-15,18:50,CZ3755,China Southern,Duration: 2h 20m,"821 miles, 1321 km",Boeing 737-800 Passenger,172,,Meal (none specific)
PVG,2026-02-15,18:50,HO1008,Juneyao Airlines,Duration: 2h 20m,"794 miles, 1278 km",Airbus A320,159,3U 4412 /MF 7801 /MU 3601 /CZ 11 /ZH 5002,Meal (none specific)
PVG,2026-02-15,18:50,MU9759,China Eastern,Duration: 3h 25m,"1499 miles, 2412 km",Boeing 737 Passenger,168,HO 5570 /MF 2341 /EY 5911,Meal (none specific)
PVG,2026-02-15,18:55,9C7422,Spring Airlines,Duration: 4h 5m,"1809 miles, 2911 km",Airbus A320,180,,Meal (none specific)
PVG,2026-02-15,18:55,MU738,China Eastern,Duration: 9h 55m,"5010 miles, 8061 km",Boeing 787-9,296,QF 4039 /LA 8747 /AF 5241,Meal (none specific)
PVG,2026-02-15,18:55,UA198,United,Duration: 14h 10m,"6508 miles, 10471 km",Boeing 787-9,259,CA 7212,Meal (none specific)
PVG,2026-02-15,19:00,9C6538,Spring Airlines,Duration: 2h 0m,"535 miles, 861 km",Airbus A320,180,,Meal (none specific)
PVG,2026-02-15,19:00,9C8560,Spring Airlines,Duration: 2h 20m,"513 miles, 825 km",Airbus A320,180,,Meal (none specific)
PVG,2026-02-15,19:00,9C6566,Spring Airlines,Duration: 3h 0m,"817 miles, 1315 km",Airbus A320,180,,Meal (none specific)
PVG,2026-02-15,19:00,CI583,China Airlines,Duration: 2h 25m,"602 miles, 969 km",Boeing 737-800 Passenger,172,,Meal (none specific)
PVG,2026-02-15,19:05,BR706,EVA Air,Duration: 2h 15m,"602 miles, 969 km",Airbus A321,193,HO 3190,Meal (none specific)
PVG,2026-02-15,19:05,CA4223,Air China,Duration: 2h 30m,"965 miles, 1553 km",Airbus A320,158,LH 7137 /SC 5287 /ZH 4375,Meal (none specific)
PVG,2026-02-15,19:05,MU5626,China Eastern,Duration: 2h 15m,"543 miles, 874 km",Airbus A320,158,HO 5707 /MF 3904 /QF 4037 /EY 5709,Meal (none specific)
PVG,2026-02-15,19:05,SC7638,Shandong Airlines,Duration: 2h 45m,"1011 miles, 1627 km",Boeing 737-800 Passenger,167,,Meal (none specific)
PVG,2026-02-15,19:10,CZ6251,China Southern,Duration: 3h 10m,"1048 miles, 1686 km",Airbus A320,158,,Meal (none specific)
PVG,2026-02-15,19:10,FM830,Shanghai Airlines,Duration: 2h 20m,"501 miles, 806 km",Boeing 737-500 (winglets) Passenger,166,MU 8606 /KE 5891,Meal (none specific)
PVG,2026-02-15,19:10,FM9258,Shanghai Airlines,Duration: 1h 45m,"511 miles, 822 km",Boeing 737-500 (winglets) Passenger,166,MU 8390,Meal (none specific)
PVG,2026-02-15,19:10,MU6012,China Eastern,Duration: 3h 0m,"1209 miles, 1945 km",Airbus A321,177,VN 3552,Meal (none specific)
PVG,2026-02-15,19:10,MU6212,China Eastern,Duration: 3h 0m,"1011 miles, 1627 km",Airbus A320neo,158,MF 7476 /EY 5838 /AF 9290,Meal (none specific)
PVG,2026-02-15,19:10,MU2008,China Eastern,Duration: 2h 25m,"805 miles, 1295 km",Airbus A321,177,FM 3006 /HO 3502,Meal (none specific)
PVG,2026-02-15,19:15,AF116,Air France,Duration: 12h 45m,"5789 miles, 9315 km",Boeing 777-200 / 200ER,328,KL 2188 /MU 1504,Meal (none specific)
PVG,2026-02-15,19:15,CA8546,Air China,Duration: 3h 25m,"1098 miles, 1767 km",Airbus A321,180,,Meal (none specific)
PVG,2026-02-15,19:15,FM896,Shanghai Airlines,Duration: 3h 5m,"1085 miles, 1746 km",Boeing 787-9,285,MU 8634 /JL 8261,Meal (none specific)
PVG,2026-02-15,19:15,HO1164,Juneyao Airlines,Duration: 2h 0m,"543 miles, 874 km",Airbus A320,159,3U 4482 /MF 7725 /MU 3687 /CZ 97 /ZH 5088,Meal (none specific)
PVG,2026-02-15,19:15,HU7727,Hainan Airlines,Duration: 2h 10m,"769 miles, 1237 km",Boeing 787,271,,Meal (none specific)
PVG,2026-02-15,19:15,MF8531,XiamenAir,Duration: 3h 0m,"1011 miles, 1627 km",Boeing 737-800 Passenger,172,3U 2629 /CZ 4428 /G5 9301 /HO 7272 /NS 8531,Meal (none specific)
PVG,2026-02-15,19:20,3U8203,Sichuan Airlines,Duration: 3h 5m,"1227 miles, 1974 km",Airbus A320,165,G5 8703 /MF 5449 /CZ 9029 /HO 5812 /QW 9943,Meal (none specific)
PVG,2026-02-15,19:20,MU720,China Eastern,Duration: 3h 20m,"911 miles, 1466 km",Airbus A320neo,158,HO 3534 /JL 5619,Meal (none specific)
PVG,2026-02-15,19:20,MU208,China Eastern,Duration: 14h 55m,"7131 miles, 11474 km",Boeing 777-300ER,316,,Meal (none specific)
PVG,2026-02-15,19:25,CZ6765,China Southern,Duration: 2h 45m,"1052 miles, 1693 km",Airbus A321,188,,Meal (none specific)
PVG,2026-02-15,19:25,NS3217,Hebei Airlines,Duration: 2h 5m,"636 miles, 1023 km",Boeing 737-800 Passenger,177,RY 2009 /MF 7008 /CZ 1408,Meal (none specific)
PVG,2026-02-15,19:30,CA4555,Air China,Duration: 2h 35m,"912 miles, 1467 km",Boeing 737-800 Passenger,167,NZ 3723 /SC 5281 /ZH 4581,Meal (none specific)
PVG,2026-02-15,19:30,JL89,JAL,Duration: 3h 40m,"1085 miles, 1746 km",Boeing 787-8,211,FM 1020 /MU 4183,Meal (none specific)
PVG,2026-02-15,19:30,MU716,China Eastern,Duration: 10h 20m,"4568 miles, 7350 km",Airbus A350-900,288,QF 4089 /AF 4412,Meal (none specific)
PVG,2026-02-15,19:30,MU562,China Eastern,Duration: 10h 30m,"4915 miles, 7908 km",Airbus A350-900,288,QF 4031 /LA 8749 /AF 5299,Meal (none specific)
PVG,2026-02-15,19:35,3U3269,Sichuan Airlines,Duration: 2h 15m,"794 miles, 1278 km",Airbus A320,165,EU 7037 /G5 6267 /GJ 3027 /MF 5087 /CZ 4673 /HO 5776 /QW 6019,Meal (none specific)
PVG,2026-02-15,19:35,CZ6553,China Southern,Duration: 2h 55m,"917 miles, 1475 km",Airbus A320,158,,Meal (none specific)
PVG,2026-02-15,19:35,HO1032,Juneyao Airlines,Duration: 2h 20m,"680 miles, 1094 km",Airbus A320,159,,Meal (none specific)
PVG,2026-02-15,19:35,KY8207,Kunming Airlines,Duration: 2h 55m,"1227 miles, 1974 km",Boeing 737-800 Passenger,160,ZH 5411 /TV 8149,Meal (none specific)
PVG,2026-02-15,19:35,MU5028,China Eastern,Duration: 1h 40m,"321 miles, 516 km",Airbus A320,158,,Meal (none specific)
PVG,2026-02-15,19:35,MU5088,China Eastern,Duration: 2h 20m,"535 miles, 861 km",Airbus A320neo,158,JL 5659,Meal (none specific)
PVG,2026-02-15,19:40,9C6592,Spring Airlines,Duration: 2h 55m,"817 miles, 1315 km",Airbus A320,180,,Meal (none specific)
PVG,2026-02-15,19:40,CA8911,Air China,Duration: 1h 55m,"543 miles, 874 km",Boeing 737-800 Passenger,167,NZ 3878 /SC 5327,Meal (none specific)
PVG,2026-02-15,19:40,HU7757,Hainan Airlines,Duration: 2h 0m,"556 miles, 895 km",Boeing 737-800 Passenger,179,GJ 3771,Meal (none specific)
PVG,2026-02-15,19:40,NX102,Air Macau,Duration: 2h 35m,"805 miles, 1295 km",Airbus A321,179,CA 5472 /SC 248 /ZH 3372,Meal (none specific)
PVG,2026-02-15,19:45,MU522,China Eastern,Duration: 3h 50m,"1123 miles, 1807 km",Airbus A350-900,288,FM 3040 /JL 9569,Meal (none specific)
PVG,2026-02-15,19:50,CA196,Air China,Duration: 2h 0m,"423 miles, 681 km",Airbus A330-300,302,B7 7010 /BR 2782,Meal (none specific)
PVG,2026-02-15,19:50,CZ6525,China Southern,Duration: 2h 10m,"543 miles, 874 km",Airbus A321neo,198,BA 2007,Meal (none specific)
PVG,2026-02-15,19:50,CZ6519,China Southern,Duration: 2h 40m,"734 miles, 1181 km",Airbus A320neo,166,,Meal (none specific)
PVG,2026-02-15,19:50,GS7873,Tianjin Airlines,Duration: 2h 15m,"608 miles, 978 km",Airbus A320,170,HU 3261,Meal (none specific)
PVG,2026-02-15,19:55,9C6760,Spring Airlines,Duration: 2h 25m,"734 miles, 1181 km",Airbus A320,180,,Meal (none specific)
PVG,2026-02-15,19:55,MU5817,China Eastern,Duration: 2h 55m,"1227 miles, 1974 km",Boeing 737-500 (winglets) Passenger,168,3U 5359 /MF 7333 /QF 4060 /AF 5293,Meal (none specific)
PVG,2026-02-15,19:55,MU6458,China Eastern,Duration: 2h 45m,"1029 miles, 1656 km",Airbus A320,158,MF 7562 /EY 5887,Meal (none specific)
PVG,2026-02-15,20:00,EU6677,Chengdu Airlines,Duration: 2h 25m,"1063 miles, 1710 km",Airbus A320,175,GJ 5333 /3U 5793 /MU 3159 /TV 5043 /CZ 9657,Meal (none specific)
PVG,2026-02-15,20:00,FM828,Shanghai Airlines,Duration: 2h 35m,"513 miles, 825 km",Boeing 737-500 (winglets) Passenger,166,MU 8604 /KE 5893,Meal (none specific)
PVG,2026-02-15,20:00,FM9244,Shanghai Airlines,Duration: 1h 30m,"328 miles, 528 km",Boeing 737-500 (winglets) Passenger,166,MU 8578,Meal (none specific)
PVG,2026-02-15,20:00,HO1252,Juneyao Airlines,Duration: 2h 15m,"655 miles, 1054 km",Airbus A320,159,3U 4532 /MF 7765 /MU 3741 /CZ 151 /ZH 5142,Meal (none specific)
PVG,2026-02-15,20:05,9C8522,Spring Airlines,Duration: 4h 50m,"2207 miles, 3551 km",Airbus A320,180,,Meal (none specific)
PVG,2026-02-15,20:05,CA8121,Air China,Duration: 2h 50m,"875 miles, 1408 km",Boeing 737-800 Passenger,167,SC 5468,Meal (none specific)
PVG,2026-02-15,20:05,CA8568,Air China,Duration: 1h 20m,"232 miles, 373 km",Airbus A321,180,HO 5755 /LH 7087 /ZH 4846,Meal (none specific)
PVG,2026-02-15,20:05,CZ3096,China Southern,Duration: 2h 0m,"423 miles, 681 km",Boeing 777-300ER,361,CI 8501,Meal (none specific)
PVG,2026-02-15,20:10,3U3313,Sichuan Airlines,Duration: 3h 20m,"1048 miles, 1686 km",Airbus A321,194,CZ 4693 /EU 7055 /G5 8659 /HO 5780 /MF 5111,Meal (none specific)
PVG,2026-02-15,20:10,MU5418,China Eastern,Duration: 2h 40m,"1063 miles, 1710 km",Airbus A321,177,3U 5264 /MF 3776 /QF 4286 /KL 8815 /EY 5774 /AF 4417,Meal (none specific)
PVG,2026-02-15,20:10,MU510,China Eastern,Duration: 2h 30m,"784 miles, 1261 km",Airbus A320,158,FM 3024 /HO 3508,Meal (none specific)
PVG,2026-02-15,20:10,MU6346,China Eastern,Duration: 1h 25m,"482 miles, 776 km",Airbus A320neo,158,HO 5397 /MF 7526 /EY 5811,Meal (none specific)
PVG,2026-02-15,20:10,MU2548,China Eastern,Duration: 2h 30m,"692 miles, 1113 km",Boeing 737-500 (winglets) Passenger,168,HO 5675 /MF 3303 /EY 5850,Meal (none specific)
PVG,2026-02-15,20:10,MU6482,China Eastern,Duration: 2h 45m,"824 miles, 1326 km",Airbus A320neo,158,,Meal (none specific)
PVG,2026-02-15,20:15,9C8878,Spring Airlines,Duration: 2h 20m,"602 miles, 969 km",Airbus A320,180,,Meal (none specific)
PVG,2026-02-15,20:15,CA4535,Air China,Duration: 2h 45m,"1063 miles, 1710 km",Airbus A321neo,197,LH 7071 /NZ 3721 /SC 5504 /ZH 4565,Meal (none specific)
PVG,2026-02-15,20:15,CX364,Cathay Pacific,Duration: 2h 45m,"784 miles, 1261 km",Airbus A330-300,286,,Meal (none specific)
PVG,2026-02-15,20:15,MU5228,China Eastern,Duration: 2h 15m,"608 miles, 978 km",Boeing 737-500 (winglets) Passenger,168,MF 3622 /KL 8728,Meal (none specific)
PVG,2026-02-15,20:15,MU5603,China Eastern,Duration: 2h 35m,"990 miles, 1593 km",Airbus A320,158,HO 5698 /EY 5719,Meal (none specific)
PVG,2026-02-15,20:20,AI352,Air India,Duration: 5h 50m,"2680 miles, 4312 km",Boeing 787-8,256,,Meal (none specific)
PVG,2026-02-15,20:20,KN2320,China United Airlines,Duration: 2h 20m,"636 miles, 1023 km",Boeing 737 Passenger,178,MU 8012,Meal (none specific)
PVG,2026-02-15,20:20,MU5661,China Eastern,Duration: 1h 30m,"384 miles, 618 km",Airbus A320,158,HO 5507 /MF 3927 /QF 4003 /KL 8739 /EY 5730,Meal (none specific)
PVG,2026-02-15,20:20,MU5630,China Eastern,Duration: 2h 50m,"734 miles, 1181 km",Airbus A320,158,MF 3906,Meal (none specific)
PVG,2026-02-15,20:20,MU5220,China Eastern,Duration: 2h 5m,"695 miles, 1118 km",Boeing 737-200 Mixed Configuration,75,MF 3614 /QF 4280 /AF 9287,Meal (none specific)
PVG,2026-02-15,20:20,MU6762,China Eastern,Duration: 4h 45m,"2068 miles, 3327 km",Airbus A320neo,158,,Meal (none specific)
PVG,2026-02-15,20:25,9C8868,Spring Airlines,Duration: 2h 30m,"912 miles, 1467 km",Airbus A320,180,,Meal (none specific)
PVG,2026-02-15,20:25,CA8310,Air China,Duration: 2h 10m,"723 miles, 1163 km",Airbus A320,158,SC 5464 /ZH 4210,Meal (none specific)
PVG,2026-02-15,20:25,HO1180,Juneyao Airlines,Duration: 3h 10m,"1048 miles, 1686 km",Airbus A320,159,,Meal (none specific)
PVG,2026-02-15,20:25,KE891,Korean Air,Duration: 2h 25m,"513 miles, 825 km",Boeing 737MAX 8 Passenger,153,FM 8754 /MF 9088 /MU 8932,Meal (none specific)
PVG,2026-02-15,20:25,MU5614,China Eastern,Duration: 3h 20m,"1048 miles, 1686 km",Airbus A320,158,HO 5717 /MF 3892 /QF 4005 /KL 8744 /AF 5296,Meal (none specific)
PVG,2026-02-15,20:25,MU5006,China Eastern,Duration: 1h 45m,"423 miles, 681 km",Airbus A330-200,234,CI 8003,Meal (none specific)
PVG,2026-02-15,20:30,HO1060,Juneyao Airlines,Duration: 2h 30m,"1036 miles, 1667 km",Airbus A320,159,3U 4430 /CZ 37 /MU 3627 /ZH 5028 /MF 7633,Meal (none specific)
PVG,2026-02-15,20:30,MU2536,China Eastern,Duration: 2h 0m,"573 miles, 922 km",Boeing 737-500 (winglets) Passenger,168,HO 5685 /MF 3295 /EY 5972,Meal (none specific)
PVG,2026-02-15,20:30,MU2164,China Eastern,Duration: 2h 30m,"794 miles, 1278 km",Airbus A319,122,MF 3046 /KL 8830 /AF 9495,Meal (none specific)
PVG,2026-02-15,20:40,9C7260,Spring Airlines,Duration: 5h 10m,"2279 miles, 3667 km",Airbus A320,180,,Meal (none specific)
PVG,2026-02-15,20:45,CA4239,Air China,Duration: 2h 35m,"897 miles, 1443 km",Airbus A319,128,SC 5512 /ZH 4387,Meal (none specific)
PVG,2026-02-15,20:45,CZ6141,China Southern,Duration: 3h 25m,"1048 miles, 1686 km",Airbus A320neo,166,,Meal (none specific)
PVG,2026-02-15,20:45,CZ6507,China Southern,Duration: 2h 45m,"734 miles, 1181 km",Airbus A320neo,166,BA 2023,Meal (none specific)
PVG,2026-02-15,20:45,CZ3543,China Southern,Duration: 1h 50m,"451 miles, 726 km",Boeing 737-800 Passenger,172,BA 2000,Meal (none specific)
PVG,2026-02-15,20:45,FM9394,Shanghai Airlines,Duration: 1h 50m,"556 miles, 895 km",Boeing 737-500 (winglets) Passenger,166,MU 8470,Meal (none specific)
PVG,2026-02-15,20:50,FM841,Shanghai Airlines,Duration: 3h 10m,"917 miles, 1475 km",Boeing 737 Mixed Configuration,76,,Meal (none specific)
PVG,2026-02-15,20:55,9C7280,Spring Airlines,Duration: 4h 5m,"1809 miles, 2911 km",Airbus A320,180,,Meal (none specific)
PVG,2026-02-15,20:55,HX232,Hong Kong Airlines,Duration: 2h 35m,"784 miles, 1261 km",Airbus A320,164,,Meal (none specific)
PVG,2026-02-15,21:00,HO1324,Juneyao Airlines,Duration: 4h 55m,"2207 miles, 3551 km",Airbus A320neo,164,MU 3958,Meal (none specific)
PVG,2026-02-15,21:00,HO1216,Juneyao Airlines,Duration: 2h 30m,"794 miles, 1278 km",Airbus A320,159,3U 4510 /CZ 125 /MF 7643 /MU 3715 /ZH 5116,Meal (none specific)
PVG,2026-02-15,21:00,ZH9527,Shenzhen Airlines,Duration: 2h 20m,"769 miles, 1237 km",Boeing 737-800 Passenger,164,CA 3637 /HO 5304 /SC 9449,Meal (none specific)
PVG,2026-02-15,21:05,EK304,Emirates,Duration: 7h 50m,"4028 miles, 6481 km",Boeing 777-300ER,355,,Meal (none specific)
PVG,2026-02-15,21:05,MU206,China Eastern,Duration: 4h 30m,"1669 miles, 2685 km",Boeing 737-500 (winglets) Passenger,168,HO 3520,Meal (none specific)
PVG,2026-02-15,21:05,MU5608,China Eastern,Duration: 2h 35m,"734 miles, 1181 km",Airbus A350-900,288,HO 5547 /MF 3886 /QF 4284 /EY 5739 /AF 5240,Meal (none specific)
PVG,2026-02-15,21:05,OZ367,Asiana,Duration: 2h 5m,"513 miles, 825 km",Airbus A321neo,187,HO 3109,Meal (none specific)
PVG,2026-02-15,21:10,FM9064,Shanghai Airlines,Duration: 3h 0m,"1048 miles, 1686 km",Boeing 737 Mixed Configuration,76,MU 8302,Meal (none specific)
PVG,2026-02-15,21:10,FM822,Shanghai Airlines,Duration: 3h 10m,"817 miles, 1315 km",Boeing 737-500 (winglets) Passenger,166,MU 8650 /JL 8273,Meal (none specific)
PVG,2026-02-15,21:10,MU6124,China Eastern,Duration: 2h 20m,"543 miles, 874 km",Airbus A320neo,158,,Meal (none specific)
PVG,2026-02-15,21:10,MU2543,China Eastern,Duration: 1h 40m,"451 miles, 726 km",Boeing 737-500 (winglets) Passenger,168,MF 3300 /QF 4006 /AF 5244,Meal (none specific)
PVG,2026-02-15,21:15,DZ6207,Donghai Airlines,Duration: 2h 50m,"769 miles, 1237 km",Boeing 737 Passenger,173,,Meal (none specific)
PVG,2026-02-15,21:15,FM7288,Shanghai Airlines,Duration: 4h 50m,"2207 miles, 3551 km",Boeing 737-500 (winglets) Passenger,166,MU 8314,Meal (none specific)
PVG,2026-02-15,21:15,GY7201,Colorful GuiZhou Airlines,Duration: 2h 35m,"965 miles, 1553 km",Airbus A321,196,,Meal (none specific)
PVG,2026-02-15,21:15,HO1602,Juneyao Airlines,Duration: 5h 5m,"2377 miles, 3825 km",Boeing 787-9,324,MU 3982,Meal (none specific)
PVG,2026-02-15,21:15,MU6222,China Eastern,Duration: 5h 25m,"2629 miles, 4230 km",Boeing 737 Mixed Configuration,76,,Meal (none specific)
PVG,2026-02-15,21:20,CZ3597,China Southern,Duration: 2h 5m,"537 miles, 864 km",Boeing 737-800 Passenger,172,,Meal (none specific)
PVG,2026-02-15,21:20,MU5466,China Eastern,Duration: 1h 20m,"394 miles, 634 km",Airbus A320neo,158,HO 5695 /MF 3806 /QF 4073 /EY 5979 /AF 5209,Meal (none specific)
PVG,2026-02-15,21:20,MU7310,China Eastern,Duration: 10h 20m,"5010 miles, 8061 km",Boeing 787-9,296,AF 5243,Meal (none specific)
PVG,2026-02-15,21:20,PN6437,West Air (China),Duration: 2h 10m,"912 miles, 1467 km",Airbus A320,180,,Meal (none specific)
PVG,2026-02-15,21:20,PN6581,West Air (China),Duration: 3h 20m,"1343 miles, 2161 km",Airbus A320,180,,Meal (none specific)
PVG,2026-02-15,21:25,9C7282,Spring Airlines,Duration: 4h 10m,"1809 miles, 2911 km",Airbus A320,180,,Meal (none specific)
PVG,2026-02-15,21:25,FM9358,Shanghai Airlines,Duration: 2h 10m,"821 miles, 1321 km",Boeing 737 Mixed Configuration,76,MU 8454,Meal (none specific)
PVG,2026-02-15,21:25,MU5594,China Eastern,Duration: 1h 45m,"364 miles, 586 km",Airbus A321,177,MF 3878 /QF 4054 /AF 5237,Meal (none specific)
PVG,2026-02-15,21:25,NH971,ANA,Duration: 3h 45m,"1085 miles, 1746 km",Boeing 767-300 Passenger,270,CA 6698 /HO 3138,Meal (none specific)
PVG,2026-02-15,21:30,FM886,Shanghai Airlines,Duration: 5h 30m,"2371 miles, 3815 km",Boeing 787-9,285,MU 8642,Meal (none specific)
PVG,2026-02-15,21:35,FM9524,Shanghai Airlines,Duration: 1h 0m,"232 miles, 373 km",Boeing 737 Mixed Configuration,76,KN 3054 /MU 8530,Meal (none specific)
PVG,2026-02-15,21:35,MU5506,China Eastern,Duration: 1h 35m,"384 miles, 618 km",Boeing 737-500 (winglets) Passenger,168,MF 3820 /HO 5483 /QF 4295 /EY 6011 /AF 7862,Meal (none specific)
PVG,2026-02-15,21:35,MU568,China Eastern,Duration: 5h 20m,"2377 miles, 3825 km",Boeing 777-300ER,316,HO 3512 /QF 4090 /GA 9021,Meal (none specific)
PVG,2026-02-15,21:35,MU5352,China Eastern,Duration: 2h 15m,"769 miles, 1237 km",Airbus A321,177,HO 5517 /MF 3721 /QF 4056 /KL 8817 /EY 5738 /AF 5274,Meal (none specific)
PVG,2026-02-15,21:40,Y87560,Suparna Airlines,Duration: 2h 30m,"734 miles, 1181 km",Boeing 737-800 Passenger,181,HU 4738,Meal (none specific)
PVG,2026-02-15,21:45,9C7748,Spring Airlines,Duration: 3h 0m,"1110 miles, 1786 km",Airbus A320,180,,Meal (none specific)
PVG,2026-02-15,21:55,FM9328,Shanghai Airlines,Duration: 1h 55m,"537 miles, 864 km",Boeing 737-200 Mixed Configuration,75,MU 8428,Meal (none specific)
PVG,2026-02-15,21:55,MU6290,China Eastern,Duration: 2h 45m,"1112 miles, 1789 km",Airbus A319,122,HO 5323 /MF 7500 /EY 5757,Meal (none specific)
PVG,2026-02-15,21:55,MU274,China Eastern,Duration: 4h 20m,"1362 miles, 2191 km",Airbus A321,177,JL 9579,Meal (none specific)
PVG,2026-02-15,21:55,MU6584,China Eastern,Duration: 2h 35m,"936 miles, 1506 km",Airbus A320,158,HO 5343 /MF 2200 /EY 5885,Meal (none specific)
PVG,2026-02-15,21:55,MU9008,China Eastern,Duration: 2h 0m,"619 miles, 996 km",Airbus A319,122,KL 8690,Meal (none specific)
PVG,2026-02-15,22:00,9C8666,Spring Airlines,Duration: 4h 50m,"2207 miles, 3551 km",Airbus A320,180,,Meal (none specific)
PVG,2026-02-15,22:00,CX362,Cathay Pacific,Duration: 2h 45m,"784 miles, 1261 km",Boeing 777-300,438,,Meal (none specific)
PVG,2026-02-15,22:00,HO2352,Juneyao Airlines,Duration: 3h 5m,"1227 miles, 1974 km",Airbus A320neo,164,,Meal (none specific)
PVG,2026-02-15,22:00,IJ5,Spring Japan,Duration: 3h 40m,"1123 miles, 1807 km",Boeing 737 Passenger,189,,Meal (none specific)
PVG,2026-02-15,22:05,CA4591,Air China,Duration: 3h 5m,"1036 miles, 1667 km",Airbus A320neo,158,SC 5490 /ZH 4991,Meal (none specific)
PVG,2026-02-15,22:05,MU5164,China Eastern,Duration: 2h 35m,"685 miles, 1102 km",Airbus A321,177,HO 5439 /MF 3576 /QF 4008 /AF 7863,Meal (none specific)
PVG,2026-02-15,22:10,9C7076,Spring Airlines,Duration: 2h 50m,"824 miles, 1326 km",Airbus A320,180,,Meal (none specific)
PVG,2026-02-15,22:10,FM834,Shanghai Airlines,Duration: 4h 20m,"1809 miles, 2911 km",Boeing 737 Mixed Configuration,76,MU 8644,Meal (none specific)
PVG,2026-02-15,22:10,SC4605,Shandong Airlines,Duration: 1h 50m,"364 miles, 586 km",Boeing 737-800 Passenger,167,ZH 2631 /G5 6473 /CA 4711 /TV 3141,Meal (none specific)
PVG,2026-02-15,22:10,Y87572,Suparna Airlines,Duration: 2h 15m,"934 miles, 1503 km",Boeing 737-800 Passenger,181,,Meal (none specific)
PVG,2026-02-15,22:15,CA756,Air China,Duration: 3h 0m,"1209 miles, 1945 km",Airbus A321,180,,Meal (none specific)
PVG,2026-02-15,22:15,CA8334,Air China,Duration: 2h 40m,"875 miles, 1408 km",Airbus A320,158,SC 5466 /ZH 4766,Meal (none specific)
PVG,2026-02-15,22:15,CA920,Air China,Duration: 3h 45m,"1123 miles, 1807 km",Airbus A321,180,,Meal (none specific)
PVG,2026-02-15,22:20,9C6218,Spring Airlines,Duration: 3h 40m,"1123 miles, 1807 km",Airbus A320,180,,Meal (none specific)
PVG,2026-02-15,22:20,HO2210,Juneyao Airlines,Duration: 2h 50m,"917 miles, 1475 km",Airbus A320,159,,Meal (none specific)
PVG,2026-02-15,22:20,MU5318,China Eastern,Duration: 2h 10m,"751 miles, 1208 km",Airbus A320,158,MF 3688 /SV 6925 /DL 6382 /EY 5705 /AF 9298,Meal (none specific)
PVG,2026-02-15,22:20,MU9154,China Eastern,Duration: 3h 5m,"1182 miles, 1902 km",Airbus A320neo,158,,Meal (none specific)
PVG,2026-02-15,22:20,MU5300,China Eastern,Duration: 1h 20m,"232 miles, 373 km",Airbus A350-900,288,KN 6546 /HO 5326 /MF 3672 /EY 5906 /AF 5246,Meal (none specific)
PVG,2026-02-15,22:20,SQ836,Singapore Airlines,Duration: 5h 20m,"2377 miles, 3825 km",Boeing 787,337,CA 5267 /ET 1327 /VA 5756,Meal (none specific)
PVG,2026-02-15,22:25,CZ370,China Southern,Duration: 2h 20m,"513 miles, 825 km",Airbus A321,188,,Meal (none specific)
PVG,2026-02-15,22:30,9C8936,Spring Airlines,Duration: 3h 0m,"917 miles, 1475 km",Airbus A320,180,,Meal (none specific)
PVG,2026-02-15,22:30,9C8568,Spring Airlines,Duration: 1h 35m,"321 miles, 516 km",Airbus A320,180,,Meal (none specific)
PVG,2026-02-15,22:30,CA8326,Air China,Duration: 2h 20m,"794 miles, 1278 km",Airbus A320,158,HO 5752 /NZ 3730 /SC 5368 /ZH 4758,Meal (none specific)
PVG,2026-02-15,22:30,CZ5533,China Southern,Duration: 2h 0m,"543 miles, 874 km",Airbus A320neo,166,,Meal (none specific)
PVG,2026-02-15,22:30,HO1868,Juneyao Airlines,Duration: 2h 15m,"751 miles, 1208 km",Boeing 787-9,324,3U 4580 /CA 3286 /MF 7667 /MU 3816 /CZ 226 /ZH 5217,Meal (none specific)
PVG,2026-02-15,22:35,CA8552,Air China,Duration: 2h 30m,"1063 miles, 1710 km",Airbus A350-900,312,HO 5753 /NZ 3712 /SC 5498 /ZH 4836,Meal (none specific)
PVG,2026-02-15,22:35,CZ6373,China Southern,Duration: 3h 5m,"917 miles, 1475 km",Airbus A321,188,,Meal (none specific)
PVG,2026-02-15,22:35,MU5248,China Eastern,Duration: 1h 50m,"565 miles, 909 km",Airbus A319,122,HO 5403 /MF 3636 /EY 5797,Meal (none specific)
PVG,2026-02-15,22:35,MU2180,China Eastern,Duration: 1h 45m,"435 miles, 700 km",Airbus A320neo,158,HO 5437 /MF 3056 /QF 4274 /AF 9284,Meal (none specific)
PVG,2026-02-15,22:40,CZ8198,China Southern,Duration: 2h 40m,"1036 miles, 1667 km",Airbus A321,188,BA 2011,Meal (none specific)
PVG,2026-02-15,22:40,HO1058,Juneyao Airlines,Duration: 2h 40m,"1036 miles, 1667 km",Airbus A320neo,164,3U 4428 /MF 7711 /MU 3625 /CZ 35 /ZH 5026,Meal (none specific)
PVG,2026-02-15,22:40,MU540,China Eastern,Duration: 3h 25m,"1085 miles, 1746 km",Airbus A321,177,JL 5604,Meal (none specific)
PVG,2026-02-15,22:45,CA8574,Air China,Duration: 2h 40m,"1052 miles, 1693 km",Airbus A321,180,SC 5162 /ZH 4852,Meal (none specific)
PVG,2026-02-15,22:45,HO1188,Juneyao Airlines,Duration: 2h 35m,"734 miles, 1181 km",Airbus A320,159,3U 4496 /CZ 111 /MF 7769 /MU 3701 /ZH 5102,Meal (none specific)
PVG,2026-02-15,22:45,MU6014,China Eastern,Duration: 3h 0m,"1209 miles, 1945 km",Airbus A321,177,,Meal (none specific)
PVG,2026-02-15,22:45,MU5438,China Eastern,Duration: 2h 40m,"1227 miles, 1974 km",Airbus A320neo,158,3U 5278 /MF 3794 /QF 4285 /AF 7867,Meal (none specific)
PVG,2026-02-15,22:45,MU6450,China Eastern,Duration: 2h 5m,"927 miles, 1492 km",Airbus A320neo,158,HO 5725 /EY 5853,Meal (none specific)
PVG,2026-02-15,22:50,CZ8889,China Southern,Duration: 2h 20m,"655 miles, 1054 km",Airbus A321,188,,Meal (none specific)
PVG,2026-02-15,22:50,FM9426,Shanghai Airlines,Duration: 2h 15m,"912 miles, 1467 km",Boeing 787-9,285,MU 8486,Meal (none specific)
PVG,2026-02-15,22:50,MU6294,China Eastern,Duration: 3h 15m,"1098 miles, 1767 km",Airbus A320neo,158,MF 7504 /EY 5798,Meal (none specific)
PVG,2026-02-15,22:50,MU506,China Eastern,Duration: 2h 30m,"784 miles, 1261 km",Airbus A321,177,FM 3020,Meal (none specific)
PVG,2026-02-15,22:50,MU5130,China Eastern,Duration: 1h 55m,"655 miles, 1054 km",Airbus A320,158,CZ 1953 /KN 6498 /MF 3546 /QF 4002 /KL 8812 /SV 6844,Meal (none specific)
PVG,2026-02-15,22:55,CA8350,Air China,Duration: 3h 10m,"1182 miles, 1902 km",Airbus A321,180,,Meal (none specific)
PVG,2026-02-15,22:55,FM9240,Shanghai Airlines,Duration: 1h 35m,"336 miles, 541 km",Boeing 737-500 (winglets) Passenger,166,,Meal (none specific)
PVG,2026-02-15,22:55,HO1194,Juneyao Airlines,Duration: 2h 20m,"794 miles, 1278 km",Airbus A320,159,3U 4498 /MF 7763 /MU 3703 /CZ 113 /ZH 5104 /NH 9774,Meal (none specific)
PVG,2026-02-15,22:55,MU5622,China Eastern,Duration: 1h 55m,"543 miles, 874 km",Airbus A320neo,158,HO 5419 /MF 3900 /EY 5700 /AF 4854,Meal (none specific)
PVG,2026-02-15,22:55,MU6174,China Eastern,Duration: 1h 50m,"364 miles, 586 km",Airbus A320neo,158,AF 5283,Meal (none specific)
PVG,2026-02-15,23:00,9C7606,Spring Airlines,Duration: 3h 35m,"1446 miles, 2327 km",Airbus A320,180,,Meal (none specific)
PVG,2026-02-15,23:00,CZ6509,China Southern,Duration: 3h 0m,"734 miles, 1181 km",Airbus A321,188,BA 2027,Meal (none specific)
PVG,2026-02-15,23:00,HO1374,Juneyao Airlines,Duration: 1h 35m,"321 miles, 516 km",Airbus A320neo,164,OZ 6861,Meal (none specific)
PVG,2026-02-15,23:00,HU7231,Hainan Airlines,Duration: 2h 20m,"751 miles, 1208 km",Boeing 737-800 Passenger,179,,Meal (none specific)
PVG,2026-02-15,23:00,HU7428,Hainan Airlines,Duration: 3h 0m,"1036 miles, 1667 km",Boeing 737-800 Passenger,179,JD 4026,Meal (none specific)
PVG,2026-02-15,23:05,CZ3318,China Southern,Duration: 2h 5m,"619 miles, 996 km",Airbus A321,188,,Meal (none specific)
PVG,2026-02-15,23:05,FM9430,Shanghai Airlines,Duration: 2h 10m,"638 miles, 1027 km",Boeing 737-500 (winglets) Passenger,166,MU 8488,Meal (none specific)
PVG,2026-02-15,23:05,HO1286,Juneyao Airlines,Duration: 3h 0m,"917 miles, 1475 km",Airbus A320,159,3U 4542 /MF 7749 /MU 3751 /CZ 161 /ZH 5152 /NH 9776,Meal (none specific)
PVG,2026-02-15,23:05,HO1292,Juneyao Airlines,Duration: 2h 30m,"784 miles, 1261 km",Airbus A320,159,MU 3952,Meal (none specific)
PVG,2026-02-15,23:05,MU5286,China Eastern,Duration: 2h 45m,"1011 miles, 1627 km",Airbus A320,158,MF 3664 /EY 5803,Meal (none specific)
PVG,2026-02-15,23:10,7C8351,Jeju Air,Duration: 2h 10m,"501 miles, 806 km",Boeing 737-800 Passenger,186,H1 9924,Meal (none specific)
PVG,2026-02-15,23:10,9C8982,Spring Airlines,Duration: 2h 15m,"543 miles, 874 km",Airbus A320,180,,Meal (none specific)
PVG,2026-02-15,23:10,9C6900,Spring Airlines,Duration: 2h 0m,"501 miles, 806 km",Airbus A320,180,,Meal (none specific)
PVG,2026-02-15,23:10,MU6544,China Eastern,Duration: 2h 25m,"775 miles, 1247 km",Boeing 737-500 (winglets) Passenger,168,HO 5445 /MF 7586 /EY 5792,Meal (none specific)
PVG,2026-02-15,23:15,9C6524,Spring Airlines,Duration: 5h 20m,"2371 miles, 3815 km",Airbus A320,180,,Meal (none specific)
PVG,2026-02-15,23:15,9C8902,Spring Airlines,Duration: 2h 40m,"1011 miles, 1627 km",Airbus A320,180,,Meal (none specific)
PVG,2026-02-15,23:15,CA1866,Air China,Duration: 2h 20m,"751 miles, 1208 km",Airbus A350-900,312,HO 5742 /SC 5448 /ZH 1866,Meal (none specific)
PVG,2026-02-15,23:15,HO1200,Juneyao Airlines,Duration: 1h 35m,"364 miles, 586 km",Airbus A320,159,3U 4502 /CA 3250 /MF 7743 /MU 3707 /CZ 117 /ZH 5108,Meal (none specific)
PVG,2026-02-15,23:15,KN5987,China United Airlines,Duration: 2h 20m,"655 miles, 1054 km",Boeing 737 Passenger,178,MU 8243,Meal (none specific)
PVG,2026-02-15,23:15,MU5440,China Eastern,Duration: 1h 25m,"464 miles, 747 km",Airbus A319,122,HO 5715 /EY 5915,Meal (none specific)
PVG,2026-02-15,23:20,CA1883,Air China,Duration: 2h 20m,"685 miles, 1102 km",Airbus A350-900,312,HO 5743 /LY 8307 /NZ 3821 /SC 5406 /ZH 1883,Meal (none specific)
PVG,2026-02-15,23:20,CA826,Air China,Duration: 5h 30m,"2377 miles, 3825 km",Airbus A350-900,312,SQ 5884,Meal (none specific)
PVG,2026-02-15,23:20,HO1112,Juneyao Airlines,Duration: 1h 50m,"511 miles, 822 km",Airbus A320,159,3U 4448 /CA 3224 /MF 7629 /MU 3653 /CZ 63 /ZH 5054,Meal (none specific)
PVG,2026-02-15,23:20,Y87516,Suparna Airlines,Duration: 1h 50m,"482 miles, 776 km",Boeing 737-800 Passenger,181,HU 4718,Meal (none specific)
PVG,2026-02-15,23:25,KN5705,China United Airlines,Duration: 2h 25m,"776 miles, 1249 km",Boeing 737 Passenger,178,MU 8167,Meal (none specific)
PVG,2026-02-15,23:25,MU7354,China Eastern,Duration: 3h 35m,"1048 miles, 1686 km",Boeing 737-500 (winglets) Passenger,168,,Meal (none specific)
PVG,2026-02-15,23:25,MU6050,China Eastern,Duration: 5h 25m,"2377 miles, 3825 km",Airbus A321,177,,Meal (none specific)
PVG,2026-02-15,23:30,CZ6209,China Southern,Duration: 3h 30m,"1048 miles, 1686 km",Airbus A321neo,198,BA 2013,Meal (none specific)
PVG,2026-02-15,23:30,HO1264,Juneyao Airlines,Duration: 3h 10m,"1048 miles, 1686 km",Airbus A320,159,3U 4540 /CZ 159 /MF 7645 /MU 3749 /ZH 5150 /NH 9764,Meal (none specific)
PVG,2026-02-15,23:30,MU5815,China Eastern,Duration: 3h 0m,"1227 miles, 1974 km",Boeing 737 Passenger,168,3U 5357 /MF 7331,Meal (none specific)
PVG,2026-02-15,23:30,MU2310,China Eastern,Duration: 3h 0m,"1196 miles, 1924 km",Airbus A320neo,158,HO 5412 /MF 3137 /KL 8837 /EY 6012,Meal (none specific)
PVG,2026-02-15,23:35,HO2370,Juneyao Airlines,Duration: 2h 20m,"912 miles, 1467 km",Airbus A320,159,,Meal (none specific)
PVG,2026-02-15,23:35,HO1356,Juneyao Airlines,Duration: 6h 5m,"2806 miles, 4515 km",Boeing 787-9,324,,Meal (none specific)
PVG,2026-02-15,23:35,MU5690,China Eastern,Duration: 2h 35m,"875 miles, 1408 km",Boeing 737 Mixed Configuration,76,HO 5441 /MF 3952 /EY 5816,Meal (none specific)
PVG,2026-02-15,23:40,9C6618,Spring Airlines,Duration: 3h 25m,"1343 miles, 2161 km",Airbus A320,180,,Meal (none specific)
PVG,2026-02-15,23:40,HO1298,Juneyao Airlines,Duration: 2h 25m,"805 miles, 1295 km",Airbus A320,159,,Meal (none specific)
PVG,2026-02-15,23:40,HO1254,Juneyao Airlines,Duration: 2h 10m,"655 miles, 1054 km",Airbus A320,159,3U 4534 /MF 7715 /MU 3743 /CZ 153 /ZH 5144,Meal (none specific)
PVG,2026-02-15,23:40,HU7723,Hainan Airlines,Duration: 2h 15m,"769 miles, 1237 km",Boeing 737-800 Passenger,179,,Meal (none specific)
PVG,2026-02-15,23:40,HX234,Hong Kong Airlines,Duration: 2h 20m,"784 miles, 1261 km",Airbus A320,164,HU 8355,Meal (none specific)
PVG,2026-02-15,23:40,MU6256,China Eastern,Duration: 3h 25m,"1451 miles, 2335 km",Airbus A320neo,158,HO 5447 /MF 7496 /EY 5840,Meal (none specific)
PVG,2026-02-15,23:45,CA8316,Air China,Duration: 2h 35m,"734 miles, 1181 km",Airbus A321,180,SC 5438 /ZH 4752,Meal (none specific)
PVG,2026-02-15,23:45,HO1338,Juneyao Airlines,Duration: 2h 35m,"817 miles, 1315 km",Boeing 787-9,324,MU 3964 /NH 9754,Meal (none specific)
PVG,2026-02-15,23:45,MU5408,China Eastern,Duration: 2h 30m,"1063 miles, 1710 km",Boeing 787-9,296,,Meal (none specific)
PVG,2026-02-15,23:50,FM9124,Shanghai Airlines,Duration: 2h 40m,"632 miles, 1017 km",Boeing 737-500 (winglets) Passenger,166,MU 8342,Meal (none specific)
PVG,2026-02-15,23:55,CX302,Cathay Pacific,Duration: 2h 40m,"784 miles, 1261 km",Boeing 777-300,438,,Meal (none specific)
PVG,2026-02-15,23:55,FM9076,Shanghai Airlines,Duration: 2h 50m,"917 miles, 1475 km",Boeing 737 Mixed Configuration,76,MU 8569,Meal (none specific)
PVG,2026-02-15,23:55,HO2258,Juneyao Airlines,Duration: 1h 55m,"556 miles, 895 km",Airbus A320,159,,Meal (none specific)
PVG,2026-02-15,23:55,HO1238,Juneyao Airlines,Duration: 3h 15m,"1343 miles, 2161 km",Airbus A320neo,164,,Meal (none specific)
PVG,2026-02-15,23:55,HO2304,Juneyao Airlines,Duration: 2h 50m,"824 miles, 1326 km",Airbus A320,159,,Meal (none specific)
PVG,2026-02-15,10:10,MU2295,China Eastern,2h 10m,"824 miles, 1326 km",Airbus A320,159,,Meal (none specific)
PVG,2026-02-15,23:40,MU9030,China Eastern,2h 10m,"824 miles, 1326 km",Airbus A320,159,,Meal (none specific)
PVG,2026-02-15,20:40,CZ3969,China Southern,2h 5m,"824 miles, 1326 km",Airbus A320,159,,Meal (none specific)
PVG,2026-02-15,10:10,CZ3273,China Southern,2h 5m,"824 miles, 1326 km",Airbus A320,159,,Meal (none specific)
PVG,2026-02-15,21:35,CZ3586,China Southern,2h 25m,"824 miles, 1326 km",Airbus A320,159,,Meal (none specific)
PVG,2026-02-15,19:55,MU9012,China Eastern,1h 55m,"824 miles, 1326 km",Airbus A320,159,,Meal (none specific)
