date,day_name,airport,direction,time,flight,airline,duration,time_range,distance,aircraft,seats,codeshare,entertainment,meals,uid,airline_source,page_date_verified,scraped_at
18/3/2026,Wednesday,PKX,arrival,00:05,9C7206,Spring Airlines,2h 45m,22:20 - 00:05,"700 miles, 1126 km",Airbus A320,180,,,Meal (none specific),260318_9C7206_22200005,text,True,2026-02-15T15:01:44.425238
18/3/2026,Wednesday,PKX,arrival,00:05,CA8620,Air China,2h 35m,21:30 - 00:05,"813 miles, 1308 km",Boeing 737-800 Passenger,167,ZH 4884,,Meal (none specific),260318_CA8620_21300005,text,True,2026-02-15T15:01:44.791862
18/3/2026,Wednesday,PKX,arrival,00:05,CA8646,Air China,4h 10m,19:55 - 00:05,"1595 miles, 2566 km",Boeing 737-800 Passenger,167,ZH 4646,,Meal (none specific),260318_CA8646_19550005,text,True,2026-02-15T15:01:45.130426
18/3/2026,Wednesday,PKX,arrival,00:05,CZ8915,China Southern,3h 10m,20:55 - 00:05,"1059 miles, 1704 km",Airbus A321neo,198,,,Meal (none specific),260318_CZ8915_20550005,text,True,2026-02-15T15:01:45.490213
18/3/2026,Wednesday,PKX,arrival,00:05,SU6621,Aeroflot,3h 50m,19:15 - 00:05,"1572 miles, 2529 km",Airbus A319,128,,,Meal (none specific),260318_SU6621_19150005,text,True,2026-02-15T15:01:45.855114
18/3/2026,Wednesday,PKX,arrival,00:05,VJ3948,VietJet,5h 0m,18:05 - 00:05,"2082 miles, 3350 km",Airbus A320,180,H1 4278,,Meal (none specific),260318_VJ3948_18050005,text,True,2026-02-15T15:01:46.208370
18/3/2026,Wednesday,PKX,arrival,00:10,CZ8996,China Southern,3h 55m,20:15 - 00:10,"1524 miles, 2452 km",Airbus A320,158,,,Meal (none specific),260318_CZ8996_20150010,text,True,2026-02-15T15:01:46.553367
18/3/2026,Wednesday,PKX,arrival,00:10,CZ3107,China Southern,3h 10m,21:00 - 00:10,"1134 miles, 1825 km",Airbus A321neo,198,SV 6004,,Meal (none specific),260318_CZ3107_21000010,text,True,2026-02-15T15:01:46.899109
18/3/2026,Wednesday,PKX,arrival,00:10,CZ8860,China Southern,2h 25m,21:45 - 00:10,"684 miles, 1101 km",Airbus A320neo,166,,,Meal (none specific),260318_CZ8860_21450010,text,True,2026-02-15T15:01:47.252683
18/3/2026,Wednesday,PKX,arrival,00:10,MF8340,XiamenAir,3h 0m,21:10 - 00:10,"1134 miles, 1825 km",Airbus A321neo,208,MU 4685 /GJ 3880 /HO 7119 /G5 9330 /3U 2454 /NS 8340 /CZ 4253 /KL 3768,,Meal (none specific),260318_MF8340_21100010,text,True,2026-02-15T15:01:47.615474
18/3/2026,Wednesday,PKX,arrival,00:15,CZ8914,China Southern,2h 45m,21:30 - 00:15,"940 miles, 1512 km",Airbus A321,188,,,Meal (none specific),260318_CZ8914_21300015,text,True,2026-02-15T15:01:47.967850
18/3/2026,Wednesday,PKX,arrival,00:15,JD5108,Capital Airlines,3h 35m,20:40 - 00:15,"1526 miles, 2455 km",Airbus A320,169,,,Meal (none specific),260318_JD5108_20400015,text,True,2026-02-15T15:01:48.329403
18/3/2026,Wednesday,PKX,arrival,00:15,KN5890,China United Airlines,3h 25m,20:50 - 00:15,"1321 miles, 2125 km",Boeing 737 Passenger,178,MU 8208,,Meal (none specific),260318_KN5890_20500015,text,True,2026-02-15T15:01:48.692951
18/3/2026,Wednesday,PKX,arrival,00:15,MU6114,China Eastern,2h 25m,21:50 - 00:15,"752 miles, 1210 km",Airbus A321,177,CZ 1943 /KN 6594 /MF 7442 /EY 5855,,Meal (none specific),260318_MU6114_21500015,text,True,2026-02-15T15:01:49.043879
18/3/2026,Wednesday,PKX,arrival,00:15,VZ3718,Vietjet Thailand,4h 40m,18:35 - 00:15,"2034 miles, 3273 km",Airbus A320,180,,,Meal (none specific),260318_VZ3718_18350015,text,True,2026-02-15T15:01:49.402728
18/3/2026,Wednesday,PKX,arrival,00:20,CZ3285,China Southern,3h 15m,21:05 - 00:20,"1271 miles, 2045 km",Boeing 737-800 Passenger,172,,,Meal (none specific),260318_CZ3285_21050020,text,True,2026-02-15T15:01:49.762695
18/3/2026,Wednesday,PKX,arrival,00:25,KN5508,China United Airlines,2h 20m,22:05 - 00:25,"679 miles, 1093 km",Boeing 737 Passenger,178,MU 8124,,Meal (none specific),260318_KN5508_22050025,text,True,2026-02-15T15:01:50.124190
18/3/2026,Wednesday,PKX,arrival,00:25,MU5140,China Eastern,2h 10m,22:15 - 00:25,"684 miles, 1101 km",Boeing 737-500 (winglets) Passenger,168,KN 6506 /MF 3554,,Meal (none specific),260318_MU5140_22150025,text,True,2026-02-15T15:01:50.505319
18/3/2026,Wednesday,PKX,arrival,00:30,CZ6909,China Southern,4h 0m,20:30 - 00:30,"1523 miles, 2451 km",Boeing 737MAX 8 Passenger,175,,,Meal (none specific),260318_CZ6909_20300030,text,True,2026-02-15T15:01:50.868335
18/3/2026,Wednesday,PKX,arrival,00:30,KN5160,China United Airlines,2h 30m,22:00 - 00:30,"933 miles, 1501 km",Boeing 737 Passenger,178,MU 8072,,Meal (none specific),260318_KN5160_22000030,text,True,2026-02-15T15:01:51.251876
18/3/2026,Wednesday,PKX,arrival,00:35,MF8330,XiamenAir,3h 35m,21:00 - 00:35,"1405 miles, 2261 km",Airbus A321neo,208,MU 4681 /GJ 3876 /G5 9268 /3U 2446 /NS 8330 /CZ 4245 /KL 3772,,Meal (none specific),260318_MF8330_21000035,text,True,2026-02-15T15:01:51.631091
18/3/2026,Wednesday,PKX,arrival,00:40,CZ8963,China Southern,2h 25m,22:15 - 00:40,"679 miles, 1093 km",Airbus A321neo,198,,,Meal (none specific),260318_CZ8963_22150040,text,True,2026-02-15T15:01:51.994252
18/3/2026,Wednesday,PKX,arrival,00:40,KN5896,China United Airlines,3h 50m,20:50 - 00:40,"1532 miles, 2465 km",Boeing 737 Passenger,178,MU 8210,,Meal (none specific),260318_KN5896_20500040,text,True,2026-02-15T15:01:52.357875
18/3/2026,Wednesday,PKX,arrival,00:50,MU6312,China Eastern,2h 50m,22:00 - 00:50,"1134 miles, 1825 km",Airbus A321,177,KN 6739 /MF 7513 /SV 6849,,Meal (none specific),260318_MU6312_22000050,text,True,2026-02-15T15:01:52.720315
18/3/2026,Wednesday,PKX,arrival,00:50,MU6670,China Eastern,3h 10m,21:40 - 00:50,"1182 miles, 1902 km",Airbus A321,177,KN 6782 /MF 2232 /EY 5939,,Meal (none specific),260318_MU6670_21400050,text,True,2026-02-15T15:01:53.091136
18/3/2026,Wednesday,PKX,arrival,00:55,CZ3165,China Southern,2h 55m,22:00 - 00:55,"1134 miles, 1825 km",Boeing 737MAX 8 Passenger,175,,,Meal (none specific),260318_CZ3165_22000055,text,True,2026-02-15T15:01:53.432096
18/3/2026,Wednesday,PKX,arrival,00:55,JD5292,Capital Airlines,3h 0m,21:55 - 00:55,"1271 miles, 2045 km",Airbus A320,169,,,Meal (none specific),260318_JD5292_21550055,text,True,2026-02-15T15:01:53.793059
18/3/2026,Wednesday,PKX,arrival,00:55,MU6960,China Eastern,3h 35m,21:20 - 00:55,"1405 miles, 2261 km",Airbus A330-300,290,KN 6798 /MF 2292 /EY 5810,,Meal (none specific),260318_MU6960_21200055,text,True,2026-02-15T15:01:54.194036
18/3/2026,Wednesday,PKX,arrival,00:55,MU9852,China Eastern,3h 45m,21:10 - 00:55,"1523 miles, 2451 km",Airbus A321,177,KN 6812 /3U 5492 /MF 2366 /EY 5944,,Meal (none specific),260318_MU9852_21100055,text,True,2026-02-15T15:01:54.544336
18/3/2026,Wednesday,PKX,arrival,01:05,HZ5430,Aurora,3h 10m,23:55 - 01:05,"1119 miles, 1800 km",Airbus A319,128,,,Meal (none specific),260318_HZ5430_23550105,text,True,2026-02-15T15:01:54.891766
18/3/2026,Wednesday,PKX,arrival,01:05,SU5430,Aeroflot,3h 10m,23:55 - 01:05,"1119 miles, 1800 km",Airbus A319,128,,,Meal (none specific),260318_SU5430_23550105,text,True,2026-02-15T15:01:55.237055
18/3/2026,Wednesday,PKX,arrival,01:10,CA8616,Air China,2h 15m,22:55 - 01:10,"669 miles, 1076 km",Boeing 737-800 Passenger,167,ZH 4880,,Meal (none specific),260318_CA8616_22550110,text,True,2026-02-15T15:01:55.600093
18/3/2026,Wednesday,PKX,arrival,01:15,D7342,AirAsia X,6h 15m,19:00 - 01:15,"2717 miles, 4372 km",Airbus A330-300,358,,,Meal (none specific),260318_D7342_19000115,text,True,2026-02-15T15:01:55.974281
18/3/2026,Wednesday,PKX,arrival,01:35,UO260,HK Express,3h 30m,22:05 - 01:35,"1204 miles, 1937 km",Airbus A321,230,CX 5260,,Meal (none specific),260318_UO260_22050135,text,True,2026-02-15T15:01:56.313509
18/3/2026,Wednesday,PKX,arrival,04:45,S76311,S7 Airlines,3h 0m,01:45 - 04:45,"1060 miles, 1706 km",Boeing 737-800 (winglets) Passenger/BBJ2,176,,,Meal (none specific),260318_S76311_01450445,text,True,2026-02-15T15:01:56.673980
18/3/2026,Wednesday,PKX,arrival,05:10,CZ680,China Southern,8h 50m,15:20 - 05:10,"4425 miles, 7120 km",Boeing 787-9,288,3U 7116,,Meal (none specific),260318_CZ680_15200510,text,True,2026-02-15T15:01:57.046986
18/3/2026,Wednesday,PKX,arrival,05:10,S75723,S7 Airlines,4h 25m,23:45 - 05:10,"1892 miles, 3044 km",Airbus A321,206,,,Meal (none specific),260318_S75723_23450510,text,True,2026-02-15T15:01:57.426208
18/3/2026,Wednesday,PKX,arrival,05:50,MU2076,China Eastern,7h 35m,17:15 - 05:50,"3642 miles, 5860 km",Airbus A330-300,290,,,Meal (none specific),260318_MU2076_17150550,text,True,2026-02-15T15:01:57.824325
18/3/2026,Wednesday,PKX,arrival,06:30,VN516,Vietnam Airlines,4h 45m,00:45 - 06:30,"2082 miles, 3350 km",Airbus A321,184,CZ 7963,,Meal (none specific),260318_VN516_00450630,text,True,2026-02-15T15:01:58.189392
18/3/2026,Wednesday,PKX,arrival,06:35,SQ810,Singapore Airlines,6h 5m,00:30 - 06:35,"2764 miles, 4447 km",Airbus A350-900,259,,,Meal (none specific),260318_SQ810_00300635,text,True,2026-02-15T15:01:58.546034
18/3/2026,Wednesday,PKX,arrival,06:50,CZ5068,China Southern,5h 0m,23:50 - 06:50,"2180 miles, 3508 km",Airbus A321neo,198,,,Meal (none specific),260318_CZ5068_23500650,text,True,2026-02-15T15:01:58.912856
18/3/2026,Wednesday,PKX,arrival,06:55,CZ5098,China Southern,4h 40m,23:15 - 06:55,"2048 miles, 3295 km",Airbus A321neo,198,,,Meal (none specific),260318_CZ5098_23150655,text,True,2026-02-15T15:01:59.269384
18/3/2026,Wednesday,PKX,arrival,06:55,MU2072,China Eastern,4h 50m,01:05 - 06:55,"2034 miles, 3273 km",Airbus A320neo,158,,,Meal (none specific),260318_MU2072_01050655,text,True,2026-02-15T15:01:59.618237
18/3/2026,Wednesday,PKX,arrival,07:00,MH318,Malaysia Airlines,6h 10m,00:50 - 07:00,"2717 miles, 4372 km",Airbus A330-300,290,CZ 704 /MF 9101,,Meal (none specific),260318_MH318_00500700,text,True,2026-02-15T15:01:59.985313
18/3/2026,Wednesday,PKX,arrival,07:10,MU5032,China Eastern,6h 15m,00:55 - 07:10,"2764 miles, 4447 km",Airbus A320neo,158,GA 9159,,Meal (none specific),260318_MU5032_00550710,text,True,2026-02-15T15:02:00.346172
18/3/2026,Wednesday,PKX,arrival,07:30,CZ6028,China Southern,5h 40m,22:50 - 07:30,"2466 miles, 3968 km",Airbus A321neo,198,,,Meal (none specific),260318_CZ6028_22500730,text,True,2026-02-15T15:02:00.727276
18/3/2026,Wednesday,PKX,arrival,07:30,MU796,China Eastern,6h 10m,01:20 - 07:30,"2717 miles, 4372 km",Airbus A320neo,158,,,Meal (none specific),260318_MU796_01200730,text,True,2026-02-15T15:02:01.092108
18/3/2026,Wednesday,PKX,arrival,07:45,CZ342,China Southern,7h 45m,19:00 - 07:45,"3642 miles, 5860 km",Airbus A330-300,283,,,Meal (none specific),260318_CZ342_19000745,text,True,2026-02-15T15:02:01.461024
18/3/2026,Wednesday,PKX,arrival,07:50,S76241,S7 Airlines,2h 55m,06:55 - 07:50,"861 miles, 1385 km",Boeing 737-800 (winglets) Passenger/BBJ2,176,,,Meal (none specific),260318_S76241_06550750,text,True,2026-02-15T15:02:01.810529
18/3/2026,Wednesday,PKX,arrival,08:30,MU2123,China Eastern,2h 0m,06:30 - 08:30,"552 miles, 888 km",Airbus A321,177,KN 6391 /MF 3018,,Meal (none specific),260318_MU2123_06300830,text,True,2026-02-15T15:02:02.170224
18/3/2026,Wednesday,PKX,arrival,08:45,EY888,Etihad,7h 25m,21:20 - 08:45,"3713 miles, 5974 km",Boeing 787-9,284,CZ 7860 /MU 4393,,Meal (none specific),260318_EY888_21200845,text,True,2026-02-15T15:02:02.525102
18/3/2026,Wednesday,PKX,arrival,09:00,SU204,Aeroflot,7h 35m,20:25 - 09:00,"3642 miles, 5860 km",Boeing 777-300ER,403,,,Meal (none specific),260318_SU204_20250900,text,True,2026-02-15T15:02:02.900951
18/3/2026,Wednesday,PKX,arrival,09:20,CA8322,Air China,2h 10m,07:10 - 09:20,"655 miles, 1054 km",Airbus A321,180,,,Meal (none specific),260318_CA8322_07100920,text,True,2026-02-15T15:02:03.263861
18/3/2026,Wednesday,PKX,arrival,09:25,A67777,Air Travel,2h 20m,07:05 - 09:25,"807 miles, 1298 km",Airbus A320,174,,,Meal (none specific),260318_A67777_07050925,text,True,2026-02-15T15:02:03.630725
18/3/2026,Wednesday,PKX,arrival,09:25,CA8369,Air China,1h 25m,08:00 - 09:25,"279 miles, 449 km",Boeing 737-800 Passenger,167,,,Meal (none specific),260318_CA8369_08000925,text,True,2026-02-15T15:02:04.000237
18/3/2026,Wednesday,PKX,arrival,09:25,CZ6125,China Southern,1h 25m,08:00 - 09:25,"279 miles, 449 km",Airbus A321,188,,,Meal (none specific),260318_CZ6125_08000925,text,True,2026-02-15T15:02:04.353017
18/3/2026,Wednesday,PKX,arrival,09:25,CZ8956,China Southern,1h 35m,07:50 - 09:25,"523 miles, 842 km",Airbus A321,188,,,Meal (none specific),260318_CZ8956_07500925,text,True,2026-02-15T15:02:04.710913
18/3/2026,Wednesday,PKX,arrival,09:25,MU6236,China Eastern,2h 10m,07:15 - 09:25,"679 miles, 1093 km",Airbus A321,177,KN 6728 /MF 7486 /EY 5973,,Meal (none specific),260318_MU6236_07150925,text,True,2026-02-15T15:02:05.056998
18/3/2026,Wednesday,PKX,arrival,09:25,MU2101,China Eastern,1h 55m,07:30 - 09:25,"552 miles, 888 km",Airbus A320neo,158,KN 6373 /MF 3000,,Meal (none specific),260318_MU2101_07300925,text,True,2026-02-15T15:02:05.408141
18/3/2026,Wednesday,PKX,arrival,09:35,CZ6143,China Southern,2h 10m,07:25 - 09:35,"572 miles, 920 km",Airbus A320neo,166,,,Meal (none specific),260318_CZ6143_07250935,text,True,2026-02-15T15:02:05.857003
18/3/2026,Wednesday,PKX,arrival,09:35,MU5131,China Eastern,2h 15m,07:20 - 09:35,"684 miles, 1101 km",Airbus A321,177,KN 6499 /CZ 1966 /MF 3547,,Meal (none specific),260318_MU5131_07200935,text,True,2026-02-15T15:02:06.232052
18/3/2026,Wednesday,PKX,arrival,09:35,MU5177,China Eastern,2h 15m,07:20 - 09:35,"730 miles, 1175 km",Airbus A321,177,KN 6519 /CZ 1975 /MF 3585,,Meal (none specific),260318_MU5177_07200935,text,True,2026-02-15T15:02:06.619275
18/3/2026,Wednesday,PKX,arrival,09:40,CZ6213,China Southern,2h 15m,07:25 - 09:40,"669 miles, 1076 km",Airbus A320,158,,,Meal (none specific),260318_CZ6213_07250940,text,True,2026-02-15T15:02:06.990152
18/3/2026,Wednesday,PKX,arrival,09:40,CZ8878,China Southern,3h 0m,06:40 - 09:40,"1045 miles, 1681 km",Airbus A320neo,166,,,Meal (none specific),260318_CZ8878_06400940,text,True,2026-02-15T15:02:07.344857
18/3/2026,Wednesday,PKX,arrival,09:40,HO1251,Juneyao Airlines,2h 20m,07:20 - 09:40,"655 miles, 1054 km",Airbus A320,159,3U 4531 /MF 7764 /MU 3740 /CZ 150 /ZH 5141 /AY 3163,,Meal (none specific),260318_HO1251_07200940,text,True,2026-02-15T15:02:07.694917
18/3/2026,Wednesday,PKX,arrival,09:40,MU2731,China Eastern,2h 10m,07:30 - 09:40,"601 miles, 967 km",Airbus A320,158,KN 6467 /CZ 1910 /MF 3369,,Meal (none specific),260318_MU2731_07300940,text,True,2026-02-15T15:02:08.049113
18/3/2026,Wednesday,PKX,arrival,09:50,MU5173,China Eastern,2h 15m,07:35 - 09:50,"752 miles, 1210 km",Airbus A320,158,KN 6515 /CZ 1926 /MF 3583,,Meal (none specific),260318_MU5173_07350950,text,True,2026-02-15T15:02:08.418111
18/3/2026,Wednesday,PKX,arrival,09:50,MU2427,China Eastern,2h 20m,07:30 - 09:50,"812 miles, 1307 km",Airbus A320,158,KN 6411 /CZ 1934 /MF 3227 /EY 5893,,Meal (none specific),260318_MU2427_07300950,text,True,2026-02-15T15:02:08.785110
18/3/2026,Wednesday,PKX,arrival,09:55,CA8376,Air China,2h 15m,07:40 - 09:55,"729 miles, 1173 km",Boeing 737-800 Passenger,167,ZH 4784,,Meal (none specific),260318_CA8376_07400955,text,True,2026-02-15T15:02:09.140017
18/3/2026,Wednesday,PKX,arrival,09:55,CZ6201,China Southern,2h 25m,07:30 - 09:55,"679 miles, 1093 km",Airbus A320,158,,,Meal (none specific),260318_CZ6201_07300955,text,True,2026-02-15T15:02:09.490231
18/3/2026,Wednesday,PKX,arrival,09:55,CZ6101,China Southern,1h 50m,08:05 - 09:55,"401 miles, 645 km",Airbus A321neo,198,,,Meal (none specific),260318_CZ6101_08050955,text,True,2026-02-15T15:02:09.835241
18/3/2026,Wednesday,PKX,arrival,09:55,CZ8822,China Southern,1h 55m,08:00 - 09:55,"552 miles, 888 km",Boeing 737-800 Passenger,172,,,Meal (none specific),260318_CZ8822_08000955,text,True,2026-02-15T15:02:10.185353
18/3/2026,Wednesday,PKX,arrival,09:55,MU2411,China Eastern,2h 15m,07:40 - 09:55,"729 miles, 1173 km",Airbus A320,158,KN 6403 /CZ 1944 /MF 3215 /SV 6942,,Meal (none specific),260318_MU2411_07400955,text,True,2026-02-15T15:02:10.536527
18/3/2026,Wednesday,PKX,arrival,09:55,U6775,Ural Airlines,6h 0m,00:55 - 09:55,"2748 miles, 4422 km",Airbus A319,140,,,Meal (none specific),260318_U6775_00550955,text,True,2026-02-15T15:02:10.892017
18/3/2026,Wednesday,PKX,arrival,10:00,MF8117,XiamenAir,Duration: 3h 0m,07:00 - 10:00,"1045 miles, 1681 km",Airbus A321neo,208,MU 4656 /G5 9221 /3U 2281 /NS 8117 /CZ 4080,,Meal (none specific),260318_MF8117_07001000,text,True,2026-02-15T15:02:11.934983
18/3/2026,Wednesday,PKX,arrival,10:00,MU6646,China Eastern,Duration: 2h 40m,07:20 - 10:00,"940 miles, 1512 km",Airbus A321,177,KN 6768 /3U 5446 /MF 2218,,Meal (none specific),260318_MU6646_07201000,text,True,2026-02-15T15:02:12.310949
18/3/2026,Wednesday,PKX,arrival,10:05,CZ3117,China Southern,Duration: 2h 5m,08:00 - 10:05,"618 miles, 994 km",Boeing 737-800 Passenger,172,,,Meal (none specific),260318_CZ3117_08001005,text,True,2026-02-15T15:02:12.688227
18/3/2026,Wednesday,PKX,arrival,10:10,KN5362,China United Airlines,Duration: 3h 0m,07:10 - 10:10,"1147 miles, 1846 km",Boeing 737 Passenger,178,MU 8114,,Meal (none specific),260318_KN5362_07101010,text,True,2026-02-15T15:02:13.052971
18/3/2026,Wednesday,PKX,arrival,10:10,MF8374,XiamenAir,Duration: 2h 25m,07:45 - 10:10,"807 miles, 1298 km",Boeing 737-800 Passenger,172,3U 2486 /CZ 4285 /G5 9300 /HO 7149 /MU 4689 /NS 8374,,Meal (none specific),260318_MF8374_07451010,text,True,2026-02-15T15:02:13.417346
18/3/2026,Wednesday,PKX,arrival,10:10,MU6135,China Eastern,Duration: 2h 0m,08:10 - 10:10,"549 miles, 883 km",Airbus A320neo,158,KN 6703 /CZ 1900 /MF 7447 /EY 5801,,Meal (none specific),260318_MU6135_08101010,text,True,2026-02-15T15:02:13.782098
18/3/2026,Wednesday,PKX,arrival,10:15,CA8618,Air China,Duration: 2h 50m,07:25 - 10:15,"1117 miles, 1797 km",Airbus A320,158,ZH 4882,,Meal (none specific),260318_CA8618_07251015,text,True,2026-02-15T15:02:14.148203
18/3/2026,Wednesday,PKX,arrival,10:20,CA8388,Air China,Duration: 2h 20m,08:00 - 10:20,"730 miles, 1175 km",Boeing 737-800 Passenger,167,ZH 4794,,Meal (none specific),260318_CA8388_08001020,text,True,2026-02-15T15:02:14.520309
18/3/2026,Wednesday,PKX,arrival,10:20,CZ8976,China Southern,Duration: 2h 30m,07:50 - 10:20,"730 miles, 1175 km",Airbus A321,188,,,Meal (none specific),260318_CZ8976_07501020,text,True,2026-02-15T15:02:14.889107
18/3/2026,Wednesday,PKX,arrival,10:20,KN5302,China United Airlines,Duration: 2h 55m,07:25 - 10:20,"1158 miles, 1863 km",Boeing 737 Passenger,178,MU 8094,,Meal (none specific),260318_KN5302_07251020,text,True,2026-02-15T15:02:15.258194
18/3/2026,Wednesday,PKX,arrival,10:20,MU2811,China Eastern,Duration: 2h 0m,08:20 - 10:20,"557 miles, 896 km",Airbus A320neo,158,KN 6471 /CZ 1916 /MF 3417,,Meal (none specific),260318_MU2811_08201020,text,True,2026-02-15T15:02:15.609081
18/3/2026,Wednesday,PKX,arrival,10:25,HO1257,Juneyao Airlines,Duration: 2h 20m,08:05 - 10:25,"655 miles, 1054 km",Airbus A320,159,3U 4537 /MF 7704 /MU 3746 /CZ 156 /ZH 5147,,Meal (none specific),260318_HO1257_08051025,text,True,2026-02-15T15:02:15.984264
18/3/2026,Wednesday,PKX,arrival,10:25,KN5988,China United Airlines,Duration: 2h 10m,08:15 - 10:25,"655 miles, 1054 km",Boeing 737 Passenger,178,MU 8244,,Meal (none specific),260318_KN5988_08151025,text,True,2026-02-15T15:02:16.339953
18/3/2026,Wednesday,PKX,arrival,10:25,MU6654,China Eastern,Duration: 2h 25m,08:00 - 10:25,"933 miles, 1501 km",Airbus A321,177,KN 6774 /HO 5646 /MF 2224 /EY 5888,,Meal (none specific),260318_MU6654_08001025,text,True,2026-02-15T15:02:16.700231
18/3/2026,Wednesday,PKX,arrival,10:30,CA8622,Air China,Duration: 1h 15m,09:15 - 10:30,"307 miles, 494 km",Boeing 737-800 Passenger,167,,,Meal (none specific),260318_CA8622_09151030,text,True,2026-02-15T15:02:17.066329
18/3/2026,Wednesday,PKX,arrival,10:30,MU6662,China Eastern,Duration: 3h 10m,07:20 - 10:30,"1182 miles, 1902 km",Airbus A321,177,KN 6776 /MF 2226 /EY 5937,,Meal (none specific),260318_MU6662_07201030,text,True,2026-02-15T15:02:17.456355
18/3/2026,Wednesday,PKX,arrival,10:35,CZ8890,China Southern,Duration: 2h 25m,08:10 - 10:35,"655 miles, 1054 km",Airbus A321,188,,,Meal (none specific),260318_CZ8890_08101035,text,True,2026-02-15T15:02:17.814239
18/3/2026,Wednesday,PKX,arrival,10:35,OQ2001,Chongqing Airlines,Duration: 2h 30m,08:05 - 10:35,"879 miles, 1414 km",Airbus A320,175,,,Meal (none specific),260318_OQ2001_08051035,text,True,2026-02-15T15:02:18.166892
18/3/2026,Wednesday,PKX,arrival,10:40,CZ6145,China Southern,Duration: 2h 10m,08:30 - 10:40,"572 miles, 920 km",Airbus A320,158,,,Meal (none specific),260318_CZ6145_08301040,text,True,2026-02-15T15:02:18.535192
18/3/2026,Wednesday,PKX,arrival,10:40,CZ316,China Southern,Duration: 2h 15m,09:25 - 10:40,"563 miles, 906 km",Airbus A321,188,,,Meal (none specific),260318_CZ316_09251040,text,True,2026-02-15T15:02:18.900248
18/3/2026,Wednesday,PKX,arrival,10:40,MF8454,XiamenAir,Duration: 2h 25m,08:15 - 10:40,"879 miles, 1414 km",Boeing 737-800 Passenger,172,MU 4699 /HO 7217 /G5 9126 /3U 2560 /NS 8454 /CZ 4359,,Meal (none specific),260318_MF8454_08151040,text,True,2026-02-15T15:02:19.941872
18/3/2026,Wednesday,PKX,arrival,10:45,CZ3171,China Southern,Duration: 3h 15m,07:30 - 10:45,"1182 miles, 1902 km",Airbus A330-300,283,,,Meal (none specific),260318_CZ3171_07301045,text,True,2026-02-15T15:02:20.349329
18/3/2026,Wednesday,PKX,arrival,10:45,MF8115,XiamenAir,Duration: 2h 45m,08:00 - 10:45,"961 miles, 1546 km",Boeing 737MAX 8 Passenger,177,MU 4654 /G5 9219 /3U 2279 /NS 8115 /CZ 4078 /KL 3765,,Meal (none specific),260318_MF8115_08001045,text,True,2026-02-15T15:02:20.690356
18/3/2026,Wednesday,PKX,arrival,10:50,MU2451,China Eastern,Duration: 1h 55m,08:55 - 10:50,"618 miles, 994 km",Boeing 737-500 (winglets) Passenger,168,KN 6415 /MF 3245,,Meal (none specific),260318_MU2451_08551050,text,True,2026-02-15T15:02:21.065952
18/3/2026,Wednesday,PKX,arrival,10:55,CZ6219,China Southern,Duration: 2h 30m,08:25 - 10:55,"679 miles, 1093 km",Airbus A320neo,166,,,Meal (none specific),260318_CZ6219_08251055,text,True,2026-02-15T15:02:21.455102
18/3/2026,Wednesday,PKX,arrival,10:55,CZ8812,China Southern,Duration: 2h 40m,08:15 - 10:55,"845 miles, 1360 km",Airbus A321neo,198,,,Meal (none specific),260318_CZ8812_08151055,text,True,2026-02-15T15:02:21.853966
18/3/2026,Wednesday,PKX,arrival,10:55,MU6302,China Eastern,Duration: 3h 0m,07:55 - 10:55,"1134 miles, 1825 km",Boeing 737-500 (winglets) Passenger,168,KN 6731 /MF 7505 /SV 6851,,Meal (none specific),260318_MU6302_07551055,text,True,2026-02-15T15:02:22.274235
18/3/2026,Wednesday,PKX,arrival,10:55,MU2103,China Eastern,Duration: 1h 55m,09:00 - 10:55,"552 miles, 888 km",Airbus A320,158,KN 6375 /MF 3002,,Meal (none specific),260318_MU2103_09001055,text,True,2026-02-15T15:02:22.700903
18/3/2026,Wednesday,PKX,arrival,11:00,CA8666,Air China,Duration: 2h 0m,09:00 - 11:00,"572 miles, 920 km",Boeing 737-800 Passenger,167,ZH 4924,,Meal (none specific),260318_CA8666_09001100,text,True,2026-02-15T15:02:23.088316
18/3/2026,Wednesday,PKX,arrival,11:00,CZ6129,China Southern,Duration: 1h 30m,09:30 - 11:00,"279 miles, 449 km",Airbus A321,188,,,Meal (none specific),260318_CZ6129_09301100,text,True,2026-02-15T15:02:24.248401
18/3/2026,Wednesday,PKX,arrival,11:00,CZ3681,China Southern,Duration: 3h 0m,08:00 - 11:00,"1059 miles, 1704 km",Boeing 737-800 Passenger,172,,,Meal (none specific),260318_CZ3681_08001100,text,True,2026-02-15T15:02:24.642748
18/3/2026,Wednesday,PKX,arrival,11:10,CA8648,Air China,Duration: 2h 55m,08:15 - 11:10,"1273 miles, 2048 km",Boeing 737MAX 8 Passenger,176,ZH 4908,,Meal (none specific),260318_CA8648_08151110,text,True,2026-02-15T15:02:25.025225
18/3/2026,Wednesday,PKX,arrival,11:10,GY7101,Colorful GuiZhou Airlines,Duration: 2h 40m,08:30 - 11:10,"1059 miles, 1704 km",Airbus A320,159,,,Meal (none specific),260318_GY7101_08301110,text,True,2026-02-15T15:02:25.420201
18/3/2026,Wednesday,PKX,arrival,11:15,MF8113,XiamenAir,Duration: 2h 45m,08:30 - 11:15,"1029 miles, 1656 km",Boeing 737-800 Passenger,172,3U 2277 /CZ 4076 /G5 9217 /MU 4652 /NS 8113 /KL 3777,,Meal (none specific),260318_MF8113_08301115,text,True,2026-02-15T15:02:25.795048
18/3/2026,Wednesday,PKX,arrival,11:15,MU5701,China Eastern,Duration: 3h 15m,08:00 - 11:15,"1273 miles, 2048 km",Boeing 787-9,296,KN 6553 /MF 3963,,Meal (none specific),260318_MU5701_08001115,text,True,2026-02-15T15:02:26.197303
18/3/2026,Wednesday,PKX,arrival,11:15,RY8865,Jiangxi Airlines,Duration: 2h 15m,09:00 - 11:15,"752 miles, 1210 km",Boeing 737-800 Passenger,179,MF 2036 /NS 6865,,Meal (none specific),260318_RY8865_09001115,text,True,2026-02-15T15:02:26.577620
18/3/2026,Wednesday,PKX,arrival,11:25,CA8287,Air China,Duration: 1h 55m,09:30 - 11:25,"618 miles, 994 km",Airbus A320,158,ZH 4157,,Meal (none specific),260318_CA8287_09301125,text,True,2026-02-15T15:02:26.984863
18/3/2026,Wednesday,PKX,arrival,11:25,CZ8854,China Southern,Duration: 2h 20m,09:05 - 11:25,"684 miles, 1101 km",Airbus A321,188,,,Meal (none specific),260318_CZ8854_09051125,text,True,2026-02-15T15:02:27.381927
18/3/2026,Wednesday,PKX,arrival,11:25,CZ3277,China Southern,Duration: 3h 15m,08:10 - 11:25,"1271 miles, 2045 km",Boeing 737-800 Passenger,172,,,Meal (none specific),260318_CZ3277_08101125,text,True,2026-02-15T15:02:27.769218
18/3/2026,Wednesday,PKX,arrival,11:25,KN5596,China United Airlines,Duration: 1h 55m,09:30 - 11:25,"536 miles, 862 km",Boeing 737 Passenger,178,MU 8142,,Meal (none specific),260318_KN5596_09301125,text,True,2026-02-15T15:02:28.143935
18/3/2026,Wednesday,PKX,arrival,11:25,MU5129,China Eastern,Duration: 2h 20m,09:05 - 11:25,"655 miles, 1054 km",Airbus A320neo,158,CZ 1952 /KN 6497 /MF 3545 /QF 4001 /KL 8811 /SV 6617 /EY 5931,,Meal (none specific),260318_MU5129_09051125,text,True,2026-02-15T15:02:28.588534
18/3/2026,Wednesday,PKX,arrival,11:30,CZ5644,China Southern,Duration: 2h 35m,08:55 - 11:30,"879 miles, 1414 km",Boeing 737-800 Passenger,172,,,Meal (none specific),260318_CZ5644_08551130,text,True,2026-02-15T15:02:28.969343
18/3/2026,Wednesday,PKX,arrival,11:35,CZ8977,China Southern,Duration: 2h 15m,09:20 - 11:35,"736 miles, 1184 km",Boeing 737-800 Passenger,172,,,Meal (none specific),260318_CZ8977_09201135,text,True,2026-02-15T15:02:29.359990
18/3/2026,Wednesday,PKX,arrival,11:35,DZ6203,Donghai Airlines,Duration: 2h 10m,09:25 - 11:35,"676 miles, 1088 km",Boeing 737 Passenger,173,,,Meal (none specific),260318_DZ6203_09251135,text,True,2026-02-15T15:02:29.730354
18/3/2026,Wednesday,PKX,arrival,11:35,KN5158,China United Airlines,Duration: 2h 35m,09:00 - 11:35,"933 miles, 1501 km",Boeing 737 Passenger,178,MU 8070,,Meal (none specific),260318_KN5158_09001135,text,True,2026-02-15T15:02:30.099069
18/3/2026,Wednesday,PKX,arrival,11:40,CA8624,Air China,Duration: 1h 40m,10:00 - 11:40,"432 miles, 695 km",Boeing 737-800 Passenger,167,,,Meal (none specific),260318_CA8624_10001140,text,True,2026-02-15T15:02:30.524985
18/3/2026,Wednesday,PKX,arrival,11:40,CZ3731,China Southern,Duration: 3h 10m,08:30 - 11:40,"1229 miles, 1977 km",Boeing 737-800 Passenger,172,,,Meal (none specific),260318_CZ3731_08301140,text,True,2026-02-15T15:02:31.589336
18/3/2026,Wednesday,PKX,arrival,11:45,CZ8954,China Southern,Duration: 2h 50m,08:55 - 11:45,"961 miles, 1546 km",Airbus A321,188,,,Meal (none specific),260318_CZ8954_08551145,text,True,2026-02-15T15:02:31.992057
18/3/2026,Wednesday,PKX,arrival,11:45,CZ5010,China Southern,Duration: 3h 15m,08:30 - 11:45,"1204 miles, 1937 km",Airbus A321,188,3U 7004,,Meal (none specific),260318_CZ5010_08301145,text,True,2026-02-15T15:02:32.394507
18/3/2026,Wednesday,PKX,arrival,11:45,CZ3998,China Southern,Duration: 3h 15m,08:30 - 11:45,"1273 miles, 2048 km",Airbus A320neo,166,,,Meal (none specific),260318_CZ3998_08301145,text,True,2026-02-15T15:02:32.770379
18/3/2026,Wednesday,PKX,arrival,11:50,EU6665,Chengdu Airlines,Duration: 2h 35m,09:15 - 11:50,"940 miles, 1512 km",Airbus A320,175,GJ 5325 /3U 5787 /MU 1945 /TV 5005 /CZ 9995,,Meal (none specific),260318_EU6665_09151150,text,True,2026-02-15T15:02:33.158647
18/3/2026,Wednesday,PKX,arrival,11:50,KN5902,China United Airlines,Duration: 2h 0m,09:50 - 11:50,"613 miles, 986 km",Boeing 737 Passenger,178,MU 8214,,Meal (none specific),260318_KN5902_09501150,text,True,2026-02-15T15:02:33.557290
18/3/2026,Wednesday,PKX,arrival,11:50,MU5137,China Eastern,Duration: 2h 25m,09:25 - 11:50,"641 miles, 1031 km",Airbus A320,158,KN 6503 /MF 3551,,Meal (none specific),260318_MU5137_09251150,text,True,2026-02-15T15:02:33.994926
18/3/2026,Wednesday,PKX,arrival,11:55,CZ3119,China Southern,Duration: 3h 45m,08:10 - 11:55,"1405 miles, 2261 km",Airbus A321,188,,,Meal (none specific),260318_CZ3119_08101155,text,True,2026-02-15T15:02:34.389276
18/3/2026,Wednesday,PKX,arrival,11:55,MF8127,XiamenAir,Duration: 2h 55m,09:00 - 11:55,"1045 miles, 1681 km",Airbus A321neo,208,MU 4660 /HO 7033 /G5 9229 /3U 2291 /NS 8127 /CZ 4090,,Meal (none specific),260318_MF8127_09001155,text,True,2026-02-15T15:02:34.770219
18/3/2026,Wednesday,PKX,arrival,12:00,CA8384,Air China,Duration: 2h 15m,09:45 - 12:00,"679 miles, 1093 km",Boeing 737-800 Passenger,167,,,Meal (none specific),260318_CA8384_09451200,text,True,2026-02-15T15:02:35.161953
18/3/2026,Wednesday,PKX,arrival,12:00,CZ3717,China Southern,Duration: 2h 30m,09:30 - 12:00,"807 miles, 1298 km",Airbus A321,188,,,Meal (none specific),260318_CZ3717_09301200,text,True,2026-02-15T15:02:35.552984
18/3/2026,Wednesday,PKX,arrival,12:00,CZ3151,China Southern,Duration: 3h 30m,08:30 - 12:00,"1182 miles, 1902 km",Airbus A330-300,283,,,Meal (none specific),260318_CZ3151_08301200,text,True,2026-02-15T15:02:35.951933
18/3/2026,Wednesday,PKX,arrival,12:00,MF8149,XiamenAir,Duration: 2h 15m,09:45 - 12:00,"684 miles, 1101 km",Airbus A321neo,208,MU 4666 /HO 7047 /G5 9033 /3U 2309 /NS 8149 /CZ 4108 /KL 3774,,Meal (none specific),260318_MF8149_09451200,text,True,2026-02-15T15:02:36.344895
18/3/2026,Wednesday,PKX,arrival,12:05,CA8630,Air China,Duration: 3h 5m,09:00 - 12:05,"1229 miles, 1977 km",Boeing 737-800 Passenger,167,SC 5764 /ZH 4892,,Meal (none specific),260318_CA8630_09001205,text,True,2026-02-15T15:02:36.764972
18/3/2026,Wednesday,PKX,arrival,12:05,CZ3099,China Southern,Duration: 3h 5m,09:00 - 12:05,"1134 miles, 1825 km",Boeing 777-300ER,361,,,Meal (none specific),260318_CZ3099_09001205,text,True,2026-02-15T15:02:37.151979
18/3/2026,Wednesday,PKX,arrival,12:10,CZ3685,China Southern,Duration: 3h 10m,09:00 - 12:10,"1059 miles, 1704 km",Boeing 737-800 Passenger,172,,,Meal (none specific),260318_CZ3685_09001210,text,True,2026-02-15T15:02:37.589352
18/3/2026,Wednesday,PKX,arrival,12:15,CA8386,Air China,Duration: 2h 40m,09:35 - 12:15,"752 miles, 1210 km",Boeing 737-800 Passenger,167,ZH 4186,,Meal (none specific),260318_CA8386_09351215,text,True,2026-02-15T15:02:37.989410
18/3/2026,Wednesday,PKX,arrival,12:15,CA8690,Air China,Duration: 1h 45m,10:30 - 12:15,"412 miles, 663 km",Boeing 737-800 Passenger,167,ZH 4938,,Meal (none specific),260318_CA8690_10301215,text,True,2026-02-15T15:02:38.371920
18/3/2026,Wednesday,PKX,arrival,12:15,CZ8850,China Southern,Duration: 2h 45m,09:30 - 12:15,"940 miles, 1512 km",Airbus A320neo,166,,,Meal (none specific),260318_CZ8850_09301215,text,True,2026-02-15T15:02:38.778411
18/3/2026,Wednesday,PKX,arrival,12:15,KN5916,China United Airlines,Duration: 1h 5m,11:10 - 12:15,"189 miles, 304 km",Boeing 737 Passenger,178,MU 8220,,Meal (none specific),260318_KN5916_11101215,text,True,2026-02-15T15:02:39.189063
18/3/2026,Wednesday,PKX,arrival,12:15,MU5715,China Eastern,Duration: 3h 45m,08:30 - 12:15,"1526 miles, 2455 km",Boeing 737 Passenger,168,KN 6567 /MF 3977 /EY 5904,,Meal (none specific),260318_MU5715_08301215,text,True,2026-02-15T15:02:39.572767
18/3/2026,Wednesday,PKX,arrival,12:30,CZ6571,China Southern,Duration: 3h 0m,09:30 - 12:30,"1117 miles, 1797 km",Boeing 737-800 Passenger,172,,,Meal (none specific),260318_CZ6571_09301230,text,True,2026-02-15T15:02:39.968272
18/3/2026,Wednesday,PKX,arrival,12:40,CA8612,Air China,Duration: 2h 25m,10:15 - 12:40,"807 miles, 1298 km",Boeing 737-800 Passenger,167,SC 5384 /ZH 4876,,Meal (none specific),260318_CA8612_10151240,text,True,2026-02-15T15:02:40.381884
18/3/2026,Wednesday,PKX,arrival,12:40,CA8662,Air China,Duration: 2h 0m,10:40 - 12:40,"712 miles, 1146 km",Boeing 737-800 Passenger,167,ZH 4922,,Meal (none specific),260318_CA8662_10401240,text,True,2026-02-15T15:02:40.800148
18/3/2026,Wednesday,PKX,arrival,12:40,MU5167,China Eastern,Duration: 2h 0m,10:40 - 12:40,"641 miles, 1031 km",Airbus A330-300,290,KN 6511 /CZ 1956 /MF 3579,,Meal (none specific),260318_MU5167_10401240,text,True,2026-02-15T15:02:41.184448
18/3/2026,Wednesday,PKX,arrival,12:45,CZ3175,China Southern,Duration: 3h 15m,09:30 - 12:45,"1182 miles, 1902 km",Airbus A350-900,324,,,Meal (none specific),260318_CZ3175_09301245,text,True,2026-02-15T15:02:41.582430
18/3/2026,Wednesday,PKX,arrival,12:45,CZ6911,China Southern,Duration: 3h 45m,09:00 - 12:45,"1523 miles, 2451 km",Boeing 737-800 Passenger,172,,,Meal (none specific),260318_CZ6911_09001245,text,True,2026-02-15T15:02:41.973906
18/3/2026,Wednesday,PKX,arrival,12:50,KN5510,China United Airlines,Duration: 2h 40m,10:10 - 12:50,"856 miles, 1377 km",Boeing 737 Passenger,178,MU 8126,,Meal (none specific),260318_KN5510_10101250,text,True,2026-02-15T15:02:42.366383
18/3/2026,Wednesday,PKX,arrival,12:50,KN5526,China United Airlines,Duration: 2h 0m,10:50 - 12:50,"562 miles, 904 km",Boeing 737 Passenger,178,MU 8130,,Meal (none specific),260318_KN5526_10501250,text,True,2026-02-15T15:02:42.776009
18/3/2026,Wednesday,PKX,arrival,12:55,CA8398,Air China,Duration: 2h 15m,10:40 - 12:55,"752 miles, 1210 km",Boeing 737-800 Passenger,167,ZH 4878,,Meal (none specific),260318_CA8398_10401255,text,True,2026-02-15T15:02:43.168256
18/3/2026,Wednesday,PKX,arrival,12:55,HX398,Hong Kong Airlines,Duration: 3h 30m,09:25 - 12:55,"1204 miles, 1937 km",Airbus A320,164,HU 8084,,Meal (none specific),260318_HX398_09251255,text,True,2026-02-15T15:02:43.536220
18/3/2026,Wednesday,PKX,arrival,12:55,MU5194,China Eastern,Duration: 2h 15m,10:40 - 12:55,"684 miles, 1101 km",Airbus A321,177,KN 6534 /CZ 1960 /MF 3600 /EY 5824,,Meal (none specific),260318_MU5194_10401255,text,True,2026-02-15T15:02:43.924429
18/3/2026,Wednesday,PKX,arrival,12:55,MU6232,China Eastern,Duration: 2h 5m,10:50 - 12:55,"657 miles, 1057 km",Airbus A320neo,158,,,Meal (none specific),260318_MU6232_10501255,text,True,2026-02-15T15:02:44.320430
18/3/2026,Wednesday,PKX,arrival,13:00,CZ8952,China Southern,Duration: 2h 15m,10:45 - 13:00,"736 miles, 1184 km",Airbus A321neo,198,,,Meal (none specific),260318_CZ8952_10451300,text,True,2026-02-15T15:02:44.720899
18/3/2026,Wednesday,PKX,arrival,13:00,MF8165,XiamenAir,Duration: 3h 0m,10:00 - 13:00,"961 miles, 1546 km",Boeing 737MAX 8 Passenger,177,MU 4668 /HO 7051 /G5 9251 /3U 2323 /NS 8165 /CZ 4122,,Meal (none specific),260318_MF8165_10001300,text,True,2026-02-15T15:02:45.109324
18/3/2026,Wednesday,PKX,arrival,13:05,CZ6711,China Southern,Duration: 4h 5m,09:00 - 13:05,"1532 miles, 2465 km",Airbus A321,188,,,Meal (none specific),260318_CZ6711_09001305,text,True,2026-02-15T15:02:45.506092
18/3/2026,Wednesday,PKX,arrival,13:10,CZ3121,China Southern,Duration: 3h 10m,10:00 - 13:10,"1134 miles, 1825 km",Airbus A320,158,,,Meal (none specific),260318_CZ3121_10001310,text,True,2026-02-15T15:02:45.912664
18/3/2026,Wednesday,PKX,arrival,13:10,CZ8828,China Southern,Duration: 2h 15m,10:55 - 13:10,"618 miles, 994 km",Airbus A320neo,166,,,Meal (none specific),260318_CZ8828_10551310,text,True,2026-02-15T15:02:46.312259
18/3/2026,Wednesday,PKX,arrival,13:10,CZ3733,China Southern,Duration: 3h 10m,10:00 - 13:10,"1229 miles, 1977 km",Boeing 737-800 Passenger,172,,,Meal (none specific),260318_CZ3733_10001310,text,True,2026-02-15T15:02:46.706123
18/3/2026,Wednesday,PKX,arrival,13:10,KN5908,China United Airlines,Duration: 2h 10m,11:00 - 13:10,"736 miles, 1184 km",Boeing 737 Passenger,178,MU 8216,,Meal (none specific),260318_KN5908_11001310,text,True,2026-02-15T15:02:47.109988
18/3/2026,Wednesday,PKX,arrival,13:15,NS8026,Hebei Airlines,Duration: 2h 20m,10:55 - 13:15,"662 miles, 1065 km",Boeing 737-800 Passenger,177,RY 2084 /MF 7085 /CZ 1481,,Meal (none specific),260318_NS8026_10551315,text,True,2026-02-15T15:02:47.484901
18/3/2026,Wednesday,PKX,arrival,13:25,CA8652,Air China,Duration: 2h 20m,11:05 - 13:25,"879 miles, 1414 km",Boeing 737MAX 8 Passenger,176,ZH 4912,,Meal (none specific),260318_CA8652_11051325,text,True,2026-02-15T15:02:47.874850
18/3/2026,Wednesday,PKX,arrival,13:25,KN5680,China United Airlines,Duration: 1h 45m,11:40 - 13:25,"623 miles, 1002 km",Boeing 737 Passenger,178,MU 8166,,Meal (none specific),260318_KN5680_11401325,text,True,2026-02-15T15:02:48.249055
18/3/2026,Wednesday,PKX,arrival,13:25,KN5330,China United Airlines,Duration: 1h 35m,11:50 - 13:25,"351 miles, 565 km",Boeing 737 Passenger,178,MU 8104,,Meal (none specific),260318_KN5330_11501325,text,True,2026-02-15T15:02:48.645448
18/3/2026,Wednesday,PKX,arrival,13:25,MU2105,China Eastern,Duration: 1h 55m,11:30 - 13:25,"552 miles, 888 km",Airbus A320neo,158,KN 6377 /MF 3004,,Meal (none specific),260318_MU2105_11301325,text,True,2026-02-15T15:02:49.085310
18/3/2026,Wednesday,PKX,arrival,13:30,7C8135,Jeju Air,Duration: 2h 50m,11:40 - 13:30,"700 miles, 1126 km",Boeing 737-800 Passenger,186,H1 9769,,Meal (none specific),260318_7C8135_11401330,text,True,2026-02-15T15:02:49.474287
18/3/2026,Wednesday,PKX,arrival,13:35,KN5592,China United Airlines,Duration: 2h 25m,11:10 - 13:35,"868 miles, 1397 km",Boeing 737 Passenger,178,MU 8140,,Meal (none specific),260318_KN5592_11101335,text,True,2026-02-15T15:02:49.860415
18/3/2026,Wednesday,PKX,arrival,13:35,KN5602,China United Airlines,Duration: 2h 35m,11:00 - 13:35,"848 miles, 1364 km",Boeing 737 Passenger,178,MU 8144,,Meal (none specific),260318_KN5602_11001335,text,True,2026-02-15T15:02:50.288282
18/3/2026,Wednesday,PKX,arrival,13:40,CA8362,Air China,Duration: 2h 20m,11:20 - 13:40,"745 miles, 1199 km",Boeing 737-800 Passenger,167,ZH 4762,,Meal (none specific),260318_CA8362_11201340,text,True,2026-02-15T15:02:50.698846
18/3/2026,Wednesday,PKX,arrival,13:40,CZ3159,China Southern,Duration: 3h 10m,10:30 - 13:40,"1182 miles, 1902 km",Airbus A321neo,198,,,Meal (none specific),260318_CZ3159_10301340,text,True,2026-02-15T15:02:51.827341
18/3/2026,Wednesday,PKX,arrival,13:40,MU2821,China Eastern,Duration: 2h 5m,11:35 - 13:40,"601 miles, 967 km",Airbus A320,158,KN 6475 /CZ 1912 /MF 3425 /EY 5951,,Meal (none specific),260318_MU2821_11351340,text,True,2026-02-15T15:02:52.224947
18/3/2026,Wednesday,PKX,arrival,13:40,NS8070,Hebei Airlines,Duration: 2h 25m,11:15 - 13:40,"761 miles, 1224 km",Boeing 737-800 Passenger,177,RY 2100 /MF 7101 /CZ 1497,,Meal (none specific),260318_NS8070_11151340,text,True,2026-02-15T15:02:52.600686
18/3/2026,Wednesday,PKX,arrival,13:45,CZ8805,China Southern,Duration: 3h 50m,09:55 - 13:45,"1532 miles, 2465 km",Airbus A321,188,,,Meal (none specific),260318_CZ8805_09551345,text,True,2026-02-15T15:02:52.970181
18/3/2026,Wednesday,PKX,arrival,13:45,CZ6901,China Southern,Duration: 3h 45m,10:00 - 13:45,"1523 miles, 2451 km",Boeing 787-8,266,,,Meal (none specific),260318_CZ6901_10001345,text,True,2026-02-15T15:02:53.338884
18/3/2026,Wednesday,PKX,arrival,13:50,CZ6217,China Southern,Duration: 2h 30m,11:20 - 13:50,"679 miles, 1093 km",Airbus A320neo,166,,,Meal (none specific),260318_CZ6217_11201350,text,True,2026-02-15T15:02:53.727249
18/3/2026,Wednesday,PKX,arrival,13:50,KN5578,China United Airlines,Duration: 2h 40m,11:10 - 13:50,"844 miles, 1358 km",Boeing 737 Passenger,178,MU 8264,,Meal (none specific),260318_KN5578_11101350,text,True,2026-02-15T15:02:54.134393
18/3/2026,Wednesday,PKX,arrival,13:50,MU6682,China Eastern,Duration: 2h 35m,11:15 - 13:50,"879 miles, 1414 km",Airbus A321,177,KN 6786 /MF 2236 /EY 5768,,Meal (none specific),260318_MU6682_11151350,text,True,2026-02-15T15:02:54.519061
18/3/2026,Wednesday,PKX,arrival,13:55,JD5920,Capital Airlines,Duration: 2h 50m,11:05 - 13:55,"1342 miles, 2159 km",Airbus A320,169,,,Meal (none specific),260318_JD5920_11051355,text,True,2026-02-15T15:02:54.950291
18/3/2026,Wednesday,PKX,arrival,13:55,JD5560,Capital Airlines,Duration: 2h 15m,11:40 - 13:55,"933 miles, 1501 km",Airbus A321,176,,,Meal (none specific),260318_JD5560_11401355,text,True,2026-02-15T15:02:55.332871
18/3/2026,Wednesday,PKX,arrival,13:55,MF8562,XiamenAir,Duration: 2h 10m,11:45 - 13:55,"655 miles, 1054 km",Boeing 737-800 Passenger,172,MU 4707 /HO 7297 /G5 9434 /3U 2658 /NS 8562 /CZ 4457,,Meal (none specific),260318_MF8562_11451355,text,True,2026-02-15T15:02:55.719006
18/3/2026,Wednesday,PKX,arrival,13:55,MF8101,XiamenAir,Duration: 2h 55m,11:00 - 13:55,"1045 miles, 1681 km",Boeing 787-8,237,MU 4642 /HO 7018 /G5 9185 /3U 2267 /NS 8101 /CZ 4066,,Meal (none specific),260318_MF8101_11001355,text,True,2026-02-15T15:02:56.103122
18/3/2026,Wednesday,PKX,arrival,13:55,MU2107,China Eastern,Duration: 1h 55m,12:00 - 13:55,"552 miles, 888 km",Airbus A321,177,KN 6379 /MF 3006,,Meal (none specific),260318_MU2107_12001355,text,True,2026-02-15T15:02:56.470212
18/3/2026,Wednesday,PKX,arrival,14:00,CZ8918,China Southern,Duration: 2h 30m,11:30 - 14:00,"879 miles, 1414 km",Boeing 737-800 Passenger,172,,,Meal (none specific),260318_CZ8918_11301400,text,True,2026-02-15T15:02:56.869202
18/3/2026,Wednesday,PKX,arrival,14:00,CZ6365,China Southern,Duration: 3h 40m,10:20 - 14:00,"1405 miles, 2261 km",Airbus A320,158,,,Meal (none specific),260318_CZ6365_10201400,text,True,2026-02-15T15:02:57.260179
18/3/2026,Wednesday,PKX,arrival,14:00,CZ6187,China Southern,Duration: 3h 0m,11:00 - 14:00,"1059 miles, 1704 km",Boeing 737-800 Passenger,172,,,Meal (none specific),260318_CZ6187_11001400,text,True,2026-02-15T15:02:57.645159
18/3/2026,Wednesday,PKX,arrival,14:00,CZ8830,China Southern,Duration: 2h 10m,11:50 - 14:00,"552 miles, 888 km",Airbus A320neo,166,,,Meal (none specific),260318_CZ8830_11501400,text,True,2026-02-15T15:02:58.057177
18/3/2026,Wednesday,PKX,arrival,14:05,CZ3177,China Southern,Duration: 3h 5m,11:00 - 14:05,"1134 miles, 1825 km",Airbus A320,158,,,Meal (none specific),260318_CZ3177_11001405,text,True,2026-02-15T15:02:58.437254
18/3/2026,Wednesday,PKX,arrival,14:05,CZ3137,China Southern,Duration: 2h 5m,12:00 - 14:05,"618 miles, 994 km",Boeing 737-800 Passenger,172,,,Meal (none specific),260318_CZ3137_12001405,text,True,2026-02-15T15:02:58.825343
18/3/2026,Wednesday,PKX,arrival,14:10,CZ5312,China Southern,Duration: 2h 35m,11:35 - 14:10,"776 miles, 1249 km",Airbus A321neo,198,,,Meal (none specific),260318_CZ5312_11351410,text,True,2026-02-15T15:02:59.206915
18/3/2026,Wednesday,PKX,arrival,14:15,CZ8856,China Southern,Duration: 2h 25m,11:50 - 14:15,"684 miles, 1101 km",Airbus A321neo,198,,,Meal (none specific),260318_CZ8856_11501415,text,True,2026-02-15T15:02:59.606147
18/3/2026,Wednesday,PKX,arrival,14:15,NS8036,Hebei Airlines,Duration: 2h 15m,12:00 - 14:15,"879 miles, 1414 km",Boeing 737-800 Passenger,177,RY 2090 /MF 7091 /CZ 1487,,Meal (none specific),260318_NS8036_12001415,text,True,2026-02-15T15:03:00.000899
18/3/2026,Wednesday,PKX,arrival,14:20,KN5962,China United Airlines,Duration: 2h 40m,11:40 - 14:20,"845 miles, 1360 km",Boeing 737 Passenger,178,MU 8232,,Meal (none specific),260318_KN5962_11401420,text,True,2026-02-15T15:03:00.395922
18/3/2026,Wednesday,PKX,arrival,14:25,CZ8809,China Southern,Duration: 3h 20m,11:05 - 14:25,"1271 miles, 2045 km",Boeing 737-800 Passenger,172,,,Meal (none specific),260318_CZ8809_11051425,text,True,2026-02-15T15:03:00.808355
18/3/2026,Wednesday,PKX,arrival,14:25,JD5756,Capital Airlines,Duration: 2h 20m,12:05 - 14:25,"879 miles, 1414 km",Airbus A321,176,,,Meal (none specific),260318_JD5756_12051425,text,True,2026-02-15T15:03:01.190634
18/3/2026,Wednesday,PKX,arrival,14:25,KN5866,China United Airlines,Duration: 2h 55m,11:30 - 14:25,"1158 miles, 1863 km",Boeing 737-500 (winglets) Passenger,178,MU 8206,,Meal (none specific),260318_KN5866_11301425,text,True,2026-02-15T15:03:01.564347
18/3/2026,Wednesday,PKX,arrival,14:25,KN5358,China United Airlines,Duration: 2h 55m,11:30 - 14:25,"1161 miles, 1868 km",Boeing 737 Passenger,178,MU 8112,,Meal (none specific),260318_KN5358_11301425,text,True,2026-02-15T15:03:01.968117
18/3/2026,Wednesday,PKX,arrival,14:25,MF8420,XiamenAir,Duration: 2h 45m,11:40 - 14:25,"960 miles, 1545 km",Boeing 737-800 Passenger,172,MU 4695 /HO 7187 /G5 9342 /3U 2528 /NS 8420 /CZ 4327,,Meal (none specific),260318_MF8420_11401425,text,True,2026-02-15T15:03:02.343181
18/3/2026,Wednesday,PKX,arrival,14:25,NS8062,Hebei Airlines,Duration: 2h 20m,12:05 - 14:25,"807 miles, 1298 km",Boeing 737-800 Passenger,177,RY 2096 /MF 7097 /CZ 1493,,Meal (none specific),260318_NS8062_12051425,text,True,2026-02-15T15:03:02.736322
18/3/2026,Wednesday,PKX,arrival,14:30,CA8396,Air China,Duration: 2h 40m,11:50 - 14:30,"1007 miles, 1620 km",Boeing 737-800 Passenger,167,ZH 4796,,Meal (none specific),260318_CA8396_11501430,text,True,2026-02-15T15:03:03.125337
18/3/2026,Wednesday,PKX,arrival,14:30,CZ3127,China Southern,Duration: 2h 30m,12:00 - 14:30,"807 miles, 1298 km",Airbus A321,188,,,Meal (none specific),260318_CZ3127_12001430,text,True,2026-02-15T15:03:03.528426
18/3/2026,Wednesday,PKX,arrival,14:30,MU6644,China Eastern,Duration: 2h 40m,11:50 - 14:30,"940 miles, 1512 km",Airbus A321,177,KN 6766 /3U 5444 /MF 2216 /EY 5785,,Meal (none specific),260318_MU6644_11501430,text,True,2026-02-15T15:03:03.936662
18/3/2026,Wednesday,PKX,arrival,14:30,MU6672,China Eastern,Duration: 3h 0m,11:30 - 14:30,"1182 miles, 1902 km",Airbus A330-300,290,KN 6784 /MF 2234 /EY 5742,,Meal (none specific),260318_MU6672_11301430,text,True,2026-02-15T15:03:04.329356
18/3/2026,Wednesday,PKX,arrival,14:30,NS8060,Hebei Airlines,Duration: 2h 25m,12:05 - 14:30,"694 miles, 1117 km",Boeing 737-800 Passenger,177,RY 2094 /MF 7095 /CZ 1491,,Meal (none specific),260318_NS8060_12051430,text,True,2026-02-15T15:03:04.700916
18/3/2026,Wednesday,PKX,arrival,14:30,NS8022,Hebei Airlines,Duration: 2h 30m,12:00 - 14:30,"989 miles, 1591 km",Boeing 737-800 Passenger,177,RY 2082 /MF 7083 /CZ 1479,,Meal (none specific),260318_NS8022_12001430,text,True,2026-02-15T15:03:05.081928
18/3/2026,Wednesday,PKX,arrival,14:40,CZ8902,China Southern,Duration: 2h 45m,11:55 - 14:40,"1032 miles, 1660 km",Airbus A320,158,,,Meal (none specific),260318_CZ8902_11551440,text,True,2026-02-15T15:03:05.448843
18/3/2026,Wednesday,PKX,arrival,14:40,CZ3169,China Southern,Duration: 3h 10m,11:30 - 14:40,"1182 miles, 1902 km",Airbus A330-300,283,,,Meal (none specific),260318_CZ3169_11301440,text,True,2026-02-15T15:03:05.818147
18/3/2026,Wednesday,PKX,arrival,14:45,MF846,XiamenAir,Duration: 8h 0m,01:45 - 14:45,"3845 miles, 6187 km",Boeing 787-9,287,QR 5578,,Meal (none specific),260318_MF846_01451445,text,True,2026-02-15T15:03:06.219275
18/3/2026,Wednesday,PKX,arrival,14:45,MF8107,XiamenAir,Duration: 2h 45m,12:00 - 14:45,"961 miles, 1546 km",Boeing 787-8,237,MU 4648 /HO 7022 /G5 9203 /3U 2273 /NS 8107 /CZ 4072,,Meal (none specific),260318_MF8107_12001445,text,True,2026-02-15T15:03:06.585436
18/3/2026,Wednesday,PKX,arrival,14:45,MF8470,XiamenAir,Duration: 2h 50m,11:55 - 14:45,"933 miles, 1501 km",Airbus A321neo,208,MU 4701 /GJ 3946 /HO 7231 /G5 9138 /3U 2574 /NS 8470 /CZ 4373 /KL 3784,,Meal (none specific),260318_MF8470_11551445,text,True,2026-02-15T15:03:06.960435
18/3/2026,Wednesday,PKX,arrival,14:45,QR892,Qatar Airways,Duration: 7h 50m,01:55 - 14:45,"3845 miles, 6187 km",Airbus A350-900,283,AY 2767 /CZ 712 /MF 6202 /BA 7698 /IB 6418,,Meal (none specific),260318_QR892_01551445,text,True,2026-02-15T15:03:07.366056
18/3/2026,Wednesday,PKX,arrival,14:50,CZ8880,China Southern,Duration: 2h 25m,12:25 - 14:50,"641 miles, 1031 km",Airbus A330-300,283,,,Meal (none specific),260318_CZ8880_12251450,text,True,2026-02-15T15:03:07.730281
18/3/2026,Wednesday,PKX,arrival,14:50,MU6304,China Eastern,Duration: 3h 0m,11:50 - 14:50,"1134 miles, 1825 km",Airbus A330-300,290,KN 6733 /MF 7507 /SV 6848 /EY 5756,,Meal (none specific),260318_MU6304_11501450,text,True,2026-02-15T15:03:08.100279
18/3/2026,Wednesday,PKX,arrival,14:55,CZ3103,China Southern,Duration: 2h 55m,12:00 - 14:55,"1134 miles, 1825 km",Boeing 777-300ER,361,,,Meal (none specific),260318_CZ3103_12001455,text,True,2026-02-15T15:03:08.516202
18/3/2026,Wednesday,PKX,arrival,14:55,CZ6121,China Southern,Duration: 1h 25m,13:30 - 14:55,"279 miles, 449 km",Airbus A320,158,,,Meal (none specific),260318_CZ6121_13301455,text,True,2026-02-15T15:03:08.900387
18/3/2026,Wednesday,PKX,arrival,14:55,CZ318,China Southern,Duration: 2h 25m,13:30 - 14:55,"579 miles, 932 km",Airbus A321,188,,,Meal (none specific),260318_CZ318_13301455,text,True,2026-02-15T15:03:09.286572
18/3/2026,Wednesday,PKX,arrival,14:55,MU5169,China Eastern,Duration: 1h 35m,13:20 - 14:55,"523 miles, 842 km",Airbus A320,158,KN 6513 /CZ 1924 /MF 3581 /EY 5820,,Meal (none specific),260318_MU5169_13201455,text,True,2026-02-15T15:03:09.683106
18/3/2026,Wednesday,PKX,arrival,15:00,MU2109,China Eastern,Duration: 2h 0m,13:00 - 15:00,"552 miles, 888 km",Airbus A320neo,158,KN 6381 /MF 3008 /EY 5955,,Meal (none specific),260318_MU2109_13001500,text,True,2026-02-15T15:03:10.055285
18/3/2026,Wednesday,PKX,arrival,15:10,CA8632,Air China,Duration: 2h 25m,12:45 - 15:10,"865 miles, 1392 km",Boeing 737MAX 8 Passenger,176,ZH 4894,,Meal (none specific),260318_CA8632_12451510,text,True,2026-02-15T15:03:10.420920
18/3/2026,Wednesday,PKX,arrival,15:10,CZ5849,China Southern,Duration: 3h 0m,12:10 - 15:10,"1117 miles, 1797 km",Boeing 737-800 Passenger,172,,,Meal (none specific),260318_CZ5849_12101510,text,True,2026-02-15T15:03:10.806001
18/3/2026,Wednesday,PKX,arrival,15:10,MF8396,XiamenAir,Duration: 2h 55m,12:15 - 15:10,"1134 miles, 1825 km",Boeing 737-800 Passenger,172,MU 4693 /GJ 3914 /HO 7171 /G5 9124 /3U 2508 /NS 8396 /CZ 4307,,Meal (none specific),260318_MF8396_12151510,text,True,2026-02-15T15:03:11.190724
18/3/2026,Wednesday,PKX,arrival,15:15,CZ6162,China Southern,Duration: 2h 45m,12:30 - 15:15,"940 miles, 1512 km",Boeing 737MAX 8 Passenger,175,,,Meal (none specific),260318_CZ6162_12301515,text,True,2026-02-15T15:03:11.582255
18/3/2026,Wednesday,PKX,arrival,15:15,CZ3287,China Southern,Duration: 2h 45m,12:30 - 15:15,"1060 miles, 1706 km",Boeing 737-800 Passenger,172,,,Meal (none specific),260318_CZ3287_12301515,text,True,2026-02-15T15:03:11.983393
18/3/2026,Wednesday,PKX,arrival,15:15,HO2217,Juneyao Airlines,Duration: 2h 15m,13:00 - 15:15,"641 miles, 1031 km",Airbus A320,159,,,Meal (none specific),260318_HO2217_13001515,text,True,2026-02-15T15:03:12.358471
18/3/2026,Wednesday,PKX,arrival,15:15,KN5938,China United Airlines,Duration: 2h 50m,12:25 - 15:15,"961 miles, 1546 km",Boeing 737 Passenger,178,MU 8228,,Meal (none specific),260318_KN5938_12251515,text,True,2026-02-15T15:03:12.730291
18/3/2026,Wednesday,PKX,arrival,15:15,MF8336,XiamenAir,Duration: 3h 5m,12:10 - 15:15,"1182 miles, 1902 km",Airbus A321neo,208,MU 4683 /GJ 3878 /HO 7115 /G5 9274 /3U 2450 /NS 8336 /CZ 4249,,Meal (none specific),260318_MF8336_12101515,text,True,2026-02-15T15:03:13.116189
18/3/2026,Wednesday,PKX,arrival,15:15,MU5705,China Eastern,Duration: 3h 15m,12:00 - 15:15,"1273 miles, 2048 km",Boeing 737-800 Passenger,168,KN 6557 /MF 3967 /EY 5861,,Meal (none specific),260318_MU5705_12001515,text,True,2026-02-15T15:03:13.498387
18/3/2026,Wednesday,PKX,arrival,15:25,CA8698,Air China,Duration: 2h 50m,12:35 - 15:25,"941 miles, 1514 km",Boeing 737-800 Passenger,167,ZH 4298,,Meal (none specific),260318_CA8698_12351525,text,True,2026-02-15T15:03:13.877025
18/3/2026,Wednesday,PKX,arrival,15:25,CZ8898,China Southern,Duration: 2h 55m,12:30 - 15:25,"1045 miles, 1681 km",Airbus A320neo,166,,,Meal (none specific),260318_CZ8898_12301525,text,True,2026-02-15T15:03:14.981828
18/3/2026,Wednesday,PKX,arrival,15:30,CZ8930,China Southern,Duration: 2h 25m,13:05 - 15:30,"729 miles, 1173 km",Airbus A320neo,166,,,Meal (none specific),260318_CZ8930_13051530,text,True,2026-02-15T15:03:15.359957
18/3/2026,Wednesday,PKX,arrival,15:30,KN5898,China United Airlines,Duration: 3h 40m,11:50 - 15:30,"1321 miles, 2125 km",Boeing 737 Passenger,178,MU 8212,,Meal (none specific),260318_KN5898_11501530,text,True,2026-02-15T15:03:15.742867
18/3/2026,Wednesday,PKX,arrival,15:40,CZ8891,China Southern,Duration: 4h 15m,11:25 - 15:40,"1595 miles, 2566 km",Boeing 737MAX 8 Passenger,175,,,Meal (none specific),260318_CZ8891_11251540,text,True,2026-02-15T15:03:16.785320
18/3/2026,Wednesday,PKX,arrival,15:40,CZ3193,China Southern,Duration: 3h 10m,12:30 - 15:40,"1182 miles, 1902 km",Airbus A321,188,,,Meal (none specific),260318_CZ3193_12301540,text,True,2026-02-15T15:03:17.140981
18/3/2026,Wednesday,PKX,arrival,15:40,CZ8793,China Southern,Duration: 3h 10m,12:30 - 15:40,"1229 miles, 1977 km",Boeing 737-800 Passenger,172,,,Meal (none specific),260318_CZ8793_12301540,text,True,2026-02-15T15:03:17.536352
18/3/2026,Wednesday,PKX,arrival,15:40,MU6308,China Eastern,Duration: 2h 55m,12:45 - 15:40,"1134 miles, 1825 km",Airbus A321,177,KN 6736 /MF 7510 /SV 6843 /EY 5712,,Meal (none specific),260318_MU6308_12451540,text,True,2026-02-15T15:03:17.935291
18/3/2026,Wednesday,PKX,arrival,15:40,MU2111,China Eastern,Duration: 1h 40m,14:00 - 15:40,"552 miles, 888 km",Airbus A321,177,KN 6383 /MF 3010 /EY 5956,,Meal (none specific),260318_MU2111_14001540,text,True,2026-02-15T15:03:18.365228
18/3/2026,Wednesday,PKX,arrival,15:45,MU2559,China Eastern,Duration: 2h 5m,13:40 - 15:45,"618 miles, 994 km",Boeing 737-200 Mixed Configuration,75,KN 6439 /MF 3313 /EY 5948,,Meal (none specific),260318_MU2559_13401545,text,True,2026-02-15T15:03:18.850531
18/3/2026,Wednesday,PKX,arrival,15:50,CZ6193,China Southern,Duration: 2h 10m,13:40 - 15:50,"572 miles, 920 km",Airbus A320,158,,,Meal (none specific),260318_CZ6193_13401550,text,True,2026-02-15T15:03:19.297008
18/3/2026,Wednesday,PKX,arrival,15:55,CZ6599,China Southern,Duration: 2h 25m,13:30 - 15:55,"807 miles, 1298 km",Airbus A321,188,,,Meal (none specific),260318_CZ6599_13301555,text,True,2026-02-15T15:03:19.700341
18/3/2026,Wednesday,PKX,arrival,15:55,KN5838,China United Airlines,Duration: 2h 25m,13:30 - 15:55,"861 miles, 1385 km",Boeing 737 Passenger,178,MU 8196,,Meal (none specific),260318_KN5838_13301555,text,True,2026-02-15T15:03:20.075377
18/3/2026,Wednesday,PKX,arrival,15:55,MF8212,XiamenAir,Duration: 3h 5m,12:50 - 15:55,"964 miles, 1551 km",Boeing 737-800 Passenger,172,3U 2354 /CZ 4153 /G5 9050 /MU 4675 /NS 8212,,Meal (none specific),260318_MF8212_12501555,text,True,2026-02-15T15:03:20.491776
18/3/2026,Wednesday,PKX,arrival,15:55,MU6642,China Eastern,Duration: 2h 45m,13:10 - 15:55,"940 miles, 1512 km",Airbus A320neo,158,KN 6764 /3U 5442 /MF 2214 /EY 5784,,Meal (none specific),260318_MU6642_13101555,text,True,2026-02-15T15:03:20.874183
18/3/2026,Wednesday,PKX,arrival,15:55,MU6074,China Eastern,Duration: 3h 0m,12:55 - 15:55,"1204 miles, 1937 km",Airbus A320neo,158,,,Meal (none specific),260318_MU6074_12551555,text,True,2026-02-15T15:03:21.257898
18/3/2026,Wednesday,PKX,arrival,15:55,MU5187,China Eastern,Duration: 2h 15m,13:40 - 15:55,"752 miles, 1210 km",Airbus A320,158,CZ 1928 /KN 6527 /MF 3593 /EY 5854,,Meal (none specific),260318_MU5187_13401555,text,True,2026-02-15T15:03:21.638628
18/3/2026,Wednesday,PKX,arrival,15:55,MU9707,China Eastern,Duration: 3h 10m,12:45 - 15:55,"1117 miles, 1797 km",Boeing 737 Passenger,168,KN 6801 /CZ 1946 /MF 2321 /EY 5905,,Meal (none specific),260318_MU9707_12451555,text,True,2026-02-15T15:03:22.030200
18/3/2026,Wednesday,PKX,arrival,16:00,9C7518,Spring Airlines,Duration: 2h 30m,13:30 - 16:00,"729 miles, 1173 km",Airbus A320,180,,,Meal (none specific),260318_9C7518_13301600,text,True,2026-02-15T15:03:22.436413
18/3/2026,Wednesday,PKX,arrival,16:00,CA8684,Air China,Duration: 1h 25m,14:35 - 16:00,"306 miles, 492 km",Boeing 737MAX 8 Passenger,176,SC 5744 /ZH 4994,,Meal (none specific),260318_CA8684_14351600,text,True,2026-02-15T15:03:22.822378
18/3/2026,Wednesday,PKX,arrival,16:00,CZ8848,China Southern,Duration: 2h 30m,13:30 - 16:00,"940 miles, 1512 km",Airbus A330-300,283,,,Meal (none specific),260318_CZ8848_13301600,text,True,2026-02-15T15:03:23.226273
18/3/2026,Wednesday,PKX,arrival,16:00,CZ8974,China Southern,Duration: 2h 55m,13:05 - 16:00,"1029 miles, 1656 km",Airbus A321neo,198,,,Meal (none specific),260318_CZ8974_13051600,text,True,2026-02-15T15:03:23.630742
18/3/2026,Wednesday,PKX,arrival,16:00,KN5306,China United Airlines,Duration: 2h 40m,13:20 - 16:00,"923 miles, 1485 km",Boeing 737 Passenger,178,MU 8096,,Meal (none specific),260318_KN5306_13201600,text,True,2026-02-15T15:03:24.041839
18/3/2026,Wednesday,PKX,arrival,16:00,KN5936,China United Airlines,Duration: 2h 30m,13:30 - 16:00,"746 miles, 1200 km",Boeing 737 Passenger,178,MU 8272,,Meal (none specific),260318_KN5936_13301600,text,True,2026-02-15T15:03:24.427409
18/3/2026,Wednesday,PKX,arrival,16:00,NS8030,Hebei Airlines,Duration: 3h 0m,13:00 - 16:00,"1060 miles, 1706 km",Boeing 737-800 Passenger,177,RY 2088 /MF 7089 /CZ 1485,,Meal (none specific),260318_NS8030_13001600,text,True,2026-02-15T15:03:24.828544
18/3/2026,Wednesday,PKX,arrival,16:10,MU6378,China Eastern,Duration: 3h 35m,12:35 - 16:10,"1532 miles, 2465 km",Airbus A320neo,158,KN 6750 /MF 7546,,Meal (none specific),260318_MU6378_12351610,text,True,2026-02-15T15:03:25.233622
18/3/2026,Wednesday,PKX,arrival,16:15,CZ3179,China Southern,Duration: 3h 15m,13:00 - 16:15,"1134 miles, 1825 km",Airbus A321neo,198,,,Meal (none specific),260318_CZ3179_13001615,text,True,2026-02-15T15:03:25.610347
18/3/2026,Wednesday,PKX,arrival,16:15,CZ6157,China Southern,Duration: 3h 40m,12:35 - 16:15,"1405 miles, 2261 km",Airbus A321,188,,,Meal (none specific),260318_CZ6157_12351615,text,True,2026-02-15T15:03:26.025304
18/3/2026,Wednesday,PKX,arrival,16:15,CZ8972,China Southern,Duration: 3h 5m,13:10 - 16:15,"953 miles, 1533 km",Airbus A321,188,,,Meal (none specific),260318_CZ8972_13101615,text,True,2026-02-15T15:03:26.404042
18/3/2026,Wednesday,PKX,arrival,16:15,CZ8229,China Southern,Duration: 4h 25m,11:50 - 16:15,"1532 miles, 2465 km",Airbus A321,188,,,Meal (none specific),260318_CZ8229_11501615,text,True,2026-02-15T15:03:26.785395
18/3/2026,Wednesday,PKX,arrival,16:15,KN5382,China United Airlines,Duration: 2h 45m,13:30 - 16:15,"978 miles, 1574 km",Boeing 737 Passenger,178,MU 8256,,Meal (none specific),260318_KN5382_13301615,text,True,2026-02-15T15:03:27.176166
18/3/2026,Wednesday,PKX,arrival,16:15,MF8394,XiamenAir,Duration: 3h 50m,12:25 - 16:15,"1532 miles, 2465 km",Airbus A321neo,208,MU 4691 /GJ 3912 /HO 7169 /G5 9122 /3U 2506 /NS 8394 /CZ 4305,,Meal (none specific),260318_MF8394_12251615,text,True,2026-02-15T15:03:28.261878
18/3/2026,Wednesday,PKX,arrival,16:20,CA132,Air China,Duration: 2h 30m,14:50 - 16:20,"563 miles, 906 km",Boeing 737-800 Passenger,167,,,Meal (none specific),260318_CA132_14501620,text,True,2026-02-15T15:03:28.687296
18/3/2026,Wednesday,PKX,arrival,16:25,JD5112,Capital Airlines,Duration: 3h 35m,12:50 - 16:25,"1526 miles, 2455 km",Airbus A320,169,,,Meal (none specific),260318_JD5112_12501625,text,True,2026-02-15T15:03:29.059424
18/3/2026,Wednesday,PKX,arrival,16:30,CZ5661,China Southern,Duration: 2h 0m,14:30 - 16:30,"618 miles, 994 km",Boeing 737-800 Passenger,172,,,Meal (none specific),260318_CZ5661_14301630,text,True,2026-02-15T15:03:29.450313
18/3/2026,Wednesday,PKX,arrival,16:30,KN5502,China United Airlines,Duration: 1h 30m,15:00 - 16:30,"312 miles, 502 km",Boeing 737 Passenger,178,MU 8258,,Meal (none specific),260318_KN5502_15001630,text,True,2026-02-15T15:03:29.825046
18/3/2026,Wednesday,PKX,arrival,16:35,CZ8824,China Southern,Duration: 1h 55m,14:40 - 16:35,"552 miles, 888 km",Boeing 737-800 Passenger,172,,,Meal (none specific),260318_CZ8824_14401635,text,True,2026-02-15T15:03:30.214361
18/3/2026,Wednesday,PKX,arrival,16:40,CA8606,Air China,Duration: 2h 0m,14:40 - 16:40,"770 miles, 1239 km",Boeing 737-800 Passenger,167,,,Meal (none specific),260318_CA8606_14401640,text,True,2026-02-15T15:03:30.600417
18/3/2026,Wednesday,PKX,arrival,16:40,CA8628,Air China,Duration: 3h 15m,13:25 - 16:40,"1405 miles, 2261 km",Boeing 737-800 Passenger,167,,,Meal (none specific),260318_CA8628_13251640,text,True,2026-02-15T15:03:31.030900
18/3/2026,Wednesday,PKX,arrival,16:40,CZ3167,China Southern,Duration: 3h 10m,13:30 - 16:40,"1182 miles, 1902 km",Airbus A320neo,166,,,Meal (none specific),260318_CZ3167_13301640,text,True,2026-02-15T15:03:31.418579
18/3/2026,Wednesday,PKX,arrival,16:40,MU2074,China Eastern,Duration: 2h 0m,15:40 - 16:40,"563 miles, 906 km",Airbus A321,177,,,Meal (none specific),260318_MU2074_15401640,text,True,2026-02-15T15:03:31.826629
18/3/2026,Wednesday,PKX,arrival,16:40,MU6664,China Eastern,Duration: 2h 55m,13:45 - 16:40,"1182 miles, 1902 km",Airbus A320neo,158,KN 6778 /MF 2228 /EY 5733,,Meal (none specific),260318_MU6664_13451640,text,True,2026-02-15T15:03:32.197317
18/3/2026,Wednesday,PKX,arrival,16:45,CZ3902,China Southern,Duration: 3h 15m,13:30 - 16:45,"1273 miles, 2048 km",Airbus A321neo,198,,,Meal (none specific),260318_CZ3902_13301645,text,True,2026-02-15T15:03:32.570239
18/3/2026,Wednesday,PKX,arrival,16:50,CZ6658,China Southern,Duration: 2h 20m,14:30 - 16:50,"679 miles, 1093 km",Airbus A320,158,,,Meal (none specific),260318_CZ6658_14301650,text,True,2026-02-15T15:03:32.970884
18/3/2026,Wednesday,PKX,arrival,16:50,OQ2003,Chongqing Airlines,Duration: 2h 30m,14:20 - 16:50,"879 miles, 1414 km",Airbus A320,175,,,Meal (none specific),260318_OQ2003_14201650,text,True,2026-02-15T15:03:33.358123
18/3/2026,Wednesday,PKX,arrival,16:55,CZ6133,China Southern,Duration: 1h 25m,15:30 - 16:55,"279 miles, 449 km",Airbus A320,158,,,Meal (none specific),260318_CZ6133_15301655,text,True,2026-02-15T15:03:33.745333
18/3/2026,Wednesday,PKX,arrival,16:55,CZ5654,China Southern,Duration: 4h 0m,12:55 - 16:55,"1532 miles, 2465 km",Airbus A321neo,198,,,Meal (none specific),260318_CZ5654_12551655,text,True,2026-02-15T15:03:34.135726
18/3/2026,Wednesday,PKX,arrival,16:55,CZ3737,China Southern,Duration: 3h 15m,13:40 - 16:55,"1229 miles, 1977 km",Airbus A320,158,,,Meal (none specific),260318_CZ3737_13401655,text,True,2026-02-15T15:03:34.529274
18/3/2026,Wednesday,PKX,arrival,16:55,MU5189,China Eastern,Duration: 2h 5m,14:50 - 16:55,"684 miles, 1101 km",Airbus A321,177,KN 6529 /CZ 1968 /HO 5602 /MF 3595 /EY 5866,,Meal (none specific),260318_MU5189_14501655,text,True,2026-02-15T15:03:34.904880
18/3/2026,Wednesday,PKX,arrival,17:00,CA8614,Air China,Duration: 1h 40m,15:20 - 17:00,"473 miles, 761 km",Boeing 737-800 Passenger,167,SC 5685,,Meal (none specific),260318_CA8614_15201700,text,True,2026-02-15T15:03:35.321830
18/3/2026,Wednesday,PKX,arrival,17:00,MF8171,XiamenAir,Duration: 3h 0m,14:00 - 17:00,"961 miles, 1546 km",Boeing 737-800 Passenger,172,MU 4672 /HO 7054 /G5 9155 /3U 2329 /NS 8171 /CZ 4128,,Meal (none specific),260318_MF8171_14001700,text,True,2026-02-15T15:03:35.714239
18/3/2026,Wednesday,PKX,arrival,17:00,QW6245,Qingdao Airlines,Duration: 3h 0m,14:00 - 17:00,"1144 miles, 1841 km",Airbus A320,158,CZ 9461 /3U 4639,,Meal (none specific),260318_QW6245_14001700,text,True,2026-02-15T15:03:36.092989
18/3/2026,Wednesday,PKX,arrival,17:05,CZ3109,China Southern,Duration: 3h 5m,14:00 - 17:05,"1134 miles, 1825 km",Boeing 777-300ER,361,,,Meal (none specific),260318_CZ3109_14001705,text,True,2026-02-15T15:03:36.504945
18/3/2026,Wednesday,PKX,arrival,17:05,SV888,Saudia,Duration: 8h 55m,03:10 - 17:05,"4117 miles, 6624 km",Boeing 787-9,297,MU 4912,,Meal (none specific),260318_SV888_03101705,text,True,2026-02-15T15:03:36.896381
18/3/2026,Wednesday,PKX,arrival,17:10,KN5930,China United Airlines,Duration: 2h 10m,15:00 - 17:10,"730 miles, 1175 km",Boeing 737 Passenger,178,MU 8224,,Meal (none specific),260318_KN5930_15001710,text,True,2026-02-15T15:03:37.279212
18/3/2026,Wednesday,PKX,arrival,17:15,CA8382,Air China,Duration: 2h 30m,14:45 - 17:15,"813 miles, 1308 km",Boeing 737-800 Passenger,167,ZH 4790,,Meal (none specific),260318_CA8382_14451715,text,True,2026-02-15T15:03:37.691067
18/3/2026,Wednesday,PKX,arrival,17:15,KN5858,China United Airlines,Duration: 3h 10m,14:05 - 17:15,"1182 miles, 1902 km",Boeing 737 Passenger,178,MU 8200,,Meal (none specific),260318_KN5858_14051715,text,True,2026-02-15T15:03:38.080350
18/3/2026,Wednesday,PKX,arrival,17:15,MF8484,XiamenAir,Duration: 3h 10m,14:05 - 17:15,"1273 miles, 2048 km",Boeing 737-800 Passenger,172,MU 4703 /HO 7241 /G5 9150 /3U 2586 /NS 8484 /CZ 4385,,Meal (none specific),260318_MF8484_14051715,text,True,2026-02-15T15:03:38.461914
18/3/2026,Wednesday,PKX,arrival,17:15,MU9739,China Eastern,Duration: 3h 15m,14:00 - 17:15,"1342 miles, 2159 km",Boeing 737 Passenger,168,KN 6805 /CZ 1950 /MF 2335 /EY 5794,,Meal (none specific),260318_MU9739_14001715,text,True,2026-02-15T15:03:38.870344
18/3/2026,Wednesday,PKX,arrival,17:25,CZ356,China Southern,Duration: 3h 20m,14:05 - 17:25,"1204 miles, 1937 km",Airbus A321neo,198,3U 7002,,Meal (none specific),260318_CZ356_14051725,text,True,2026-02-15T15:03:39.254019
18/3/2026,Wednesday,PKX,arrival,17:25,CZ6905,China Southern,Duration: 3h 55m,13:30 - 17:25,"1523 miles, 2451 km",Boeing 737-800 Passenger,172,,,Meal (none specific),260318_CZ6905_13301725,text,True,2026-02-15T15:03:39.629308
18/3/2026,Wednesday,PKX,arrival,17:30,MU6684,China Eastern,Duration: 2h 40m,14:50 - 17:30,"879 miles, 1414 km",Airbus A320neo,158,KN 6787 /MF 2237 /EY 5769,,Meal (none specific),260318_MU6684_14501730,text,True,2026-02-15T15:03:40.707097
18/3/2026,Wednesday,PKX,arrival,17:30,MU5179,China Eastern,Duration: 2h 35m,14:55 - 17:30,"730 miles, 1175 km",Airbus A320,158,KN 6521 /CZ 1977 /MF 3587 /EY 6033,,Meal (none specific),260318_MU5179_14551730,text,True,2026-02-15T15:03:41.110986
18/3/2026,Wednesday,PKX,arrival,17:35,CA8664,Air China,Duration: 2h 15m,15:20 - 17:35,"676 miles, 1088 km",Boeing 737-800 Passenger,167,ZH 4964,,Meal (none specific),260318_CA8664_15201735,text,True,2026-02-15T15:03:41.518917
18/3/2026,Wednesday,PKX,arrival,17:35,CZ8931,China Southern,Duration: 3h 40m,13:55 - 17:35,"1405 miles, 2261 km",Airbus A321,188,,,Meal (none specific),260318_CZ8931_13551735,text,True,2026-02-15T15:03:41.909009
18/3/2026,Wednesday,PKX,arrival,17:35,CZ5300,China Southern,Duration: 3h 40m,13:55 - 17:35,"1526 miles, 2455 km",Airbus A320,158,,,Meal (none specific),260318_CZ5300_13551735,text,True,2026-02-15T15:03:42.289993
18/3/2026,Wednesday,PKX,arrival,17:40,CA8367,Air China,Duration: 2h 10m,15:30 - 17:40,"684 miles, 1101 km",Airbus A319,128,SC 5612 /ZH 1067,,Meal (none specific),260318_CA8367_15301740,text,True,2026-02-15T15:03:42.678247
18/3/2026,Wednesday,PKX,arrival,17:40,KN5536,China United Airlines,Duration: 2h 0m,15:40 - 17:40,"544 miles, 875 km",Boeing 737 Passenger,178,MU 8134,,Meal (none specific),260318_KN5536_15401740,text,True,2026-02-15T15:03:43.075271
18/3/2026,Wednesday,PKX,arrival,17:45,CZ6149,China Southern,Duration: 2h 15m,15:30 - 17:45,"572 miles, 920 km",Airbus A321neo,198,,,Meal (none specific),260318_CZ6149_15301745,text,True,2026-02-15T15:03:43.467531
18/3/2026,Wednesday,PKX,arrival,17:45,CZ3153,China Southern,Duration: 3h 15m,14:30 - 17:45,"1182 miles, 1902 km",Airbus A321neo,198,,,Meal (none specific),260318_CZ3153_14301745,text,True,2026-02-15T15:03:43.867891
18/3/2026,Wednesday,PKX,arrival,17:45,KN5968,China United Airlines,Duration: 2h 45m,15:00 - 17:45,"1029 miles, 1656 km",Boeing 737 Passenger,178,MU 8234,,Meal (none specific),260318_KN5968_15001745,text,True,2026-02-15T15:03:44.274943
18/3/2026,Wednesday,PKX,arrival,17:55,CA8393,Air China,Duration: 3h 15m,14:40 - 17:55,"1134 miles, 1825 km",Airbus A321,180,ZH 4493,,Meal (none specific),260318_CA8393_14401755,text,True,2026-02-15T15:03:44.684312
18/3/2026,Wednesday,PKX,arrival,17:55,CZ8858,China Southern,Duration: 2h 20m,15:35 - 17:55,"684 miles, 1101 km",Airbus A321,188,,,Meal (none specific),260318_CZ8858_15351755,text,True,2026-02-15T15:03:45.093196
18/3/2026,Wednesday,PKX,arrival,17:55,CZ3687,China Southern,Duration: 2h 55m,15:00 - 17:55,"1059 miles, 1704 km",Boeing 737-800 Passenger,172,,,Meal (none specific),260318_CZ3687_15001755,text,True,2026-02-15T15:03:45.494274
18/3/2026,Wednesday,PKX,arrival,17:55,CZ6227,China Southern,Duration: 3h 55m,14:00 - 17:55,"1532 miles, 2465 km",Airbus A321,188,,,Meal (none specific),260318_CZ6227_14001755,text,True,2026-02-15T15:03:45.889332
18/3/2026,Wednesday,PKX,arrival,17:55,MU2453,China Eastern,Duration: 2h 15m,15:40 - 17:55,"749 miles, 1205 km",Boeing 737-500 (winglets) Passenger,168,KN 6417 /CZ 1906 /MF 3247 /EY 5804,,Meal (none specific),260318_MU2453_15401755,text,True,2026-02-15T15:03:46.278266
18/3/2026,Wednesday,PKX,arrival,17:55,MU6602,China Eastern,Duration: 5h 0m,12:55 - 17:55,"2146 miles, 3453 km",Airbus A320neo,158,,,Meal (none specific),260318_MU6602_12551755,text,True,2026-02-15T15:03:46.662890
18/3/2026,Wednesday,PKX,arrival,18:00,MF8105,XiamenAir,Duration: 3h 0m,15:00 - 18:00,"1045 miles, 1681 km",Airbus A321neo,208,MU 4646 /HO 7020 /G5 9199 /3U 2271 /NS 8105 /CZ 4070 /KL 3761,,Meal (none specific),260318_MF8105_15001800,text,True,2026-02-15T15:03:47.061874
18/3/2026,Wednesday,PKX,arrival,18:00,MU2443,China Eastern,Duration: 2h 30m,15:30 - 18:00,"812 miles, 1307 km",Airbus A320,158,KN 6413 /CZ 1908 /MF 3239 /EY 5895,,Meal (none specific),260318_MU2443_15301800,text,True,2026-02-15T15:03:48.915086
18/3/2026,Wednesday,PKX,arrival,18:05,MU2415,China Eastern,Duration: 2h 20m,15:45 - 18:05,"729 miles, 1173 km",Airbus A320,158,KN 6405 /CZ 1904 /G5 8539 /MF 3219 /SV 6943,,Meal (none specific),260318_MU2415_15451805,text,True,2026-02-15T15:03:49.311914
18/3/2026,Wednesday,PKX,arrival,18:15,CA8602,Air China,Duration: 2h 20m,15:55 - 18:15,"577 miles, 928 km",Boeing 737-800 Passenger,167,SC 5666 /ZH 4902,,Meal (none specific),260318_CA8602_15551815,text,True,2026-02-15T15:03:49.707077
18/3/2026,Wednesday,PKX,arrival,18:15,CA8608,Air China,Duration: 1h 40m,16:35 - 18:15,"520 miles, 837 km",Boeing 737-800 Passenger,167,ZH 4808,,Meal (none specific),260318_CA8608_16351815,text,True,2026-02-15T15:03:50.100923
18/3/2026,Wednesday,PKX,arrival,18:15,CZ3999,China Southern,Duration: 3h 15m,15:00 - 18:15,"1134 miles, 1825 km",Airbus A320neo,166,,,Meal (none specific),260318_CZ3999_15001815,text,True,2026-02-15T15:03:50.516346
18/3/2026,Wednesday,PKX,arrival,18:15,CZ6110,China Southern,Duration: 2h 45m,15:30 - 18:15,"933 miles, 1501 km",Airbus A321,188,,,Meal (none specific),260318_CZ6110_15301815,text,True,2026-02-15T15:03:50.920456
18/3/2026,Wednesday,PKX,arrival,18:15,CZ3139,China Southern,Duration: 2h 15m,16:00 - 18:15,"618 miles, 994 km",Boeing 737-800 Passenger,172,,,Meal (none specific),260318_CZ3139_16001815,text,True,2026-02-15T15:03:51.290984
18/3/2026,Wednesday,PKX,arrival,18:15,KN5992,China United Airlines,Duration: 2h 25m,15:50 - 18:15,"730 miles, 1175 km",Boeing 737 Passenger,178,MU 8246,,Meal (none specific),260318_KN5992_15501815,text,True,2026-02-15T15:03:51.702867
18/3/2026,Wednesday,PKX,arrival,18:15,MU2861,China Eastern,Duration: 2h 5m,16:10 - 18:15,"565 miles, 909 km",Airbus A319,122,CZ 1922 /KN 6485 /MF 3443 /EY 5764,,Meal (none specific),260318_MU2861_16101815,text,True,2026-02-15T15:03:52.099331
18/3/2026,Wednesday,PKX,arrival,18:25,CZ6903,China Southern,Duration: 3h 55m,14:30 - 18:25,"1523 miles, 2451 km",Boeing 737-800 Passenger,172,,,Meal (none specific),260318_CZ6903_14301825,text,True,2026-02-15T15:03:52.495945
18/3/2026,Wednesday,PKX,arrival,18:30,CA8634,Air China,Duration: 2h 30m,16:00 - 18:30,"865 miles, 1392 km",Boeing 737-800 Passenger,167,,,Meal (none specific),260318_CA8634_16001830,text,True,2026-02-15T15:03:52.912545
18/3/2026,Wednesday,PKX,arrival,18:30,JD5630,Capital Airlines,Duration: 3h 15m,15:15 - 18:30,"1273 miles, 2048 km",Airbus A320,169,,,Meal (none specific),260318_JD5630_15151830,text,True,2026-02-15T15:03:53.321085
18/3/2026,Wednesday,PKX,arrival,18:30,KN5972,China United Airlines,Duration: 2h 10m,16:20 - 18:30,"736 miles, 1184 km",Boeing 737 Passenger,178,MU 8236,,Meal (none specific),260318_KN5972_16201830,text,True,2026-02-15T15:03:53.694307
18/3/2026,Wednesday,PKX,arrival,18:30,MU5709,China Eastern,Duration: 3h 30m,15:00 - 18:30,"1273 miles, 2048 km",Boeing 737 Mixed Configuration,76,KN 6561,,Meal (none specific),260318_MU5709_15001830,text,True,2026-02-15T15:03:54.080331
18/3/2026,Wednesday,PKX,arrival,18:30,MU6530,China Eastern,Duration: 2h 30m,16:00 - 18:30,"661 miles, 1064 km",Airbus A320neo,158,,,Meal (none specific),260318_MU6530_16001830,text,True,2026-02-15T15:03:54.476224
18/3/2026,Wednesday,PKX,arrival,18:40,JD5578,Capital Airlines,Duration: 3h 50m,14:50 - 18:40,"1532 miles, 2465 km",Airbus A321,176,,,Meal (none specific),260318_JD5578_14501840,text,True,2026-02-15T15:03:54.879909
18/3/2026,Wednesday,PKX,arrival,18:45,CZ3189,China Southern,Duration: 3h 15m,15:30 - 18:45,"1182 miles, 1902 km",Airbus A330-300,283,,,Meal (none specific),260318_CZ3189_15301845,text,True,2026-02-15T15:03:55.941853
18/3/2026,Wednesday,PKX,arrival,18:50,CZ8886,China Southern,Duration: 2h 20m,16:30 - 18:50,"641 miles, 1031 km",Boeing 737-800 Passenger,172,,,Meal (none specific),260318_CZ8886_16301850,text,True,2026-02-15T15:03:56.334282
18/3/2026,Wednesday,PKX,arrival,18:50,RY8867,Jiangxi Airlines,Duration: 2h 20m,16:30 - 18:50,"752 miles, 1210 km",Boeing 737-800 Passenger,179,MF 2038 /NS 6867,,Meal (none specific),260318_RY8867_16301850,text,True,2026-02-15T15:03:56.709846
18/3/2026,Wednesday,PKX,arrival,18:55,CZ6138,China Southern,Duration: 2h 25m,16:30 - 18:55,"807 miles, 1298 km",Airbus A320neo,166,,,Meal (none specific),260318_CZ6138_16301855,text,True,2026-02-15T15:03:57.119577
18/3/2026,Wednesday,PKX,arrival,18:55,CZ648,China Southern,Duration: 4h 15m,15:40 - 18:55,"1311 miles, 2109 km",Airbus A330-300,283,3U 7056 /JL 5075,,Meal (none specific),260318_CZ648_15401855,text,True,2026-02-15T15:03:57.516937
18/3/2026,Wednesday,PKX,arrival,18:55,CZ6112,China Southern,Duration: 3h 20m,15:35 - 18:55,"1273 miles, 2048 km",Airbus A321,188,,,Meal (none specific),260318_CZ6112_15351855,text,True,2026-02-15T15:03:57.910891
18/3/2026,Wednesday,PKX,arrival,18:55,MU5198,China Eastern,Duration: 2h 10m,16:45 - 18:55,"679 miles, 1093 km",Airbus A320,158,KN 6538 /CZ 1933 /EY 5830,,Meal (none specific),260318_MU5198_16451855,text,True,2026-02-15T15:03:58.315095
18/3/2026,Wednesday,PKX,arrival,19:00,CA8660,Air China,Duration: 2h 35m,16:25 - 19:00,"661 miles, 1064 km",Boeing 737-800 Passenger,167,ZH 4920,,Meal (none specific),260318_CA8660_16251900,text,True,2026-02-15T15:03:58.727903
18/3/2026,Wednesday,PKX,arrival,19:00,CZ6139,China Southern,Duration: 1h 30m,17:30 - 19:00,"279 miles, 449 km",Airbus A321,188,,,Meal (none specific),260318_CZ6139_17301900,text,True,2026-02-15T15:03:59.115069
18/3/2026,Wednesday,PKX,arrival,19:00,CZ3735,China Southern,Duration: 3h 10m,15:50 - 19:00,"1229 miles, 1977 km",Boeing 737-800 Passenger,172,,,Meal (none specific),260318_CZ3735_15501900,text,True,2026-02-15T15:03:59.486320
18/3/2026,Wednesday,PKX,arrival,19:00,JD5640,Capital Airlines,Duration: 2h 25m,16:35 - 19:00,"812 miles, 1307 km",Airbus A319,141,,,Meal (none specific),260318_JD5640_16351900,text,True,2026-02-15T15:03:59.890302
18/3/2026,Wednesday,PKX,arrival,19:00,MF8119,XiamenAir,Duration: 3h 0m,16:00 - 19:00,"961 miles, 1546 km",Boeing 737MAX 8 Passenger,177,MU 4658 /HO 7028 /G5 9223 /3U 2283 /NS 8119 /CZ 4082,,Meal (none specific),260318_MF8119_16001900,text,True,2026-02-15T15:04:00.278978
18/3/2026,Wednesday,PKX,arrival,19:00,MU6676,China Eastern,Duration: 3h 45m,15:15 - 19:00,"1405 miles, 2261 km",Airbus A321,177,,,Meal (none specific),260318_MU6676_15151900,text,True,2026-02-15T15:04:00.649286
18/3/2026,Wednesday,PKX,arrival,19:00,MU5148,China Eastern,Duration: 2h 20m,16:40 - 19:00,"684 miles, 1101 km",Airbus A320neo,158,CZ 1970 /KN 6508 /MF 3562,,Meal (none specific),260318_MU5148_16401900,text,True,2026-02-15T15:04:01.040032
18/3/2026,Wednesday,PKX,arrival,19:05,9C7516,Spring Airlines,Duration: 2h 25m,16:40 - 19:05,"729 miles, 1173 km",Airbus A320,180,,,Meal (none specific),260318_9C7516_16401905,text,True,2026-02-15T15:04:01.428543
18/3/2026,Wednesday,PKX,arrival,19:15,CA8642,Air China,Duration: 1h 50m,17:25 - 19:15,"338 miles, 544 km",Boeing 737-800 Passenger,167,ZH 1042,,Meal (none specific),260318_CA8642_17251915,text,True,2026-02-15T15:04:01.820369
18/3/2026,Wednesday,PKX,arrival,19:15,CZ3115,China Southern,Duration: 3h 15m,16:00 - 19:15,"1134 miles, 1825 km",Airbus A321neo,198,,,Meal (none specific),260318_CZ3115_16001915,text,True,2026-02-15T15:04:02.211802
18/3/2026,Wednesday,PKX,arrival,19:15,CZ6184,China Southern,Duration: 2h 45m,16:30 - 19:15,"940 miles, 1512 km",Airbus A321,188,,,Meal (none specific),260318_CZ6184_16301915,text,True,2026-02-15T15:04:02.599326
18/3/2026,Wednesday,PKX,arrival,19:20,CZ6638,China Southern,Duration: 3h 40m,15:40 - 19:20,"1405 miles, 2261 km",Airbus A321,188,,,Meal (none specific),260318_CZ6638_15401920,text,True,2026-02-15T15:04:02.993005
18/3/2026,Wednesday,PKX,arrival,19:20,CZ6082,China Southern,Duration: 3h 25m,15:55 - 19:20,"1217 miles, 1958 km",Airbus A321,188,,,Meal (none specific),260318_CZ6082_15551920,text,True,2026-02-15T15:04:03.389409
18/3/2026,Wednesday,PKX,arrival,19:30,CA8392,Air China,Duration: 2h 40m,16:50 - 19:30,"1060 miles, 1706 km",Airbus A320,158,ZH 4092,,Meal (none specific),260318_CA8392_16501930,text,True,2026-02-15T15:04:03.800302
18/3/2026,Wednesday,PKX,arrival,19:30,KN5538,China United Airlines,Duration: 2h 30m,17:00 - 19:30,"720 miles, 1158 km",Boeing 737 Passenger,178,MU 8136,,Meal (none specific),260318_KN5538_17001930,text,True,2026-02-15T15:04:04.194226
18/3/2026,Wednesday,PKX,arrival,19:30,MF8131,XiamenAir,Duration: 3h 0m,16:30 - 19:30,"1029 miles, 1656 km",Boeing 737-800 Passenger,172,3U 2295 /CZ 4094 /G5 9087 /HO 7037 /MU 4664 /NS 8131 /KL 3778,,Meal (none specific),260318_MF8131_16301930,text,True,2026-02-15T15:04:04.584470
18/3/2026,Wednesday,PKX,arrival,19:30,MU2115,China Eastern,Duration: 2h 0m,17:30 - 19:30,"552 miles, 888 km",Airbus A321,177,KN 6385 /MF 3012,,Meal (none specific),260318_MU2115_17301930,text,True,2026-02-15T15:04:04.952716
18/3/2026,Wednesday,PKX,arrival,19:35,KN5980,China United Airlines,Duration: 2h 35m,17:00 - 19:35,"845 miles, 1360 km",Boeing 737 Passenger,178,MU 8238,,Meal (none specific),260318_KN5980_17001935,text,True,2026-02-15T15:04:05.311888
18/3/2026,Wednesday,PKX,arrival,19:40,MU5192,China Eastern,Duration: 2h 15m,17:25 - 19:40,"684 miles, 1101 km",Airbus A320neo,158,KN 6532 /CZ 1964 /MF 3598,,Meal (none specific),260318_MU5192_17251940,text,True,2026-02-15T15:04:05.701152
18/3/2026,Wednesday,PKX,arrival,19:40,MU5711,China Eastern,Duration: 3h 20m,16:20 - 19:40,"1273 miles, 2048 km",Airbus A321,177,KN 6563 /MF 3973,,Meal (none specific),260318_MU5711_16201940,text,True,2026-02-15T15:04:06.091697
18/3/2026,Wednesday,PKX,arrival,19:50,CZ6283,China Southern,Duration: 3h 15m,16:35 - 19:50,"1271 miles, 2045 km",Boeing 737-800 Passenger,172,,,Meal (none specific),260318_CZ6283_16351950,text,True,2026-02-15T15:04:06.457046
18/3/2026,Wednesday,PKX,arrival,19:50,CZ3157,China Southern,Duration: 3h 20m,16:30 - 19:50,"1182 miles, 1902 km",Airbus A321neo,198,,,Meal (none specific),260318_CZ3157_16301950,text,True,2026-02-15T15:04:06.827410
18/3/2026,Wednesday,PKX,arrival,19:50,KN5396,China United Airlines,Duration: 1h 20m,18:30 - 19:50,"351 miles, 565 km",Boeing 737 Passenger,178,MU 8254,,Meal (none specific),260318_KN5396_18301950,text,True,2026-02-15T15:04:07.217927
18/3/2026,Wednesday,PKX,arrival,19:50,MU790,China Eastern,Duration: 4h 10m,16:40 - 19:50,"1311 miles, 2109 km",Airbus A321,177,JL 5679,,Meal (none specific),260318_MU790_16401950,text,True,2026-02-15T15:04:08.314335
18/3/2026,Wednesday,PKX,arrival,19:55,KN878,China United Airlines,Duration: 2h 50m,19:05 - 19:55,"861 miles, 1385 km",Boeing 737 Passenger,178,MU 8299,,Meal (none specific),260318_KN878_19051955,text,True,2026-02-15T15:04:08.710998
18/3/2026,Wednesday,PKX,arrival,20:00,CZ8816,China Southern,Duration: 2h 35m,17:25 - 20:00,"879 miles, 1414 km",Airbus A320neo,166,,,Meal (none specific),260318_CZ8816_17252000,text,True,2026-02-15T15:04:09.104958
18/3/2026,Wednesday,PKX,arrival,20:00,CZ3147,China Southern,Duration: 2h 30m,17:30 - 20:00,"807 miles, 1298 km",Airbus A321,188,,,Meal (none specific),260318_CZ3147_17302000,text,True,2026-02-15T15:04:09.507185
18/3/2026,Wednesday,PKX,arrival,20:00,CZ3861,China Southern,Duration: 3h 0m,17:00 - 20:00,"1117 miles, 1797 km",Boeing 737-800 Passenger,172,,,Meal (none specific),260318_CZ3861_17002000,text,True,2026-02-15T15:04:09.898366
18/3/2026,Wednesday,PKX,arrival,20:00,CZ3725,China Southern,Duration: 2h 15m,17:45 - 20:00,"736 miles, 1184 km",Boeing 737-800 Passenger,172,,,Meal (none specific),260318_CZ3725_17452000,text,True,2026-02-15T15:04:10.285348
18/3/2026,Wednesday,PKX,arrival,20:00,MF8169,XiamenAir,Duration: 3h 0m,17:00 - 20:00,"1045 miles, 1681 km",Airbus A321neo,208,MU 4670 /HO 7053 /G5 9255 /3U 2327 /NS 8169 /CZ 4126 /KL 3760,,Meal (none specific),260318_MF8169_17002000,text,True,2026-02-15T15:04:10.692776
18/3/2026,Wednesday,PKX,arrival,20:00,MU6650,China Eastern,Duration: 2h 45m,17:15 - 20:00,"940 miles, 1512 km",Airbus A321,177,KN 6772 /3U 5450 /MF 2222,,Meal (none specific),260318_MU6650_17152000,text,True,2026-02-15T15:04:11.114195
18/3/2026,Wednesday,PKX,arrival,20:00,MU6234,China Eastern,Duration: 3h 10m,16:50 - 20:00,"1059 miles, 1704 km",Boeing 737-500 (winglets) Passenger,168,KN 6726 /MF 7484 /EY 5814,,Meal (none specific),260318_MU6234_16502000,text,True,2026-02-15T15:04:11.528351
18/3/2026,Wednesday,PKX,arrival,20:00,MU2455,China Eastern,Duration: 2h 0m,18:00 - 20:00,"618 miles, 994 km",Boeing 737-500 (winglets) Passenger,168,KN 6418 /MF 3248 /EY 5889,,Meal (none specific),260318_MU2455_18002000,text,True,2026-02-15T15:04:11.942966
18/3/2026,Wednesday,PKX,arrival,20:15,AQ1001,9 Air,Duration: 3h 10m,17:05 - 20:15,"1134 miles, 1825 km",Boeing 737-800 Passenger,167,,,Meal (none specific),260318_AQ1001_17052015,text,True,2026-02-15T15:04:12.327510
18/3/2026,Wednesday,PKX,arrival,20:15,CA8673,Air China,Duration: 2h 45m,17:30 - 20:15,"879 miles, 1414 km",Boeing 737-800 Passenger,167,ZH 4673,,Meal (none specific),260318_CA8673_17302015,text,True,2026-02-15T15:04:12.692695
18/3/2026,Wednesday,PKX,arrival,20:15,CZ6120,China Southern,Duration: 2h 50m,17:25 - 20:15,"940 miles, 1512 km",Airbus A321,188,,,Meal (none specific),260318_CZ6120_17252015,text,True,2026-02-15T15:04:13.090408
18/3/2026,Wednesday,PKX,arrival,20:15,CZ6127,China Southern,Duration: 1h 30m,18:45 - 20:15,"279 miles, 449 km",Airbus A320,158,,,Meal (none specific),260318_CZ6127_18452015,text,True,2026-02-15T15:04:13.480661
18/3/2026,Wednesday,PKX,arrival,20:15,CZ6992,China Southern,Duration: 2h 30m,17:45 - 20:15,"844 miles, 1358 km",Airbus A321neo,198,,,Meal (none specific),260318_CZ6992_17452015,text,True,2026-02-15T15:04:13.856193
18/3/2026,Wednesday,PKX,arrival,20:15,CZ8705,China Southern,Duration: 2h 5m,18:10 - 20:15,"618 miles, 994 km",Boeing 737-800 Passenger,172,,,Meal (none specific),260318_CZ8705_18102015,text,True,2026-02-15T15:04:14.223074
18/3/2026,Wednesday,PKX,arrival,20:15,MU5707,China Eastern,Duration: 3h 0m,17:15 - 20:15,"1273 miles, 2048 km",Boeing 787-9,296,KN 6559 /EY 5862,,Meal (none specific),260318_MU5707_17152015,text,True,2026-02-15T15:04:14.625453
18/3/2026,Wednesday,PKX,arrival,20:15,MU2117,China Eastern,Duration: 2h 15m,18:00 - 20:15,"552 miles, 888 km",Airbus A321,177,KN 6387 /MF 3014,,Meal (none specific),260318_MU2117_18002015,text,True,2026-02-15T15:04:15.013922
18/3/2026,Wednesday,PKX,arrival,20:20,HO1253,Juneyao Airlines,Duration: 2h 20m,18:00 - 20:20,"655 miles, 1054 km",Airbus A320,159,3U 4533 /MF 7714 /MU 3742 /CZ 152 /ZH 5143,,Meal (none specific),260318_HO1253_18002020,text,True,2026-02-15T15:04:15.400034
18/3/2026,Wednesday,PKX,arrival,20:30,CA8687,Air China,Duration: 1h 30m,19:00 - 20:30,"279 miles, 449 km",Boeing 737-800 Passenger,167,,,Meal (none specific),260318_CA8687_19002030,text,True,2026-02-15T15:04:15.775971
18/3/2026,Wednesday,PKX,arrival,20:30,CA8610,Air China,Duration: 2h 40m,17:50 - 20:30,"796 miles, 1281 km",Boeing 737-800 Passenger,167,ZH 4874,,Meal (none specific),260318_CA8610_17502030,text,True,2026-02-15T15:04:16.169421
18/3/2026,Wednesday,PKX,arrival,20:30,CA8675,Air China,Duration: 2h 50m,17:40 - 20:30,"1059 miles, 1704 km",Airbus A320,158,ZH 4925,,Meal (none specific),260318_CA8675_17402030,text,True,2026-02-15T15:04:16.573561
18/3/2026,Wednesday,PKX,arrival,20:30,FM9101,Shanghai Airlines,Duration: 2h 30m,18:00 - 20:30,"641 miles, 1031 km",Boeing 737-200 Mixed Configuration,75,MU 8331 /KN 3039,,Meal (none specific),260318_FM9101_18002030,text,True,2026-02-15T15:04:16.955328
18/3/2026,Wednesday,PKX,arrival,20:30,KN5376,China United Airlines,Duration: 2h 30m,18:00 - 20:30,"746 miles, 1200 km",Boeing 737 Passenger,178,MU 8116,,Meal (none specific),260318_KN5376_18002030,text,True,2026-02-15T15:04:17.339942
18/3/2026,Wednesday,PKX,arrival,20:30,MF8129,XiamenAir,Duration: 2h 35m,17:55 - 20:30,"684 miles, 1101 km",Airbus A321neo,208,MU 4662 /HO 7035 /G5 9029 /3U 2293 /NS 8129 /CZ 4092,,Meal (none specific),260318_MF8129_17552030,text,True,2026-02-15T15:04:17.760312
18/3/2026,Wednesday,PKX,arrival,20:30,NS8016,Hebei Airlines,Duration: 2h 10m,18:20 - 20:30,"549 miles, 883 km",Boeing 737-800 Passenger,177,RY 2078 /MF 7079 /CZ 1475,,Meal (none specific),260318_NS8016_18202030,text,True,2026-02-15T15:04:18.171778
18/3/2026,Wednesday,PKX,arrival,20:35,MU2851,China Eastern,Duration: 2h 5m,18:30 - 20:35,"557 miles, 896 km",Airbus A320neo,158,KN 6483 /CZ 1920 /MF 3441,,Meal (none specific),260318_MU2851_18302035,text,True,2026-02-15T15:04:18.597000
18/3/2026,Wednesday,PKX,arrival,20:40,CZ3191,China Southern,Duration: 3h 10m,17:30 - 20:40,"1182 miles, 1902 km",Airbus A321,188,,,Meal (none specific),260318_CZ3191_17302040,text,True,2026-02-15T15:04:18.972805
18/3/2026,Wednesday,PKX,arrival,20:45,CZ6203,China Southern,Duration: 2h 25m,18:20 - 20:45,"679 miles, 1093 km",Airbus A320neo,166,,,Meal (none specific),260318_CZ6203_18202045,text,True,2026-02-15T15:04:19.377327
18/3/2026,Wednesday,PKX,arrival,20:45,MU2016,China Eastern,Duration: 3h 15m,17:30 - 20:45,"1217 miles, 1958 km",Airbus A321,177,,,Meal (none specific),260318_MU2016_17302045,text,True,2026-02-15T15:04:19.784583
18/3/2026,Wednesday,PKX,arrival,20:45,MU2949,China Eastern,Duration: 2h 15m,18:30 - 20:45,"601 miles, 967 km",Airbus A321,177,KN 6493 /CZ 1914 /MF 3487,,Meal (none specific),260318_MU2949_18302045,text,True,2026-02-15T15:04:20.164235
18/3/2026,Wednesday,PKX,arrival,20:55,KN5606,China United Airlines,Duration: 1h 25m,19:30 - 20:55,"371 miles, 597 km",Boeing 737 Passenger,178,MU 8146,,Meal (none specific),260318_KN5606_19302055,text,True,2026-02-15T15:04:20.569086
18/3/2026,Wednesday,PKX,arrival,20:55,MU9968,China Eastern,Duration: 2h 25m,18:30 - 20:55,"807 miles, 1298 km",Airbus A320,158,KN 6818 /MF 2394 /EY 5782,,Meal (none specific),260318_MU9968_18302055,text,True,2026-02-15T15:04:20.982096
18/3/2026,Wednesday,PKX,arrival,21:00,CZ5656,China Southern,Duration: 3h 25m,17:35 - 21:00,"1273 miles, 2048 km",Airbus A320neo,166,,,Meal (none specific),260318_CZ5656_17352100,text,True,2026-02-15T15:04:21.371830
18/3/2026,Wednesday,PKX,arrival,21:00,JD5907,Capital Airlines,Duration: 2h 10m,18:50 - 21:00,"684 miles, 1101 km",Airbus A320,169,,,Meal (none specific),260318_JD5907_18502100,text,True,2026-02-15T15:04:21.756031
18/3/2026,Wednesday,PKX,arrival,21:00,NS8078,Hebei Airlines,Duration: 2h 30m,18:30 - 21:00,"711 miles, 1144 km",Boeing 737-800 Passenger,177,RY 2102 /MF 7103 /CZ 1499,,Meal (none specific),260318_NS8078_18302100,text,True,2026-02-15T15:04:22.150031
18/3/2026,Wednesday,PKX,arrival,21:05,CA764,Air China,Duration: 3h 25m,17:40 - 21:05,"1204 miles, 1937 km",Boeing 737-800 Passenger,167,CX 6164,,Meal (none specific),260318_CA764_17402105,text,True,2026-02-15T15:04:22.551926
18/3/2026,Wednesday,PKX,arrival,21:05,CZ3111,China Southern,Duration: 3h 5m,18:00 - 21:05,"1134 miles, 1825 km",Airbus A321neo,198,SV 6005,,Meal (none specific),260318_CZ3111_18002105,text,True,2026-02-15T15:04:22.965266
18/3/2026,Wednesday,PKX,arrival,21:15,MU5175,China Eastern,Duration: 2h 15m,19:00 - 21:15,"752 miles, 1210 km",Airbus A320,158,KN 6517 /CZ 1931,,Meal (none specific),260318_MU5175_19002115,text,True,2026-02-15T15:04:23.369883
18/3/2026,Wednesday,PKX,arrival,21:20,MU5134,China Eastern,Duration: 2h 15m,19:05 - 21:20,"684 miles, 1101 km",Airbus A321,177,KN 6502 /CZ 1962 /MF 3550,,Meal (none specific),260318_MU5134_19052120,text,True,2026-02-15T15:04:23.751869
18/3/2026,Wednesday,PKX,arrival,21:25,MU5183,China Eastern,Duration: 2h 5m,19:20 - 21:25,"641 miles, 1031 km",Airbus A330-300,290,KN 6523 /CZ 1958 /MF 3589,,Meal (none specific),260318_MU5183_19202125,text,True,2026-02-15T15:04:24.146389
18/3/2026,Wednesday,PKX,arrival,21:30,CZ3935,China Southern,Duration: 2h 30m,19:00 - 21:30,"807 miles, 1298 km",Airbus A320,158,,,Meal (none specific),260318_CZ3935_19002130,text,True,2026-02-15T15:04:24.543995
18/3/2026,Wednesday,PKX,arrival,21:30,MU2417,China Eastern,Duration: 2h 20m,19:10 - 21:30,"729 miles, 1173 km",Airbus A320,158,KN 6407 /CZ 1902 /G5 6752 /MF 3221 /SV 6853 /EY 6004,,Meal (none specific),260318_MU2417_19102130,text,True,2026-02-15T15:04:24.926164
18/3/2026,Wednesday,PKX,arrival,21:35,CZ6179,China Southern,Duration: 2h 15m,19:20 - 21:35,"572 miles, 920 km",Airbus A320neo,166,,,Meal (none specific),260318_CZ6179_19202135,text,True,2026-02-15T15:04:25.340340
18/3/2026,Wednesday,PKX,arrival,21:35,CZ6907,China Southern,Duration: 4h 5m,17:30 - 21:35,"1523 miles, 2451 km",Airbus A321neo,198,,,Meal (none specific),260318_CZ6907_17302135,text,True,2026-02-15T15:04:25.776980
18/3/2026,Wednesday,PKX,arrival,21:45,KN5310,China United Airlines,Duration: 2h 35m,19:10 - 21:45,"807 miles, 1298 km",Boeing 737 Passenger,178,MU 8100,,Meal (none specific),260318_KN5310_19102145,text,True,2026-02-15T15:04:26.190349
18/3/2026,Wednesday,PKX,arrival,21:55,CZ8966,China Southern,Duration: 3h 5m,18:50 - 21:55,"1045 miles, 1681 km",Airbus A321,188,,,Meal (none specific),260318_CZ8966_18502155,text,True,2026-02-15T15:04:26.607209
18/3/2026,Wednesday,PKX,arrival,21:55,MF8566,XiamenAir,Duration: 2h 40m,19:15 - 21:55,"912 miles, 1467 km",Boeing 737-800 Passenger,172,MU 4709 /G5 9172 /3U 2660 /NS 8566 /CZ 4459 /KL 3780,,Meal (none specific),260318_MF8566_19152155,text,True,2026-02-15T15:04:27.006229
18/3/2026,Wednesday,PKX,arrival,21:55,MR801,Hunnu Air,Duration: 3h 0m,18:55 - 21:55,"742 miles, 1194 km",Embraer 190,97,,,Meal (none specific),260318_MR801_18552155,text,True,2026-02-15T15:04:27.402109
18/3/2026,Wednesday,PKX,arrival,22:00,CZ8818,China Southern,Duration: 2h 30m,19:30 - 22:00,"879 miles, 1414 km",Airbus A320neo,166,,,Meal (none specific),260318_CZ8818_19302200,text,True,2026-02-15T15:04:27.827236
18/3/2026,Wednesday,PKX,arrival,22:00,CZ3653,China Southern,Duration: 2h 55m,19:05 - 22:00,"1059 miles, 1704 km",Boeing 737-800 Passenger,172,,,Meal (none specific),260318_CZ3653_19052200,text,True,2026-02-15T15:04:28.247389
18/3/2026,Wednesday,PKX,arrival,22:05,CZ3105,China Southern,Duration: 3h 5m,19:00 - 22:05,"1134 miles, 1825 km",Airbus A330-300,283,,,Meal (none specific),260318_CZ3105_19002205,text,True,2026-02-15T15:04:28.647261
18/3/2026,Wednesday,PKX,arrival,22:05,CZ6268,China Southern,Duration: 2h 30m,19:35 - 22:05,"679 miles, 1093 km",Airbus A320,158,,,Meal (none specific),260318_CZ6268_19352205,text,True,2026-02-15T15:04:29.057911
18/3/2026,Wednesday,PKX,arrival,22:10,CZ6131,China Southern,Duration: 1h 40m,20:30 - 22:10,"279 miles, 449 km",Airbus A321,188,,,Meal (none specific),260318_CZ6131_20302210,text,True,2026-02-15T15:04:29.478215
18/3/2026,Wednesday,PKX,arrival,22:10,CZ8888,China Southern,Duration: 2h 20m,19:50 - 22:10,"641 miles, 1031 km",Airbus A330-300,283,,,Meal (none specific),260318_CZ8888_19502210,text,True,2026-02-15T15:04:29.931997
18/3/2026,Wednesday,PKX,arrival,22:10,MU2841,China Eastern,Duration: 2h 0m,20:10 - 22:10,"601 miles, 967 km",Airbus A320,158,KN 6481 /CZ 1940 /MF 3435 /EY 5952,,Meal (none specific),260318_MU2841_20102210,text,True,2026-02-15T15:04:30.372965
18/3/2026,Wednesday,PKX,arrival,22:15,CA8364,Air China,Duration: 1h 30m,20:45 - 22:15,"470 miles, 756 km",Boeing 737-800 Passenger,167,,,Meal (none specific),260318_CA8364_20452215,text,True,2026-02-15T15:04:30.802757
18/3/2026,Wednesday,PKX,arrival,22:15,MU9723,China Eastern,Duration: 3h 30m,18:45 - 22:15,"1342 miles, 2159 km",Boeing 737 Passenger,168,KN 6803 /MF 2329 /CZ 1948 /EY 5964,,Meal (none specific),260318_MU9723_18452215,text,True,2026-02-15T15:04:31.859886
18/3/2026,Wednesday,PKX,arrival,22:15,MU5195,China Eastern,Duration: 2h 20m,19:55 - 22:15,"655 miles, 1054 km",Airbus A320,158,KN 6535 /CZ 1954 /HO 5527 /MF 3601 /KL 8833 /SV 6762 /DL 6445 /EY 5932,,Meal (none specific),260318_MU5195_19552215,text,True,2026-02-15T15:04:32.241737
18/3/2026,Wednesday,PKX,arrival,22:25,CA8314,Air China,Duration: 3h 5m,19:20 - 22:25,"1271 miles, 2045 km",Boeing 737MAX 8 Passenger,176,ZH 4274,,Meal (none specific),260318_CA8314_19202225,text,True,2026-02-15T15:04:32.638132
18/3/2026,Wednesday,PKX,arrival,22:25,CA8604,Air China,Duration: 1h 50m,20:35 - 22:25,"571 miles, 919 km",Boeing 737-800 Passenger,167,,,Meal (none specific),260318_CA8604_20352225,text,True,2026-02-15T15:04:33.055295
18/3/2026,Wednesday,PKX,arrival,22:25,CZ3163,China Southern,Duration: 2h 25m,20:00 - 22:25,"807 miles, 1298 km",Airbus A321,188,,,Meal (none specific),260318_CZ3163_20002225,text,True,2026-02-15T15:04:33.510973
18/3/2026,Wednesday,PKX,arrival,22:25,CZ8942,China Southern,Duration: 3h 25m,19:00 - 22:25,"1273 miles, 2048 km",Airbus A321neo,198,,,Meal (none specific),260318_CZ8942_19002225,text,True,2026-02-15T15:04:33.951731
18/3/2026,Wednesday,PKX,arrival,22:25,MU6686,China Eastern,Duration: 2h 20m,20:05 - 22:25,"879 miles, 1414 km",Airbus A320neo,158,KN 6789 /MF 2239,,Meal (none specific),260318_MU6686_20052225,text,True,2026-02-15T15:04:34.367213
18/3/2026,Wednesday,PKX,arrival,22:25,NS8012,Hebei Airlines,Duration: 2h 45m,19:40 - 22:25,"1029 miles, 1656 km",Boeing 737-800 Passenger,177,RY 2076 /MF 7077 /CZ 1473,,Meal (none specific),260318_NS8012_19402225,text,True,2026-02-15T15:04:34.769367
18/3/2026,Wednesday,PKX,arrival,22:25,NS8002,Hebei Airlines,Duration: 2h 25m,20:00 - 22:25,"933 miles, 1501 km",Boeing 737-800 Passenger,177,RY 2070 /MF 7071 /CZ 1467,,Meal (none specific),260318_NS8002_20002225,text,True,2026-02-15T15:04:35.152944
18/3/2026,Wednesday,PKX,arrival,22:30,NS8028,Hebei Airlines,Duration: 2h 15m,20:15 - 22:30,"730 miles, 1175 km",Boeing 737-800 Passenger,177,RY 2086 /MF 7087 /CZ 1483,,Meal (none specific),260318_NS8028_20152230,text,True,2026-02-15T15:04:35.528244
18/3/2026,Wednesday,PKX,arrival,22:35,CZ5658,China Southern,Duration: 2h 20m,20:15 - 22:35,"684 miles, 1101 km",Boeing 737-800 Passenger,172,,,Meal (none specific),260318_CZ5658_20152235,text,True,2026-02-15T15:04:35.954219
18/3/2026,Wednesday,PKX,arrival,22:40,CZ6719,China Southern,Duration: 3h 50m,18:50 - 22:40,"1405 miles, 2261 km",Airbus A320,158,,,Meal (none specific),260318_CZ6719_18502240,text,True,2026-02-15T15:04:36.351757
18/3/2026,Wednesday,PKX,arrival,22:40,CZ3155,China Southern,Duration: 3h 10m,19:30 - 22:40,"1182 miles, 1902 km",Airbus A321,188,,,Meal (none specific),260318_CZ3155_19302240,text,True,2026-02-15T15:04:36.733258
18/3/2026,Wednesday,PKX,arrival,22:40,DZ6209,Donghai Airlines,Duration: 1h 10m,21:30 - 22:40,"292 miles, 470 km",Boeing 737 Passenger,173,,,Meal (none specific),260318_DZ6209_21302240,text,True,2026-02-15T15:04:37.118087
18/3/2026,Wednesday,PKX,arrival,22:40,KN5816,China United Airlines,Duration: 3h 25m,19:15 - 22:40,"1317 miles, 2119 km",Boeing 737 Passenger,178,MU 8192,,Meal (none specific),260318_KN5816_19152240,text,True,2026-02-15T15:04:37.495254
18/3/2026,Wednesday,PKX,arrival,22:40,KN5322,China United Airlines,Duration: 2h 45m,19:55 - 22:40,"1134 miles, 1825 km",Boeing 737 Passenger,178,MU 8260,,Meal (none specific),260318_KN5322_19552240,text,True,2026-02-15T15:04:37.914075
18/3/2026,Wednesday,PKX,arrival,22:40,KN5820,China United Airlines,Duration: 3h 50m,18:50 - 22:40,"1405 miles, 2261 km",Boeing 737 Passenger,178,MU 8194,,Meal (none specific),260318_KN5820_18502240,text,True,2026-02-15T15:04:38.304881
18/3/2026,Wednesday,PKX,arrival,22:40,KN5620,China United Airlines,Duration: 1h 50m,20:50 - 22:40,"678 miles, 1091 km",Boeing 737 Passenger,178,MU 8150,,Meal (none specific),260318_KN5620_20502240,text,True,2026-02-15T15:04:38.692911
18/3/2026,Wednesday,PKX,arrival,22:40,KN5932,China United Airlines,Duration: 2h 40m,20:00 - 22:40,"1029 miles, 1656 km",Boeing 737 Passenger,178,MU 8226,,Meal (none specific),260318_KN5932_20002240,text,True,2026-02-15T15:04:39.103339
18/3/2026,Wednesday,PKX,arrival,22:40,KN5638,China United Airlines,Duration: 2h 20m,20:20 - 22:40,"729 miles, 1173 km",Boeing 737 Passenger,178,MU 8156,,Meal (none specific),260318_KN5638_20202240,text,True,2026-02-15T15:04:39.498453
18/3/2026,Wednesday,PKX,arrival,22:40,NS8052,Hebei Airlines,Duration: 2h 55m,19:45 - 22:40,"1271 miles, 2045 km",Boeing 737-800 Passenger,177,CZ 1489 /MF 7093 /RY 2092,,Meal (none specific),260318_NS8052_19452240,text,True,2026-02-15T15:04:39.885316
18/3/2026,Wednesday,PKX,arrival,22:45,CZ6717,China Southern,Duration: 3h 50m,18:55 - 22:45,"1532 miles, 2465 km",Airbus A330-300,283,,,Meal (none specific),260318_CZ6717_18552245,text,True,2026-02-15T15:04:40.253350
18/3/2026,Wednesday,PKX,arrival,22:45,KN5862,China United Airlines,Duration: 2h 5m,20:40 - 22:45,"597 miles, 961 km",Boeing 737 Passenger,178,MU 8204,,Meal (none specific),260318_KN5862_20402245,text,True,2026-02-15T15:04:40.641849
18/3/2026,Wednesday,PKX,arrival,22:45,MF8508,XiamenAir,Duration: 2h 20m,20:25 - 22:45,"824 miles, 1326 km",Boeing 737-800 Passenger,172,MU 4705 /G5 9332 /3U 2606 /NS 8508 /CZ 4405,,Meal (none specific),260318_MF8508_20252245,text,True,2026-02-15T15:04:41.048957
18/3/2026,Wednesday,PKX,arrival,22:50,MU5703,China Eastern,Duration: 3h 20m,19:30 - 22:50,"1273 miles, 2048 km",Boeing 737-500 (winglets) Passenger,168,KN 6555 /MF 3965 /EY 5860,,Meal (none specific),260318_MU5703_19302250,text,True,2026-02-15T15:04:41.437427
18/3/2026,Wednesday,PKX,arrival,22:55,CZ3161,China Southern,Duration: 2h 55m,20:00 - 22:55,"1134 miles, 1825 km",Airbus A321neo,198,,,Meal (none specific),260318_CZ3161_20002255,text,True,2026-02-15T15:04:41.860529
18/3/2026,Wednesday,PKX,arrival,22:55,CZ6947,China Southern,Duration: 2h 10m,20:45 - 22:55,"552 miles, 888 km",Airbus A321,188,,,Meal (none specific),260318_CZ6947_20452255,text,True,2026-02-15T15:04:42.264032
18/3/2026,Wednesday,PKX,arrival,22:55,KN5390,China United Airlines,Duration: 2h 55m,20:00 - 22:55,"1158 miles, 1863 km",Boeing 737 Passenger,178,MU 8118,,Meal (none specific),260318_KN5390_20002255,text,True,2026-02-15T15:04:42.654494
18/3/2026,Wednesday,PKX,arrival,22:55,KN5530,China United Airlines,Duration: 1h 55m,21:00 - 22:55,"544 miles, 875 km",Boeing 737 Passenger,178,MU 8132,,Meal (none specific),260318_KN5530_21002255,text,True,2026-02-15T15:04:43.027239
18/3/2026,Wednesday,PKX,arrival,22:55,KN5101,China United Airlines,Duration: 1h 20m,21:35 - 22:55,"371 miles, 597 km",Boeing 737 Passenger,178,MU 8057,,Meal (none specific),260318_KN5101_21352255,text,True,2026-02-15T15:04:44.107259
18/3/2026,Wednesday,PKX,arrival,22:55,MF8109,XiamenAir,Duration: 2h 55m,20:00 - 22:55,"961 miles, 1546 km",Boeing 737-800 Passenger,172,MU 4650 /HO 7024 /G5 9215 /3U 2275 /NS 8109 /CZ 4074 /KL 3766,,Meal (none specific),260318_MF8109_20002255,text,True,2026-02-15T15:04:44.506215
18/3/2026,Wednesday,PKX,arrival,22:55,NS8068,Hebei Airlines,Duration: 1h 35m,21:20 - 22:55,"548 miles, 882 km",Boeing 737-800 Passenger,177,RY 2098 /MF 7099 /CZ 1495,,Meal (none specific),260318_NS8068_21202255,text,True,2026-02-15T15:04:44.909264
18/3/2026,Wednesday,PKX,arrival,23:00,CA8682,Air China,Duration: 2h 45m,20:15 - 23:00,"868 miles, 1397 km",Boeing 737-800 Passenger,167,ZH 4932,,Meal (none specific),260318_CA8682_20152300,text,True,2026-02-15T15:04:45.323908
18/3/2026,Wednesday,PKX,arrival,23:00,CA8626,Air China,Duration: 1h 25m,21:35 - 23:00,"307 miles, 494 km",Boeing 737-800 Passenger,167,ZH 4888,,Meal (none specific),260318_CA8626_21352300,text,True,2026-02-15T15:04:45.720900
18/3/2026,Wednesday,PKX,arrival,23:00,KN2126,China United Airlines,Duration: 1h 40m,21:20 - 23:00,"351 miles, 565 km",Boeing 737 Passenger,178,MU 8006,,Meal (none specific),260318_KN2126_21202300,text,True,2026-02-15T15:04:46.116300
18/3/2026,Wednesday,PKX,arrival,23:00,NS8018,Hebei Airlines,Duration: 3h 5m,19:55 - 23:00,"1229 miles, 1977 km",Boeing 737-800 Passenger,177,RY 2080 /MF 7081 /CZ 1477,,Meal (none specific),260318_NS8018_19552300,text,True,2026-02-15T15:04:46.515106
18/3/2026,Wednesday,PKX,arrival,23:05,CZ8962,China Southern,Duration: 2h 25m,20:40 - 23:05,"730 miles, 1175 km",Airbus A321,188,,,Meal (none specific),260318_CZ8962_20402305,text,True,2026-02-15T15:04:46.930149
18/3/2026,Wednesday,PKX,arrival,23:05,MU2662,China Eastern,Duration: 3h 5m,20:00 - 23:05,"1229 miles, 1977 km",Airbus A320,158,KN 6466 /MF 3332 /EY 5962,,Meal (none specific),260318_MU2662_20002305,text,True,2026-02-15T15:04:47.317281
18/3/2026,Wednesday,PKX,arrival,23:10,CA8380,Air China,Duration: 2h 15m,20:55 - 23:10,"752 miles, 1210 km",Boeing 737MAX 8 Passenger,176,ZH 4788,,Meal (none specific),260318_CA8380_20552310,text,True,2026-02-15T15:04:47.722858
18/3/2026,Wednesday,PKX,arrival,23:10,CZ3916,China Southern,Duration: 2h 55m,20:15 - 23:10,"989 miles, 1591 km",Airbus A320,158,,,Meal (none specific),260318_CZ3916_20152310,text,True,2026-02-15T15:04:48.103369
18/3/2026,Wednesday,PKX,arrival,23:10,JD5182,Capital Airlines,Duration: 3h 5m,20:05 - 23:10,"1292 miles, 2079 km",Airbus A320,169,,,Meal (none specific),260318_JD5182_20052310,text,True,2026-02-15T15:04:48.494859
18/3/2026,Wednesday,PKX,arrival,23:10,MU2135,China Eastern,Duration: 1h 40m,21:30 - 23:10,"552 miles, 888 km",Airbus A320neo,158,KN 6393,,Meal (none specific),260318_MU2135_21302310,text,True,2026-02-15T15:04:48.905893
18/3/2026,Wednesday,PKX,arrival,23:15,AK1560,AirAsia,Duration: 5h 15m,18:00 - 23:15,"2332 miles, 3752 km",Airbus A320neo,186,,,Meal (none specific),260318_AK1560_18002315,text,True,2026-02-15T15:04:49.296319
18/3/2026,Wednesday,PKX,arrival,23:15,MU6648,China Eastern,Duration: 2h 45m,20:30 - 23:15,"940 miles, 1512 km",Airbus A321,177,KN 6770 /3U 5448 /MF 2220,,Meal (none specific),260318_MU6648_20302315,text,True,2026-02-15T15:04:49.685354
18/3/2026,Wednesday,PKX,arrival,23:20,MU5185,China Eastern,Duration: 2h 15m,21:05 - 23:20,"655 miles, 1054 km",Airbus A330-300,290,KN 6525 /MF 3591 /QF 4033 /SV 6694,,Meal (none specific),260318_MU5185_21052320,text,True,2026-02-15T15:04:50.084292
18/3/2026,Wednesday,PKX,arrival,23:25,CA8654,Air China,Duration: 1h 50m,21:35 - 23:25,"549 miles, 883 km",Boeing 737-800 Passenger,167,ZH 4914,,Meal (none specific),260318_CA8654_21352325,text,True,2026-02-15T15:04:50.484204
18/3/2026,Wednesday,PKX,arrival,23:25,CA8644,Air China,Duration: 1h 35m,21:50 - 23:25,"517 miles, 832 km",Boeing 737-800 Passenger,167,SC 5693,,Meal (none specific),260318_CA8644_21502325,text,True,2026-02-15T15:04:50.868340
18/3/2026,Wednesday,PKX,arrival,23:25,CZ5866,China Southern,Duration: 2h 20m,21:05 - 23:25,"669 miles, 1076 km",Airbus A320,158,,,Meal (none specific),260318_CZ5866_21052325,text,True,2026-02-15T15:04:51.274090
18/3/2026,Wednesday,PKX,arrival,23:25,CZ6160,China Southern,Duration: 3h 20m,20:05 - 23:25,"1273 miles, 2048 km",Airbus A321neo,198,,,Meal (none specific),260318_CZ6160_20052325,text,True,2026-02-15T15:04:51.671892
18/3/2026,Wednesday,PKX,arrival,23:25,CZ6913,China Southern,Duration: 3h 55m,19:30 - 23:25,"1523 miles, 2451 km",Boeing 737-700 Passenger,171,,,Meal (none specific),260318_CZ6913_19302325,text,True,2026-02-15T15:04:52.068388
18/3/2026,Wednesday,PKX,arrival,23:25,JD5922,Capital Airlines,Duration: 3h 0m,20:25 - 23:25,"1134 miles, 1825 km",Airbus A321,176,,,Meal (none specific),260318_JD5922_20252325,text,True,2026-02-15T15:04:52.467881
18/3/2026,Wednesday,PKX,arrival,23:25,JD5572,Capital Airlines,Duration: 2h 20m,21:05 - 23:25,"933 miles, 1501 km",Airbus A321,176,,,Meal (none specific),260318_JD5572_21052325,text,True,2026-02-15T15:04:52.866012
18/3/2026,Wednesday,PKX,arrival,23:30,CA8638,Air China,Duration: 2h 20m,21:10 - 23:30,"720 miles, 1158 km",Boeing 737-800 Passenger,167,ZH 4900,,Meal (none specific),260318_CA8638_21102330,text,True,2026-02-15T15:04:53.954932
18/3/2026,Wednesday,PKX,arrival,23:35,KN5910,China United Airlines,Duration: 2h 15m,21:20 - 23:35,"736 miles, 1184 km",Boeing 737 Passenger,178,MU 8218,,Meal (none specific),260318_KN5910_21202335,text,True,2026-02-15T15:04:54.353565
18/3/2026,Wednesday,PKX,arrival,23:35,OQ2148,Chongqing Airlines,Duration: 2h 5m,21:30 - 23:35,"879 miles, 1414 km",Airbus A319,135,,,Meal (none specific),260318_OQ2148_21302335,text,True,2026-02-15T15:04:54.751051
18/3/2026,Wednesday,PKX,arrival,23:40,CZ6605,China Southern,Duration: 2h 10m,21:30 - 23:40,"618 miles, 994 km",Boeing 737-800 Passenger,172,,,Meal (none specific),260318_CZ6605_21302340,text,True,2026-02-15T15:04:55.197277
18/3/2026,Wednesday,PKX,arrival,23:40,JD5222,Capital Airlines,Duration: 1h 20m,22:20 - 23:40,"352 miles, 566 km",Airbus A319,141,,,Meal (none specific),260318_JD5222_22202340,text,True,2026-02-15T15:04:55.644362
18/3/2026,Wednesday,PKX,arrival,23:40,KN5392,China United Airlines,Duration: 2h 30m,21:10 - 23:40,"956 miles, 1538 km",Boeing 737 Passenger,178,MU 8120,,Meal (none specific),260318_KN5392_21102340,text,True,2026-02-15T15:04:56.098994
18/3/2026,Wednesday,PKX,arrival,23:40,KN5982,China United Airlines,Duration: 2h 40m,21:00 - 23:40,"845 miles, 1360 km",Boeing 737 Passenger,178,MU 8240,,Meal (none specific),260318_KN5982_21002340,text,True,2026-02-15T15:04:56.543003
18/3/2026,Wednesday,PKX,arrival,23:40,KN5626,China United Airlines,Duration: 2h 20m,21:20 - 23:40,"812 miles, 1307 km",Boeing 737 Passenger,178,MU 8152,,Meal (none specific),260318_KN5626_21202340,text,True,2026-02-15T15:04:56.956301
18/3/2026,Wednesday,PKX,arrival,23:40,MF8328,XiamenAir,Duration: 2h 20m,21:20 - 23:40,"807 miles, 1298 km",Boeing 737-800 Passenger,172,MU 4679 /HO 7111 /G5 9086 /3U 2444 /NS 8328 /CZ 4243 /KL 3770,,Meal (none specific),260318_MF8328_21202340,text,True,2026-02-15T15:04:57.342134
18/3/2026,Wednesday,PKX,arrival,23:40,MF8103,XiamenAir,Duration: 2h 40m,21:00 - 23:40,"1045 miles, 1681 km",Boeing 737-800 Passenger,172,MU 4644 /G5 9189 /3U 2269 /NS 8103 /CZ 4068,,Meal (none specific),260318_MF8103_21002340,text,True,2026-02-15T15:04:57.734190
18/3/2026,Wednesday,PKX,arrival,23:40,MF8288,XiamenAir,Duration: 2h 10m,21:30 - 23:40,"812 miles, 1307 km",Boeing 737-800 Passenger,172,MU 4677 /G5 9240 /3U 2412 /NS 8288 /CZ 4211,,Meal (none specific),260318_MF8288_21302340,text,True,2026-02-15T15:04:58.122043
18/3/2026,Wednesday,PKX,arrival,23:40,NS8008,Hebei Airlines,Duration: 3h 45m,19:55 - 23:40,"1523 miles, 2451 km",Boeing 737-800 Passenger,177,RY 2072 /MF 7073 /CZ 1469,,Meal (none specific),260318_NS8008_19552340,text,True,2026-02-15T15:04:58.517802
18/3/2026,Wednesday,PKX,arrival,23:50,CZ6713,China Southern,Duration: 4h 5m,19:45 - 23:50,"1532 miles, 2465 km",Airbus A321,188,,,Meal (none specific),260318_CZ6713_19452350,text,True,2026-02-15T15:04:58.916005
18/3/2026,Wednesday,PKX,arrival,23:50,JD5250,Capital Airlines,Duration: 1h 40m,22:10 - 23:50,"390 miles, 628 km",Airbus A320,169,,,Meal (none specific),260318_JD5250_22102350,text,True,2026-02-15T15:04:59.304158
18/3/2026,Wednesday,PKX,arrival,23:55,CZ3260,China Southern,Duration: 2h 30m,21:25 - 23:55,"879 miles, 1414 km",Airbus A320neo,166,,,Meal (none specific),260318_CZ3260_21252355,text,True,2026-02-15T15:04:59.694133
18/3/2026,Wednesday,PKX,arrival,23:55,CZ6207,China Southern,Duration: 2h 25m,21:30 - 23:55,"679 miles, 1093 km",Airbus A320,158,,,Meal (none specific),260318_CZ6207_21302355,text,True,2026-02-15T15:05:00.084348
18/3/2026,Wednesday,PKX,arrival,23:55,CZ8944,China Southern,Duration: 2h 10m,21:45 - 23:55,"681 miles, 1096 km",Airbus A320,158,,,Meal (none specific),260318_CZ8944_21452355,text,True,2026-02-15T15:05:00.474955
18/3/2026,Wednesday,PKX,arrival,23:55,KN5628,China United Airlines,Duration: 3h 5m,20:50 - 23:55,"1204 miles, 1937 km",Boeing 737 Passenger,178,MU 8154,,Meal (none specific),260318_KN5628_20502355,text,True,2026-02-15T15:05:00.894182
18/3/2026,Wednesday,PKX,arrival,23:55,MF8350,XiamenAir,Duration: 2h 55m,21:00 - 23:55,"1182 miles, 1902 km",Boeing 737-800 Passenger,172,MU 4687 /GJ 3886 /HO 7129 /G5 9098 /3U 2464 /NS 8350 /CZ 4263,,Meal (none specific),260318_MF8350_21002355,text,True,2026-02-15T15:05:01.274001
18/3/2026,Wednesday,PKX,arrival,23:55,MF8438,XiamenAir,Duration: 2h 30m,21:25 - 23:55,"933 miles, 1501 km",Airbus A321neo,208,3U 2546 /CZ 4345 /G5 9312 /GJ 3928 /HO 7205 /MU 4697 /NS 8438 /KL 3782,,Meal (none specific),260318_MF8438_21252355,text,True,2026-02-15T15:05:01.659966
18/3/2026,Wednesday,PKX,arrival,23:55,MU6310,China Eastern,Duration: 3h 0m,20:55 - 23:55,"1134 miles, 1825 km",Airbus A321,177,KN 6738 /MF 7512 /SV 6850,,Meal (none specific),260318_MU6310_20552355,text,True,2026-02-15T15:05:02.067136
18/3/2026,Wednesday,PKX,arrival,23:55,MU5719,China Eastern,Duration: 3h 25m,20:30 - 23:55,"1273 miles, 2048 km",Boeing 737-500 (winglets) Passenger,168,KN 6571 /MF 3981,,Meal (none specific),260318_MU5719_20302355,text,True,2026-02-15T15:05:02.468106
18/3/2026,Wednesday,PKX,arrival,23:55,MU7621,China Eastern,Duration: 3h 55m,20:00 - 23:55,"1481 miles, 2383 km",Boeing 737 Passenger,168,,,Meal (none specific),260318_MU7621_20002355,text,True,2026-02-15T15:05:02.868125
18/3/2026,Wednesday,PKX,arrival,23:55,MU6674,China Eastern,Duration: 3h 0m,20:55 - 23:55,"1182 miles, 1902 km",Airbus A320neo,158,,,Meal (none specific),260318_MU6674_20552355,text,True,2026-02-15T15:05:03.271734
18/3/2026,Wednesday,PKX,arrival,19:50,KN5852,China United Airlines,3h 10m,,,,,,,,,no have detail,True,2026-02-15T15:05:06.397031
18/3/2026,Wednesday,PKX,arrival,11:00,CZ3101,China Southern,3h 0m,,,,,,,,,no have detail,True,2026-02-15T15:05:07.277155
18/3/2026,Wednesday,PKX,arrival,18:00,MU9191,China Eastern,2h 30m,,,,,,,,,no have detail,True,2026-02-15T15:05:09.610449
18/3/2026,Wednesday,PKX,arrival,17:30,CZ3141,China Southern,2h 30m,,,,,,,,,no have detail,True,2026-02-15T15:05:11.792788
18/3/2026,Wednesday,PKX,arrival,18:45,CZ6715,China Southern,3h 45m,,,,,,,,,no have detail,True,2026-02-15T15:05:14.193931
18/3/2026,Wednesday,PKX,arrival,22:15,CZ3904,China Southern,2h 45m,,,,,,,,,no have detail,True,2026-02-15T15:05:17.190280
18/3/2026,Wednesday,PKX,arrival,23:25,KN5338,China United Airlines,2h 45m,,,,,,,,,no have detail,True,2026-02-15T15:05:20.439846
18/3/2026,Wednesday,PKX,arrival,10:40,KN5662,China United Airlines,1h 25m,,,,,,,,,no have detail,True,2026-02-15T15:05:21.198083
18/3/2026,Wednesday,PKX,arrival,15:35,KN5162,China United Airlines,2h 35m,,,,,,,,,no have detail,True,2026-02-15T15:05:23.000148
18/3/2026,Wednesday,PKX,arrival,16:15,KN5308,China United Airlines,3h 5m,,,,,,,,,no have detail,True,2026-02-15T15:05:25.189259
18/3/2026,Wednesday,PKX,arrival,10:00,CZ3123,China Southern,2h 30m,,,,,,,,,no have detail,True,2026-02-15T15:05:25.929057
18/3/2026,Wednesday,PKX,arrival,11:40,CZ5664,China Southern,2h 20m,,,,,,,,,no have detail,True,2026-02-15T15:05:26.880379
18/3/2026,Wednesday,PKX,arrival,15:25,CZ674,China Southern,9h 55m,,,,,,,,,no have detail,True,2026-02-15T15:05:28.629384
18/3/2026,Wednesday,PKX,arrival,13:40,CZ346,China Southern,10h 5m,,,,,,,,,no have detail,True,2026-02-15T15:05:29.951067
18/3/2026,Wednesday,PKX,arrival,18:00,MU2113,China Eastern,2h 0m,,,,,,,,,no have detail,True,2026-02-15T15:05:32.186986
18/3/2026,Wednesday,PKX,arrival,22:55,KN5956,China United Airlines,2h 15m,,,,,,,,,no have detail,True,2026-02-15T15:05:35.387337
