continent,country,city,airport_name,airport_code
Africa,Algeria,Aboubakr Belkaid,Aboubakr Belkaid,CFK
Africa,Algeria,Ain Arnat,Ain Arnat,QSF
Africa,Algeria,Annaba,Annaba,AAE
Africa,Algeria,Bechar,Bechar,CBH
Africa,Algeria,Biskra,Biskra,BSK
Africa,Algeria,Bordj Badji Mokhtar,Bordj Badji Mokhtar,BMW
Africa,Algeria,Bou Chekif,Bou Chekif,TID
Africa,Algeria,Cheikh Larbi Tebessi,Cheikh Larbi Tebessi,TEE
Africa,Algeria,El Bayadh,El Bayadh,EBH
Africa,Algeria,El Golea,El Golea,ELG
Africa,Algeria,Es Senia,Es Senia,ORN
Africa,Algeria,Guemar,Guemar,ELU
Africa,Algeria,Houari Boumediene,Houari Boumediene,ALG
Africa,Algeria,Illizi,Illizi,VVZ
Africa,Algeria,In Amenas,In Amenas,IAM
Africa,Algeria,In Guezzam,In Guezzam,INF
Africa,Algeria,In Salah,In Salah,INZ
Africa,Algeria,Jijel,Jijel,GJL
Africa,Algeria,Laghouat,Laghouat,LOO
Africa,Algeria,Matsu,Matsu,MZW
Africa,Algeria,Mohamed Boudiaf,Mohamed Boudiaf,CZL
Africa,Algeria,Mostepha Ben Boulaid,Mostepha Ben Boulaid,BLJ
Africa,Algeria,Noumerate,Noumerate,GHA
Africa,Algeria,Ouargla,Ouargla,OGX
Africa,Algeria,Oued Irara,Oued Irara,HME
Africa,Algeria,Sidi Mahdi,Sidi Mahdi,TGR
Africa,Algeria,Soummam,Soummam,BJA
Africa,Algeria,Tamanrasset,Tamanrasset,TMR
Africa,Algeria,Timimoun,Timimoun,TMX
Africa,Algeria,Tindouf,Tindouf,TIN
Africa,Algeria,Tiska,Tiska,DJG
Africa,Algeria,Touat Cheikh Sidi Mohamed Belkebir,Touat Cheikh Sidi Mohamed Belkebir,AZR
Africa,Algeria,Zenata,Zenata,TLM
Africa,Angola,Benguela,Benguela,BUG
Africa,Angola,Cabinda,Cabinda,CAB
Africa,Angola,Catumbela,Catumbela,CBT
Africa,Angola,Dr Antonio Agostinho Neto,Dr Antonio Agostinho Neto,NBJ
Africa,Angola,Dundo,Dundo,DUE
Africa,Angola,Huambo,Huambo,NOV
Africa,Angola,Kuito,Kuito,SVP
Africa,Angola,Luanda 4 De Fevereiro,Luanda 4 De Fevereiro,LAD
Africa,Angola,Lubango,Lubango,SDD
Africa,Angola,Luena,Luena,LUO
Africa,Angola,Menongue,Menongue,SPP
Africa,Angola,Namibe,Namibe,MSZ
Africa,Angola,Ondjiva Pereira,Ondjiva Pereira,VPE
Africa,Angola,Saurimo,Saurimo,VHC
Africa,Angola,Soyo,Soyo,SZA
Africa,Benin,Cotonou Cadjehoun,Cotonou Cadjehoun,COO
Africa,Botswana,Francistown,Francistown,FRW
Africa,Botswana,Kasane,Kasane,BBK
Africa,Botswana,Maun,Maun,MUB
Africa,Botswana,Sir Seretse Khama,Sir Seretse Khama,GBE
Africa,Burkina Faso,Bobo Dioulasso,Bobo Dioulasso,BOY
Africa,Burkina Faso,Ouagadougou,Ouagadougou,OUA
Africa,Burundi,Bujumbura,Bujumbura,BJM
Africa,Cameroon,Bafoussam,Bafoussam,BFX
Africa,Cameroon,Douala,Douala,DLA
Africa,Cameroon,Garoua,Garoua,GOU
Africa,Cameroon,Maroua Salak,Maroua Salak,MVR
Africa,Cameroon,Ngaoundere,Ngaoundere,NGE
Africa,Cameroon,Yaounde Nsimalen,Yaounde Nsimalen,NSI
Africa,Cape Verde,Amilcar Cabral,Amilcar Cabral,SID
Africa,Cape Verde,Maio,Maio,MMO
Africa,Cape Verde,Praia,Praia,RAI
Africa,Cape Verde,Rabil,Rabil,BVC
Africa,Cape Verde,Sao Filipe,Sao Filipe,SFL
Africa,Cape Verde,Sao Nicolau,Sao Nicolau,SNE
Africa,Cape Verde,Sao Vicente,Sao Vicente,VXE
Africa,Côte d'Ivoire,Abidjan Felix Houphouet Boigny,Abidjan Felix Houphouet Boigny,ABJ
Africa,Côte d'Ivoire,Bouake,Bouake,BYK
Africa,Côte d'Ivoire,Korhogo,Korhogo,HGO
Africa,Côte d'Ivoire,Man,Man,MJC
Africa,Côte d'Ivoire,Odienne,Odienne,KEO
Africa,Côte d'Ivoire,San Pedro,San Pedro,SPY
Africa,Egypt,Abu Simbel,Abu Simbel,ABS
Africa,Egypt,Al Alamain,Al Alamain,DBB
Africa,Egypt,Aswan,Aswan,ASW
Africa,Egypt,Asyut,Asyut,ATZ
Africa,Egypt,Borg El Arab,Borg El Arab,HBE
Africa,Egypt,Cairo,Cairo,CAI
Africa,Egypt,Cairo Capital,Cairo Capital,CCE
Africa,Egypt,Hurghada,Hurghada,HRG
Africa,Egypt,Luxor,Luxor,LXR
Africa,Egypt,Marsa Alam,Marsa Alam,RMF
Africa,Egypt,Mersa Matruh,Mersa Matruh,MUH
Africa,Egypt,Sharm El Sheikh,Sharm El Sheikh,SSH
Africa,Egypt,Sohag,Sohag,HMB
Africa,Egypt,Sphinx,Sphinx,SPX
Africa,Egypt,Taba,Taba,TCP
Africa,Equatorial Guinea,Annobon,Annobon,NBN
Africa,Equatorial Guinea,Bata,Bata,BSG
Africa,Equatorial Guinea,Malabo,Malabo,SSG
Africa,Equatorial Guinea,Mongomeyen,Mongomeyen,GEM
Africa,Ethiopia,Aba Segud,Aba Segud,JIM
Africa,Ethiopia,Aba Tenna Dejazmatch Yilma,Aba Tenna Dejazmatch Yilma,DIR
Africa,Ethiopia,Addis Ababa Bole,Addis Ababa Bole,ADD
Africa,Ethiopia,Arba Mintch,Arba Mintch,AMH
Africa,Ethiopia,Asosa,Asosa,ASO
Africa,Ethiopia,Awasa,Awasa,AWA
Africa,Ethiopia,Axum,Axum,AXU
Africa,Ethiopia,Bahir Dar,Bahir Dar,BJR
Africa,Ethiopia,Combolcha,Combolcha,DSE
Africa,Ethiopia,Debra Marcos,Debra Marcos,DBM
Africa,Ethiopia,Dembidollo,Dembidollo,DEM
Africa,Ethiopia,Gambella,Gambella,GMB
Africa,Ethiopia,Goba,Goba,GOB
Africa,Ethiopia,Gode,Gode,GDE
Africa,Ethiopia,Gonder,Gonder,GDQ
Africa,Ethiopia,Gore,Gore,GOR
Africa,Ethiopia,Humera,Humera,HUE
Africa,Ethiopia,Indaselassie,Indaselassie,SHC
Africa,Ethiopia,Jijiga,Jijiga,JIJ
Africa,Ethiopia,Jinka,Jinka,BCO
Africa,Ethiopia,Kabri Dar,Kabri Dar,ABK
Africa,Ethiopia,Lalibella,Lalibella,LLI
Africa,Ethiopia,Mekele,Mekele,MQX
Africa,Ethiopia,Mizan Teferi,Mizan Teferi,MTF
Africa,Ethiopia,Neghelli,Neghelli,EGL
Africa,Ethiopia,Nekemt,Nekemt,NEK
Africa,Ethiopia,Semera,Semera,SZE
Africa,Ethiopia,Yabello,Yabello,BYY
Africa,Gabon,Franceville Mvengue,Franceville Mvengue,MVB
Africa,Gabon,Gamba,Gamba,GAX
Africa,Gabon,Libreville Leon M Ba,Libreville Leon M Ba,LBV
Africa,Gabon,Makokou,Makokou,MKU
Africa,Gabon,Oyem,Oyem,OYE
Africa,Gabon,Port Gentil,Port Gentil,POG
Africa,Gambia,Banjul,Banjul,BJL
Africa,Ghana,Kotoka,Kotoka,ACC
Africa,Ghana,Kumasi,Kumasi,KMS
Africa,Ghana,Takoradi,Takoradi,TKD
Africa,Ghana,Tamale,Tamale,TML
Africa,Ghana,Wa,Wa,WZA
Africa,Guinea,Conakry,Conakry,CKY
Africa,Kenya,Amboseli,Amboseli,ASV
Africa,Kenya,Angama,Angama,ANA
Africa,Kenya,Eldoret,Eldoret,EDL
Africa,Kenya,Jomo Kenyatta,Jomo Kenyatta,NBO
Africa,Kenya,Kakamega,Kakamega,GGM
Africa,Kenya,Keekorok,Keekorok,KEU
Africa,Kenya,Kisumu,Kisumu,KIS
Africa,Kenya,Kitale,Kitale,KTL
Africa,Kenya,Lamu Manda,Lamu Manda,LAU
Africa,Kenya,Lodwar,Lodwar,LOK
Africa,Kenya,Malindi,Malindi,MYD
Africa,Kenya,Mandera,Mandera,NDE
Africa,Kenya,Mara Lodges,Mara Lodges,MRE
Africa,Kenya,Mara North Airstrip,Mara North Airstrip,HKR
Africa,Kenya,Moi,Moi,MBA
Africa,Kenya,Nairobi Wilson,Nairobi Wilson,WIL
Africa,Kenya,Nanyuki,Nanyuki,NYK
Africa,Kenya,Olare,Olare,OLG
Africa,Kenya,Olkiombo,Olkiombo,OLX
Africa,Kenya,Ukunda,Ukunda,UKA
Africa,Kenya,Wajir,Wajir,WJR
Africa,Lesotho,Moshoeshoe I,Moshoeshoe I,MSU
Africa,Libya,Benina,Benina,BEN
Africa,Libya,Kufra,Kufra,AKF
Africa,Libya,La Abraq,La Abraq,LAQ
Africa,Libya,Misurata,Misurata,MRA
Africa,Libya,Mitiga,Mitiga,MJI
Africa,Libya,Sebha,Sebha,SEB
Africa,Libya,Zintan,Zintan,ZIS
Africa,Madagascar,Antananarivo Ivato,Antananarivo Ivato,TNR
Africa,Madagascar,Antsiranana Arrachart,Antsiranana Arrachart,DIE
Africa,Madagascar,Mahajanga Philibert Tsiranana,Mahajanga Philibert Tsiranana,MJN
Africa,Madagascar,Mananjary,Mananjary,MNJ
Africa,Madagascar,Maroantsetra,Maroantsetra,WMN
Africa,Madagascar,Morondava,Morondava,MOQ
Africa,Madagascar,Nosy Be Fascene,Nosy Be Fascene,NOS
Africa,Madagascar,Sambava Sud,Sambava Sud,SVB
Africa,Madagascar,Sante Marie,Sante Marie,SMS
Africa,Madagascar,Toamasina,Toamasina,TMM
Africa,Madagascar,Tolagnaro,Tolagnaro,FTU
Africa,Madagascar,Toliara,Toliara,TLE
Africa,Malawi,Chileka,Chileka,BLZ
Africa,Malawi,Kamuzu,Kamuzu,LLW
Africa,Mali,Bamako Senou,Bamako Senou,BKO
Africa,Mauritania,Nema,Nema,EMN
Africa,Mauritania,Nouadhibou,Nouadhibou,NDB
Africa,Mauritania,Nouakchott,Nouakchott,NKC
Africa,Mauritania,Tazadit,Tazadit,OUZ
Africa,Mauritius,Rodrigues Island,Rodrigues Island,RRG
Africa,Mauritius,Sir Seewoosagur Ramgoolam,Sir Seewoosagur Ramgoolam,MRU
Africa,Mayotte,Dzaoudzi Pamanzi,Dzaoudzi Pamanzi,DZA
Africa,Morocco,Angads,Angads,OUD
Africa,Morocco,Beni Mellal,Beni Mellal,BEM
Africa,Morocco,Cherif El Idrissi,Cherif El Idrissi,AHU
Africa,Morocco,Dakhla,Dakhla,VIL
Africa,Morocco,Essaouira,Essaouira,ESU
Africa,Morocco,Goulimime,Goulimime,GLN
Africa,Morocco,Ibn Batouta,Ibn Batouta,TNG
Africa,Morocco,Inezgane,Inezgane,AGA
Africa,Morocco,Laayoune,Laayoune,EUN
Africa,Morocco,Marrakesh Menara,Marrakesh Menara,RAK
Africa,Morocco,Mohammed V,Mohammed V,CMN
Africa,Morocco,Moulay Ali Cherif,Moulay Ali Cherif,ERH
Africa,Morocco,Nadar,Nadar,NDR
Africa,Morocco,Ouarzazate,Ouarzazate,OZZ
Africa,Morocco,Plage Blanche,Plage Blanche,TTA
Africa,Morocco,Saiss,Saiss,FEZ
Africa,Morocco,Sale,Sale,RBA
Africa,Morocco,Saniat Rmel,Saniat Rmel,TTU
Africa,Morocco,Zagora,Zagora,OZG
Africa,Mozambique,Beira,Beira,BEW
Africa,Mozambique,Chimoio,Chimoio,VPY
Africa,Mozambique,Inhambane,Inhambane,INH
Africa,Mozambique,Lichinga,Lichinga,VXC
Africa,Mozambique,Maputo,Maputo,MPM
Africa,Mozambique,Nacala,Nacala,MNC
Africa,Mozambique,Nampula,Nampula,APL
Africa,Mozambique,Pemba,Pemba,POL
Africa,Mozambique,Quelimane,Quelimane,UEL
Africa,Mozambique,Tete Chingozi,Tete Chingozi,TET
Africa,Mozambique,Vilankulo,Vilankulo,VNX
Africa,Namibia,Eros,Eros,ERS
Africa,Namibia,Luderitz,Luderitz,LUD
Africa,Namibia,Mokuti Lodge,Mokuti Lodge,OKU
Africa,Namibia,Mpacha,Mpacha,MPA
Africa,Namibia,Ondangwa,Ondangwa,OND
Africa,Namibia,Rooikop,Rooikop,WVB
Africa,Namibia,Swakopmund,Swakopmund,SWP
Africa,Namibia,Windhoek Hosea Kutako,Windhoek Hosea Kutako,WDH
Africa,Nigeria,Abuja Nnamdi Azikiwe,Abuja Nnamdi Azikiwe,ABV
Africa,Nigeria,Akure,Akure,AKR
Africa,Nigeria,Akwa Ibom,Akwa Ibom,QUO
Africa,Nigeria,Asaba,Asaba,ABB
Africa,Nigeria,Bauchi,Bauchi,BCU
Africa,Nigeria,Benin,Benin,BNI
Africa,Nigeria,Calabar,Calabar,CBQ
Africa,Nigeria,Ekiti Agro Allied Cargo,Ekiti Agro Allied Cargo,EKK
Africa,Nigeria,Enugu,Enugu,ENU
Africa,Nigeria,Gombe Lawanti,Gombe Lawanti,GMO
Africa,Nigeria,Ibadan,Ibadan,IBA
Africa,Nigeria,Ilorin,Ilorin,ILR
Africa,Nigeria,Jos,Jos,JOS
Africa,Nigeria,Kaduna,Kaduna,KAD
Africa,Nigeria,Kano Mallam Aminu,Kano Mallam Aminu,KAN
Africa,Nigeria,Katsina,Katsina,DKA
Africa,Nigeria,Lagos Murtala Muhammed,Lagos Murtala Muhammed,LOS
Africa,Nigeria,Maiduguri,Maiduguri,MIU
Africa,Nigeria,Osubi Airstrip,Osubi Airstrip,QRW
Africa,Nigeria,Port Harcourt,Port Harcourt,PHC
Africa,Nigeria,Sadiq Abubakar Iii,Sadiq Abubakar Iii,SKO
Africa,Nigeria,Sam Mbakwe,Sam Mbakwe,QOW
Africa,Nigeria,Yola,Yola,YOL
Africa,Reunion,St Denis de la Reunion,St Denis de la Reunion,RUN
Africa,Rwanda,Kamembe,Kamembe,KME
Africa,Rwanda,Kigali,Kigali,KGL
Africa,Senegal,Blaise Diagne,Blaise Diagne,DSS
Africa,Senegal,Cap Skirring,Cap Skirring,CSK
Africa,Seychelles,Praslin Island,Praslin Island,PRI
Africa,Seychelles,Seychelles,Seychelles,SEZ
Africa,Sierra Leone,Freetown Lungi,Freetown Lungi,FNA
Africa,South Africa,Bloemfontein,Bloemfontein,BFN
Africa,South Africa,Cape Town,Cape Town,CPT
Africa,South Africa,Durban,Durban,DUR
Africa,South Africa,East London,East London,ELS
Africa,South Africa,George,George,GRJ
Africa,South Africa,Hoedspruit Afs,Hoedspruit Afs,HDS
Africa,South Africa,Johannesburg,Johannesburg,JNB
Africa,South Africa,Kimberley,Kimberley,KIM
Africa,South Africa,Kruger Mpumalanga,Kruger Mpumalanga,MQP
Africa,South Africa,Lanseria,Lanseria,HLA
Africa,South Africa,Margate,Margate,MGH
Africa,South Africa,Pietermaritzburg,Pietermaritzburg,PZB
Africa,South Africa,Pietersburg Muni,Pietersburg Muni,PTG
Africa,South Africa,Port Elizabeth,Port Elizabeth,PLZ
Africa,South Africa,Richards Bay,Richards Bay,RCB
Africa,South Africa,Sishen,Sishen,SIS
Africa,South Africa,Skukuza,Skukuza,SZK
Africa,South Africa,Umtata,Umtata,UTT
Africa,South Africa,Upington,Upington,UTN
Africa,Swaziland,King Mswati III,King Mswati III,SHO
Africa,São Tomé and Príncipe,Principe,Principe,PCP
Africa,São Tomé and Príncipe,Sao Tome,Sao Tome,TMS
Africa,Tanzania,Arusha,Arusha,ARK
Africa,Tanzania,Bukoba,Bukoba,BKZ
Africa,Tanzania,Buzwagi,Buzwagi,KBH
Africa,Tanzania,Dar Es Salaam,Dar Es Salaam,DAR
Africa,Tanzania,Dodoma,Dodoma,DOD
Africa,Tanzania,Geita,Geita,GIT
Africa,Tanzania,Iringa,Iringa,IRI
Africa,Tanzania,Kigoma,Kigoma,TKQ
Africa,Tanzania,Kilimanjaro,Kilimanjaro,JRO
Africa,Tanzania,Kirawira B Aerodrome,Kirawira B Aerodrome,GTZ
Africa,Tanzania,Lake Manyara,Lake Manyara,LKY
Africa,Tanzania,Mafia,Mafia,MFA
Africa,Tanzania,Mbeya,Mbeya,MBI
Africa,Tanzania,Mpanda,Mpanda,NPY
Africa,Tanzania,Mtwara,Mtwara,MYW
Africa,Tanzania,Musoma,Musoma,MUZ
Africa,Tanzania,Mwanza,Mwanza,MWZ
Africa,Tanzania,Pemba,Pemba,PMA
Africa,Tanzania,Seronera Airstrip,Seronera Airstrip,SEU
Africa,Tanzania,Songea,Songea,SGX
Africa,Tanzania,Tabora,Tabora,TBO
Africa,Tanzania,Tanga,Tanga,TGT
Africa,Tanzania,Zanzibar,Zanzibar,ZNZ
Africa,Togo,Lome Tokoin,Lome Tokoin,LFW
Africa,Tunisia,Enfidha - Hammamet,Enfidha - Hammamet,NBE
Africa,Tunisia,Habib Bourguiba,Habib Bourguiba,MIR
Africa,Tunisia,Nefta,Nefta,TOE
Africa,Tunisia,Thyna,Thyna,SFA
Africa,Tunisia,Tunis–Carthage,Tunis–Carthage,TUN
Africa,Tunisia,Zarzis,Zarzis,DJE
Africa,Uganda,Arua,Arua,RUA
Africa,Uganda,Entebbe,Entebbe,EBB
Africa,Uganda,Kasese,Kasese,KSE
Africa,Uganda,Kihihi,Kihihi,KHX
Africa,Uganda,Kisoro,Kisoro,KXO
Africa,Uganda,Pakuba,Pakuba,PAF
Africa,Zambia,Jeki Airstrip,Jeki Airstrip,JEK
Africa,Zambia,Kalumbila,Kalumbila,UMB
Africa,Zambia,Kasama,Kasama,KAA
Africa,Zambia,Livingstone,Livingstone,LVI
Africa,Zambia,Lusaka,Lusaka,LUN
Africa,Zambia,Mansa,Mansa,MNS
Africa,Zambia,Mfuwe,Mfuwe,MFU
Africa,Zambia,Royal,Royal,RYL
Africa,Zambia,Simon M. Kapwepwe,Simon M. Kapwepwe,NLA
Africa,Zambia,Solwezi,Solwezi,SLI
Africa,Zimbabwe,Harare,Harare,HRE
Africa,Zimbabwe,Joshua Mqabuko Nkomo,Joshua Mqabuko Nkomo,BUQ
Africa,Zimbabwe,Victoria Falls,Victoria Falls,VFA
Asia,American Samoa,Pago Pago,Pago Pago,PPG
Asia,Bangladesh,Barisal,Barisal,BZL
Asia,Bangladesh,Coxs Bazar,Coxs Bazar,CXB
Asia,Bangladesh,Jessore,Jessore,JSR
Asia,Bangladesh,Rajshahi,Rajshahi,RJH
Asia,Bangladesh,Saidpur,Saidpur,SPD
Asia,Bangladesh,Shah Amanat,Shah Amanat,CGP
Asia,Bangladesh,Sylhet,Sylhet,ZYL
Asia,Bangladesh,Zia,Zia,DAC
Asia,Bhutan,Bathpalathang,Bathpalathang,BUT
Asia,Bhutan,Gelephu,Gelephu,GLU
Asia,Bhutan,Paro,Paro,PBH
Asia,Bhutan,Yongphulla,Yongphulla,YON
Asia,Brunei Darussalam,Brunei,Brunei,BWN
Asia,Cambodia,Dara Sakor,Dara Sakor,DSY
Asia,Cambodia,Kratie,Kratie,KTI
Asia,Cambodia,Phnom Penh,Phnom Penh,PNH
Asia,Cambodia,Siem Reap-Ankor,Siem Reap-Ankor,SAI
Asia,Cambodia,Sihanoukville,Sihanoukville,KOS
Asia,China,,,WEC
Asia,China,Aksu,Aksu,AKU
Asia,China,Alaer Talimu,Alaer Talimu,ACF
Asia,China,Ali Pulan,Ali Pulan,APJ
Asia,China,Altay,Altay,AAT
Asia,China,Alxa Left Banner,Alxa Left Banner,AXF
Asia,China,An Shun/Huang Guo Shu,An Shun/Huang Guo Shu,AVA
Asia,China,Anqing,Anqing,AQG
Asia,China,Anshan Teng'ao,Anshan Teng'ao,AOG
Asia,China,Arxan Yiershi,Arxan Yiershi,YIE
Asia,China,Baicheng Chang'an,Baicheng Chang'an,DBC
Asia,China,Bailian,Bailian,LZH
Asia,China,Bangda,Bangda,BPX
Asia,China,Baoshan,Baoshan,BSD
Asia,China,Baotou,Baotou,BAV
Asia,China,Bayannur Tianjitai,Bayannur Tianjitai,RLK
Asia,China,Beihai,Beihai,BHY
Asia,China,Beihu,Beihu,HCZ
Asia,China,Beijing Capital,Beijing Capital,PEK
Asia,China,Bole Alashankou,Bole Alashankou,BPL
Asia,China,Bozhou,Bozhou,BZJ
Asia,China,Brkol Dahe,Brkol Dahe,DHH
Asia,China,Cangyuan Washan,Cangyuan Washan,CWJ
Asia,China,ChaGanHu,ChaGanHu,YSQ
Asia,China,Changbaishan,Changbaishan,NBS
Asia,China,Changchun Longjia,Changchun Longjia,CGQ
Asia,China,Changde,Changde,CGD
Asia,China,Changsha Huanghua,Changsha Huanghua,CSX
Asia,China,Changzhi,Changzhi,CIH
Asia,China,Changzhou,Changzhou,CZX
Asia,China,Chaoyang,Chaoyang,CHG
Asia,China,Cheng Xian,Cheng Xian,LNL
Asia,China,Chengdu Shuangliu,Chengdu Shuangliu,CTU
Asia,China,Chifeng,Chifeng,CIF
Asia,China,Chizhou Jiuhuashan,Chizhou Jiuhuashan,JUH
Asia,China,Chongqing Jiangbei,Chongqing Jiangbei,CKG
Asia,China,Chongqing Wushan,Chongqing Wushan,WSK
Asia,China,Chongqing Xiannvshan,Chongqing Xiannvshan,CQW
Asia,China,Dali,Dali,DLU
Asia,China,Dalian Zhoushuizi,Dalian Zhoushuizi,DLC
Asia,China,Dandong,Dandong,DDG
Asia,China,Daocheng Yading,Daocheng Yading,DCY
Asia,China,Daqing Shi,Daqing Shi,DQA
Asia,China,Datong,Datong,DAT
Asia,China,Daxing,Daxing,PKX
Asia,China,Dayong,Dayong,DYG
Asia,China,Dazhou Jinya,Dazhou Jinya,DZH
Asia,China,Dedu,Dedu,DTU
Asia,China,Dehong Mangshi,Dehong Mangshi,LUM
Asia,China,Diqing Shangri-La,Diqing Shangri-La,DIG
Asia,China,Dongshan,Dongshan,HLD
Asia,China,Dongsheng,Dongsheng,DSN
Asia,China,Dongying,Dongying,DOY
Asia,China,Dunhuang,Dunhuang,DNH
Asia,China,Enshi,Enshi,ENH
Asia,China,Enyang,Enyang,BZX
Asia,China,Eren Hot,Eren Hot,ERL
Asia,China,Ezhou Huahu,Ezhou Huahu,EHU
Asia,China,Foshan,Foshan,FUO
Asia,China,Fuqiang,Fuqiang,AKA
Asia,China,Fuyang,Fuyang,FUG
Asia,China,Fuyuan,Fuyuan,FYJ
Asia,China,Fuyun Koktokay,Fuyun Koktokay,FYN
Asia,China,Fuzhou Changle,Fuzhou Changle,FOC
Asia,China,Gannan Xiahe,Gannan Xiahe,GXH
Asia,China,Ganzhou,Ganzhou,KOW
Asia,China,Ganzhou Ruijin,Ganzhou Ruijin,JRJ
Asia,China,Ganzi,Ganzi,GZG
Asia,China,Golmud,Golmud,GOQ
Asia,China,Golog Maqin,Golog Maqin,GMQ
Asia,China,Guangyuan,Guangyuan,GYS
Asia,China,Guangzhou Baiyun,Guangzhou Baiyun,CAN
Asia,China,Guilin Liangjiang,Guilin Liangjiang,KWL
Asia,China,Guiyang Longdongbao,Guiyang Longdongbao,KWE
Asia,China,Gunsa,Gunsa,NGQ
Asia,China,Guyuan Liupanshan,Guyuan Liupanshan,GYU
Asia,China,Haikou Meilan,Haikou Meilan,HAK
Asia,China,Hami,Hami,HMI
Asia,China,Handan,Handan,HDG
Asia,China,Hangzhou Xiaoshan,Hangzhou Xiaoshan,HGH
Asia,China,Hanzhong,Hanzhong,HZG
Asia,China,Hefei Xinqiao,Hefei Xinqiao,HFE
Asia,China,Heihe,Heihe,HEK
Asia,China,Hengyang Nanyue,Hengyang Nanyue,HNY
Asia,China,Heze Mudan,Heze Mudan,HZA
Asia,China,Hilton Head,Hilton Head,HXD
Asia,China,Hohhot Baita,Hohhot Baita,HET
Asia,China,Hong Qiqu,Hong Qiqu,HQQ
Asia,China,Hongqiao,Hongqiao,SHA
Asia,China,Hongqilafu,Hongqilafu,HQL
Asia,China,Hongyuan,Hongyuan,AHJ
Asia,China,Hotan,Hotan,HTN
Asia,China,Huai'an Lianshui,Huai'an Lianshui,HIA
Asia,China,Huatugou,Huatugou,HTT
Asia,China,Huizhou,Huizhou,HUZ
Asia,China,Huolinhe,Huolinhe,HUO
Asia,China,Jiagedaqi,Jiagedaqi,JGD
Asia,China,Jiamusi,Jiamusi,JMU
Asia,China,Jiangbulake,Jiangbulake,JBK
Asia,China,Jiansanjiang,Jiansanjiang,JSJ
Asia,China,Jiaxing Nanhu,Jiaxing Nanhu,JNH
Asia,China,Jiayuguan,Jiayuguan,JGN
Asia,China,Jinan Yaoqiang,Jinan Yaoqiang,TNA
Asia,China,Jinchuan,Jinchuan,JIC
Asia,China,Jingdezhen,Jingdezhen,JDZ
Asia,China,Jinggangshan,Jinggangshan,JGS
Asia,China,Jingmai,Jingmai,JMJ
Asia,China,Jining Da'an,Jining Da'an,JNG
Asia,China,Jinzhou,Jinzhou,JNZ
Asia,China,Jiujiang Lushan,Jiujiang Lushan,JIU
Asia,China,Jiuzhai Huanglong,Jiuzhai Huanglong,JZH
Asia,China,Jixi,Jixi,JXA
Asia,China,Kaili Huangping,Kaili Huangping,KJH
Asia,China,Kanas,Kanas,KJI
Asia,China,Kangding,Kangding,KGT
Asia,China,Karamay,Karamay,KRY
Asia,China,Kashi,Kashi,KHG
Asia,China,Korla,Korla,KRL
Asia,China,Kunming Changshui,Kunming Changshui,KMG
Asia,China,Kuqa,Kuqa,KCA
Asia,China,Langzhong Gucheng,Langzhong Gucheng,LZG
Asia,China,Lanzhou Zhongchuan,Lanzhou Zhongchuan,LHW
Asia,China,Lhasa,Lhasa,LXA
Asia,China,Lianyungang,Lianyungang,LYG
Asia,China,Libo County Libo City,Libo County Libo City,LLB
Asia,China,Lijiang Sanyi,Lijiang Sanyi,LJG
Asia,China,Lincang,Lincang,LNJ
Asia,China,Linfen Qiaoli,Linfen Qiaoli,LFQ
Asia,China,Lingling,Lingling,LLF
Asia,China,Linyi,Linyi,LYI
Asia,China,Lishui,Lishui,LIJ
Asia,China,Liupanshui Yuezhao,Liupanshui Yuezhao,LPF
Asia,China,Longyan,Longyan,LCX
Asia,China,Lu Kou,Lu Kou,NKG
Asia,China,Luliang,Luliang,LLV
Asia,China,Luoyang,Luoyang,LYA
Asia,China,Luqiao,Luqiao,HYN
Asia,China,Manzhouli,Manzhouli,NZH
Asia,China,Maotai,Maotai,WMT
Asia,China,Meixian,Meixian,MXZ
Asia,China,Mianyang,Mianyang,MIG
Asia,China,Minggang,Minggang,XAI
Asia,China,Mohe,Mohe,OHE
Asia,China,Mudanjiang,Mudanjiang,MDG
Asia,China,Nalati,Nalati,NLT
Asia,China,Nanchang,Nanchang,KHN
Asia,China,Nanchong,Nanchong,NAO
Asia,China,Nanning Wuxu,Nanning Wuxu,NNG
Asia,China,Nanniwan,Nanniwan,ENY
Asia,China,Nanping Wuyishan,Nanping Wuyishan,WUS
Asia,China,Nantong,Nantong,NTG
Asia,China,Nanyang,Nanyang,NNY
Asia,China,Ningbo Lishe,Ningbo Lishe,NGB
Asia,China,Ninglang Luguhu,Ninglang Luguhu,NLH
Asia,China,Nyingchi,Nyingchi,LZY
Asia,China,Panzhihua,Panzhihua,PZI
Asia,China,Penglai,Penglai,YNT
Asia,China,Phoenix,Phoenix,SYX
Asia,China,Puning,Puning,CDE
Asia,China,Qianjiang Wulingshan,Qianjiang Wulingshan,JIQ
Asia,China,Qiemo,Qiemo,IQM
Asia,China,Qingdao Jiaodong,Qingdao Jiaodong,TAO
Asia,China,Qingshan,Qingshan,XIC
Asia,China,Qingyang,Qingyang,IQN
Asia,China,Qinhuangdao Beidaihe,Qinhuangdao Beidaihe,BPE
Asia,China,Qionghai Bo'ao,Qionghai Bo'ao,BAR
Asia,China,Qiqihar Sanjiazi,Qiqihar Sanjiazi,NDG
Asia,China,Quanzhou,Quanzhou,JJN
Asia,China,Quzhou,Quzhou,JUZ
Asia,China,Rizhao Shanzihe,Rizhao Shanzihe,RIZ
Asia,China,Ruoqiang,Ruoqiang,RQA
Asia,China,Sanhe,Sanhe,YYA
Asia,China,Sanming Shaxian,Sanming Shaxian,SQJ
Asia,China,Sanqingshan,Sanqingshan,SQD
Asia,China,Senipah,Senipah,SZH
Asia,China,Shache,Shache,QSZ
Asia,China,Shanghai Pudong,Shanghai Pudong,PVG
Asia,China,Shannan Longzi,Shannan Longzi,LGZ
Asia,China,Shaoguan,Shaoguan,HSC
Asia,China,Shashi,Shashi,SHS
Asia,China,Shekou Port,Shekou Port,ZYK
Asia,China,Shenyang Taoxian,Shenyang Taoxian,SHE
Asia,China,Shenzhen Bao'an,Shenzhen Bao'an,SZX
Asia,China,Shigatse Peace,Shigatse Peace,RKZ
Asia,China,Shihezi Huayuan,Shihezi Huayuan,SHF
Asia,China,Shijiazhuang Daguocun,Shijiazhuang Daguocun,SJW
Asia,China,Shiyan Wudangshan,Shiyan Wudangshan,WDS
Asia,China,Simao,Simao,SYM
Asia,China,Suifenhe Dongning,Suifenhe Dongning,HSF
Asia,China,Tacheng,Tacheng,TCG
Asia,China,Taiping,Taiping,HRB
Asia,China,Taiyuan Wusu,Taiyuan Wusu,TYN
Asia,China,Tangshan Sannuhe,Tangshan Sannuhe,TVS
Asia,China,Tangwangcheng,Tangwangcheng,TWC
Asia,China,Tengchong Tuofeng,Tengchong Tuofeng,TCZ
Asia,China,Tianfu,Tianfu,TFU
Asia,China,Tianjin Binhai,Tianjin Binhai,TSN
Asia,China,Tianma,Tianma,ZFL
Asia,China,Tianyang,Tianyang,AEB
Asia,China,Tonghua Sanyuanpu,Tonghua Sanyuanpu,TNH
Asia,China,Tongliao,Tongliao,TGO
Asia,China,Tongren,Tongren,TEN
Asia,China,Tunxi,Tunxi,TXN
Asia,China,Turpan Jiaohe,Turpan Jiaohe,TLQ
Asia,China,Ulanhot,Ulanhot,HLH
Asia,China,Ulanqab,Ulanqab,UCB
Asia,China,Wai Sha,Wai Sha,SWA
Asia,China,Wanfang,Wanfang,YTW
Asia,China,Wanxian,Wanxian,WXN
Asia,China,Weifang,Weifang,WEF
Asia,China,Weihai,Weihai,WEH
Asia,China,Wenshan,Wenshan,WNH
Asia,China,Wenzhou Yongqiang,Wenzhou Yongqiang,WNZ
Asia,China,Wugang,Wugang,WGN
Asia,China,Wuhai,Wuhai,WUA
Asia,China,Wuhan Tianhe,Wuhan Tianhe,WUH
Asia,China,Wutaishan,Wutaishan,WUT
Asia,China,Wuxi,Wuxi,WUX
Asia,China,Xi'an Xianyang,Xi'an Xianyang,XIY
Asia,China,Xiamen Gaoqi,Xiamen Gaoqi,XMN
Asia,China,Xiangfan,Xiangfan,XFN
Asia,China,Xiangxi Biancheng,Xiangxi Biancheng,DXJ
Asia,China,Xigaze Dingri,Xigaze Dingri,DDR
Asia,China,Xijiang,Xijiang,WUZ
Asia,China,Xilinhot,Xilinhot,XIL
Asia,China,Xingtai,Xingtai,XNT
Asia,China,Xingyi,Xingyi,ACX
Asia,China,Xining Caojiabu,Xining Caojiabu,XNN
Asia,China,Xishuangbanna Gasa,Xishuangbanna Gasa,JHG
Asia,China,Xuanzhou,Xuanzhou,WHA
Asia,China,Xuzhou Guanyin,Xuzhou Guanyin,XUZ
Asia,China,Yancheng,Yancheng,YNZ
Asia,China,Yangzhou Taizhou,Yangzhou Taizhou,YTY
Asia,China,Yanji,Yanji,YNJ
Asia,China,Yibin,Yibin,YBP
Asia,China,Yichang,Yichang,YIH
Asia,China,Yichun Mingyueshan,Yichun Mingyueshan,YIC
Asia,China,Yichun Shi,Yichun Shi,LDS
Asia,China,Yinchuan Hedong,Yinchuan Hedong,INC
Asia,China,Yingkou,Yingkou,YKH
Asia,China,Yining,Yining,YIN
Asia,China,Yiwu,Yiwu,YIW
Asia,China,Yulin,Yulin,UYN
Asia,China,Yulin Fumian,Yulin Fumian,YLX
Asia,China,Yunlong,Yunlong,LZO
Asia,China,Yushu Batang,Yushu Batang,YUS
Asia,China,Zhalantun Chengjisihan,Zhalantun Chengjisihan,NZL
Asia,China,Zhangjiakou Ningyuan,Zhangjiakou Ningyuan,ZQZ
Asia,China,Zhangxiao,Zhangxiao,YCU
Asia,China,Zhangye Ganzhou,Zhangye Ganzhou,YZY
Asia,China,Zhanjiang,Zhanjiang,ZHA
Asia,China,Zhaotong,Zhaotong,ZAT
Asia,China,Zhengzhou Xinzheng,Zhengzhou Xinzheng,CGO
Asia,China,Zhijiang,Zhijiang,HJJ
Asia,China,Zhongwei Xiangshan,Zhongwei Xiangshan,ZHY
Asia,China,Zhoushan,Zhoushan,HSN
Asia,China,Zhuhai,Zhuhai,ZUH
Asia,China,Zhuhai Jinwan,Zhuhai Jinwan,ZUH
Asia,China,Zunyi Xinzhou,Zunyi Xinzhou,ZYI
Asia,China,Ürümqi Diwopu,Ürümqi Diwopu,URC
Asia,East Timor,Dili,Dili,DIL
Asia,Hong Kong,Hong Kong,Hong Kong,HKG
Asia,Hong Kong,Sheung Wan Heliport,Sheung Wan Heliport,HHP
Asia,India,Adampur,Adampur,AIP
Asia,India,Agartala,Agartala,IXA
Asia,India,Agatti Island,Agatti Island,AGX
Asia,India,Agra,Agra,AGR
Asia,India,Ahmedabad,Ahmedabad,AMD
Asia,India,Aizawl,Aizawl,AJL
Asia,India,Ajmer,Ajmer,KQH
Asia,India,Allahabad,Allahabad,IXD
Asia,India,Amravati,Amravati,AVR
Asia,India,Amritsar,Amritsar,ATQ
Asia,India,Aurangabad,Aurangabad,IXU
Asia,India,Ayodhya,Ayodhya,AYJ
Asia,India,Bagdogra,Bagdogra,IXB
Asia,India,Bareilly,Bareilly,BEK
Asia,India,Bathinda,Bathinda,BUP
Asia,India,Belgaum,Belgaum,IXG
Asia,India,Bhavnagar,Bhavnagar,BHU
Asia,India,Bhopal,Bhopal,BHO
Asia,India,Bhubaneshwar,Bhubaneshwar,BBI
Asia,India,Bhuj,Bhuj,BHJ
Asia,India,Bidar,Bidar,IXX
Asia,India,Bilaspur,Bilaspur,PAB
Asia,India,Birsa Munda,Birsa Munda,IXR
Asia,India,Birsi,Birsi,GDB
Asia,India,Calicut,Calicut,CCJ
Asia,India,Chandigarh,Chandigarh,IXC
Asia,India,Chennai,Chennai,MAA
Asia,India,Chhatrapati Shivaji Maharaj,Chhatrapati Shivaji Maharaj,BOM
Asia,India,Cochin,Cochin,COK
Asia,India,Coimbatore,Coimbatore,CJB
Asia,India,Cooch Behar,Cooch Behar,COH
Asia,India,Cuddapah,Cuddapah,CDP
Asia,India,Darbhanga,Darbhanga,DBR
Asia,India,Datia,Datia,DPP
Asia,India,Dehradun,Dehradun,DED
Asia,India,Deoghar,Deoghar,DGH
Asia,India,Devi Ahilyabai Holkar,Devi Ahilyabai Holkar,IDR
Asia,India,Dibrugarh,Dibrugarh,DIB
Asia,India,Dimapur,Dimapur,DMU
Asia,India,Diu,Diu,DIU
Asia,India,Gaggal,Gaggal,DHM
Asia,India,Gaya,Gaya,GAY
Asia,India,Goa,Goa,GOI
Asia,India,Gorakhpur,Gorakhpur,GOP
Asia,India,Gwalior,Gwalior,GWL
Asia,India,Hindon,Hindon,HDO
Asia,India,Hirasar,Hirasar,HSR
Asia,India,Hissar,Hissar,HSS
Asia,India,Hollongi,Hollongi,HGI
Asia,India,Hubli,Hubli,HBX
Asia,India,Imphal,Imphal,IMF
Asia,India,Indira Gandhi,Indira Gandhi,DEL
Asia,India,Jabalpur,Jabalpur,JLR
Asia,India,Jagdalpur,Jagdalpur,JGB
Asia,India,Jaipur,Jaipur,JAI
Asia,India,Jaisalmer,Jaisalmer,JSA
Asia,India,Jalgaon,Jalgaon,JLG
Asia,India,Jammu,Jammu,IXJ
Asia,India,Jamnagar,Jamnagar,JGA
Asia,India,Jamshedpur,Jamshedpur,IXW
Asia,India,Jeypore,Jeypore,PYB
Asia,India,Jindal,Jindal,VDY
Asia,India,Jodhpur,Jodhpur,JDH
Asia,India,Jorhat,Jorhat,JRH
Asia,India,Kandla,Kandla,IXY
Asia,India,Kannur,Kannur,CNN
Asia,India,Kanpur,Kanpur,KNU
Asia,India,Kazi Nazrul Islam,Kazi Nazrul Islam,RDP
Asia,India,Kempegowda,Kempegowda,BLR
Asia,India,Keshod,Keshod,IXK
Asia,India,Khajuraho,Khajuraho,HJR
Asia,India,Kolhapur,Kolhapur,KLH
Asia,India,Kolkata Netaji Subhas Chandra Bose,Kolkata Netaji Subhas Chandra Bose,CCU
Asia,India,Kullu Manali,Kullu Manali,KUU
Asia,India,Kurnool,Kurnool,KJB
Asia,India,Leh,Leh,IXL
Asia,India,Lilabari,Lilabari,IXI
Asia,India,Lokpriya Gopinath Bordoloi,Lokpriya Gopinath Bordoloi,GAU
Asia,India,Lucknow,Lucknow,LKO
Asia,India,Madurai,Madurai,IXM
Asia,India,Mangalore,Mangalore,IXE
Asia,India,Mopa,Mopa,GOX
Asia,India,Mysore,Mysore,MYQ
Asia,India,Nagpur,Nagpur,NAG
Asia,India,Nal,Nal,BKB
Asia,India,Nanded,Nanded,NDC
Asia,India,Navi Mumbai,Navi Mumbai,NMI
Asia,India,Ozar,Ozar,ISK
Asia,India,Pantnagar,Pantnagar,PGH
Asia,India,Pasighat,Pasighat,IXT
Asia,India,Patna,Patna,PAT
Asia,India,Porbandar,Porbandar,PBD
Asia,India,Port Blair,Port Blair,IXZ
Asia,India,Puducherry,Puducherry,PNY
Asia,India,Pune,Pune,PNQ
Asia,India,Purnea,Purnea,PXN
Asia,India,Raipur,Raipur,RPR
Asia,India,Rajahmundry,Rajahmundry,RJA
Asia,India,Rajiv Gandhi,Rajiv Gandhi,HYD
Asia,India,Rewa,Rewa,REW
Asia,India,Rourkela,Rourkela,RRK
Asia,India,Rupsi,Rupsi,RUP
Asia,India,Salem,Salem,SXV
Asia,India,Shillong,Shillong,SHL
Asia,India,Shimla,Shimla,SLV
Asia,India,Shirdi,Shirdi,SAG
Asia,India,Shivamogga,Shivamogga,RQY
Asia,India,Sholapur,Sholapur,SSE
Asia,India,Silchar,Silchar,IXS
Asia,India,Sindhudurg,Sindhudurg,SDW
Asia,India,Srinagar,Srinagar,SXR
Asia,India,Surat,Surat,STV
Asia,India,Tezu,Tezu,TEI
Asia,India,Thiruvananthapuram,Thiruvananthapuram,TRV
Asia,India,Tiruchirappalli,Tiruchirappalli,TRZ
Asia,India,Tirupati,Tirupati,TIR
Asia,India,Tuticorin,Tuticorin,TCR
Asia,India,Udaipur,Udaipur,UDR
Asia,India,Utkela,Utkela,UKE
Asia,India,Vadodara,Vadodara,BDQ
Asia,India,Varanasi,Varanasi,VNS
Asia,India,Veer Surendra Sai,Veer Surendra Sai,JRG
Asia,India,Vijayawada,Vijayawada,VGA
Asia,India,Vishakhapatnam,Vishakhapatnam,VTZ
Asia,India,Ziro,Ziro,ZER
Asia,Indonesia,Abdul Rachman Saleh,Abdul Rachman Saleh,MLG
Asia,Indonesia,Achmad Yani,Achmad Yani,SRG
Asia,Indonesia,Adi Sutjipto,Adi Sutjipto,JOG
Asia,Indonesia,Aji Pangeran Tumenggung,Aji Pangeran Tumenggung,AAP
Asia,Indonesia,Alor Island,Alor Island,ARD
Asia,Indonesia,Arung Palakka,Arung Palakka,APD
Asia,Indonesia,Babullah,Babullah,TTE
Asia,Indonesia,Bajawa Soa,Bajawa Soa,BJW
Asia,Indonesia,Bali,Bali,DPS
Asia,Indonesia,Bandar Lampung,Bandar Lampung,TKG
Asia,Indonesia,Batulicin,Batulicin,BTW
Asia,Indonesia,Baubau,Baubau,BUW
Asia,Indonesia,Berau,Berau,BEJ
Asia,Indonesia,Blimbingsari,Blimbingsari,BWX
Asia,Indonesia,Bubung,Bubung,LUW
Asia,Indonesia,Buli,Buli,PGQ
Asia,Indonesia,Bulutumbang,Bulutumbang,TJQ
Asia,Indonesia,David C. Saudale,David C. Saudale,RTI
Asia,Indonesia,Dhoho,Dhoho,DHX
Asia,Indonesia,Dibrugarh,Dibrugarh,MOH
Asia,Indonesia,Dobo,Dobo,DOB
Asia,Indonesia,El Tari,El Tari,KOE
Asia,Indonesia,Emalamo Sanana,Emalamo Sanana,SQN
Asia,Indonesia,Ewer,Ewer,EWE
Asia,Indonesia,Fak Fak,Fak Fak,FKQ
Asia,Indonesia,Ferdinand Lumban Tobing,Ferdinand Lumban Tobing,FLZ
Asia,Indonesia,Frans Kaisiepo,Frans Kaisiepo,BIK
Asia,Indonesia,Gunungsitoli,Gunungsitoli,GNS
Asia,Indonesia,Gusti Syamsir Alam,Gusti Syamsir Alam,KBU
Asia,Indonesia,H Hasan Aroeboesman,H Hasan Aroeboesman,ENE
Asia,Indonesia,H. Aroeppala,H. Aroeppala,KSR
Asia,Indonesia,H. Asan,H. Asan,SMQ
Asia,Indonesia,Haji Muhammad Sidik,Haji Muhammad Sidik,HMS
Asia,Indonesia,Halim Perdanakusuma,Halim Perdanakusuma,HLP
Asia,Indonesia,Haliwen,Haliwen,ABU
Asia,Indonesia,Hang Nadim,Hang Nadim,BTH
Asia,Indonesia,Husein Sastranegara,Husein Sastranegara,BDO
Asia,Indonesia,Jalaluddin,Jalaluddin,GTO
Asia,Indonesia,Jefman,Jefman,SOQ
Asia,Indonesia,Jos Orno Imsula,Jos Orno Imsula,JIO
Asia,Indonesia,Juanda,Juanda,SUB
Asia,Indonesia,Kaimana,Kaimana,KNG
Asia,Indonesia,Kasiguncu,Kasiguncu,PSJ
Asia,Indonesia,Kau,Kau,KAZ
Asia,Indonesia,Kepi,Kepi,KEI
Asia,Indonesia,Kertajati,Kertajati,KJT
Asia,Indonesia,Knokke,Knokke,KNO
Asia,Indonesia,Kolonel RA Bessing,Kolonel RA Bessing,LNU
Asia,Indonesia,Labuan Bajo,Labuan Bajo,LBJ
Asia,Indonesia,Lagaligo,Lagaligo,LLO
Asia,Indonesia,Langguri,Langguri,LUV
Asia,Indonesia,Larantuka,Larantuka,LKA
Asia,Indonesia,Letung,Letung,LMU
Asia,Indonesia,Lombok,Lombok,LOP
Asia,Indonesia,Malikus Saleh,Malikus Saleh,LSW
Asia,Indonesia,Maratua,Maratua,RTU
Asia,Indonesia,Matahora,Matahora,WNI
Asia,Indonesia,Mau Hau,Mau Hau,WGP
Asia,Indonesia,Melalan,Melalan,GHS
Asia,Indonesia,Melangguane,Melangguane,MNA
Asia,Indonesia,Mopah,Mopah,MKQ
Asia,Indonesia,Moses Kilangin,Moses Kilangin,TIM
Asia,Indonesia,Muara Bungo,Muara Bungo,BUU
Asia,Indonesia,Muhammad Salahuddin,Muhammad Salahuddin,BMU
Asia,Indonesia,Mutiara,Mutiara,PLW
Asia,Indonesia,Nabire,Nabire,NBX
Asia,Indonesia,Naha,Naha,NAH
Asia,Indonesia,Namlea,Namlea,NAM
Asia,Indonesia,Namrole,Namrole,NRE
Asia,Indonesia,Natuna Ranai,Natuna Ranai,NTX
Asia,Indonesia,New Yogyakarta,New Yogyakarta,YIA
Asia,Indonesia,Nop Goliath,Nop Goliath,DEX
Asia,Indonesia,Noto Hadinegoro,Noto Hadinegoro,JBB
Asia,Indonesia,Oesman Sadik,Oesman Sadik,LAH
Asia,Indonesia,Oksibil,Oksibil,OKL
Asia,Indonesia,Padang Kemiling,Padang Kemiling,BKS
Asia,Indonesia,Pangkalanboun,Pangkalanboun,PKN
Asia,Indonesia,Pangkalpinang,Pangkalpinang,PGK
Asia,Indonesia,Pattimura,Pattimura,AMQ
Asia,Indonesia,Pitu,Pitu,OTI
Asia,Indonesia,Pomala,Pomala,PUM
Asia,Indonesia,Putussibau,Putussibau,PSU
Asia,Indonesia,Rahadi Usman,Rahadi Usman,KTG
Asia,Indonesia,Raja Haji Fisabilillah,Raja Haji Fisabilillah,TNJ
Asia,Indonesia,Rendani,Rendani,MKW
Asia,Indonesia,Sam Ratulangi,Sam Ratulangi,MDC
Asia,Indonesia,Sangia Nibandera,Sangia Nibandera,KXB
Asia,Indonesia,Satar Tacik,Satar Tacik,RTG
Asia,Indonesia,Saumlaki,Saumlaki,SXK
Asia,Indonesia,Sentani,Sentani,DJJ
Asia,Indonesia,Sepinggan,Sepinggan,BPN
Asia,Indonesia,Silampari,Silampari,LLJ
Asia,Indonesia,Silangit,Silangit,DTB
Asia,Indonesia,Sintang,Sintang,SQG
Asia,Indonesia,Sitkinak Island Coast Guard Station,Sitkinak Island Coast Guard Station,SKJ
Asia,Indonesia,Soekarno Hatta,Soekarno Hatta,CGK
Asia,Indonesia,Solo City,Solo City,SOC
Asia,Indonesia,Stevanus Rumbewas,Stevanus Rumbewas,ZRI
Asia,Indonesia,Sugimanuru,Sugimanuru,RAQ
Asia,Indonesia,Sultan Bantilan,Sultan Bantilan,TLI
Asia,Indonesia,Sultan Iskandarmuda,Sultan Iskandarmuda,BTJ
Asia,Indonesia,Sultan Mahmud Badaruddin Ii,Sultan Mahmud Badaruddin Ii,PLM
Asia,Indonesia,Sultan Muhammad Kaharuddin III,Sultan Muhammad Kaharuddin III,SWQ
Asia,Indonesia,Sultan Syarif Kasim Ii,Sultan Syarif Kasim Ii,PKU
Asia,Indonesia,Sultan Thaha,Sultan Thaha,DJB
Asia,Indonesia,Supadio,Supadio,PNK
Asia,Indonesia,Syamsudin Noor,Syamsudin Noor,BDJ
Asia,Indonesia,Tabing,Tabing,PDG
Asia,Indonesia,Takengon Rembele,Takengon Rembele,TXE
Asia,Indonesia,Tambolaka,Tambolaka,TMC
Asia,Indonesia,Tampa Padang,Tampa Padang,MJU
Asia,Indonesia,Tanahmerah,Tanahmerah,TMH
Asia,Indonesia,Tanjung Selor,Tanjung Selor,TJS
Asia,Indonesia,Tarakan,Tarakan,TRK
Asia,Indonesia,Tjilik Riwut,Tjilik Riwut,PKY
Asia,Indonesia,Toraja,Toraja,TRT
Asia,Indonesia,Ujung Pandang,Ujung Pandang,UPG
Asia,Indonesia,Wai Oti,Wai Oti,MOF
Asia,Indonesia,Wamena,Wamena,WMX
Asia,Indonesia,Wolter Monginsidi,Wolter Monginsidi,KDI
Asia,Indonesia,Wunopito,Wunopito,LWE
Asia,Japan,Akita,Akita,AXT
Asia,Japan,Amakusa,Amakusa,AXJ
Asia,Japan,Amami O Shima,Amami O Shima,ASJ
Asia,Japan,Aomori,Aomori,AOJ
Asia,Japan,Asahikawa,Asahikawa,AKJ
Asia,Japan,Fukue,Fukue,FUJ
Asia,Japan,Fukuoka,Fukuoka,FUK
Asia,Japan,Fukushima,Fukushima,FKS
Asia,Japan,Hachijo Jima,Hachijo Jima,HAC
Asia,Japan,Hakodate,Hakodate,HKD
Asia,Japan,Hanamaki,Hanamaki,HNA
Asia,Japan,Haneda,Haneda,HND
Asia,Japan,Hiroshima,Hiroshima,HIJ
Asia,Japan,Ibaraki,Ibaraki,IBR
Asia,Japan,Iki,Iki,IKI
Asia,Japan,Ishigaki,Ishigaki,ISG
Asia,Japan,Iwakuni Kintaikyo,Iwakuni Kintaikyo,IWK
Asia,Japan,Iwami,Iwami,IWJ
Asia,Japan,Izumo,Izumo,IZO
Asia,Japan,Kagoshima,Kagoshima,KOJ
Asia,Japan,Kansai,Kansai,KIX
Asia,Japan,Kikaiga Shima,Kikaiga Shima,KKX
Asia,Japan,Kitadaito,Kitadaito,KTD
Asia,Japan,Kitakyushu,Kitakyushu,KKJ
Asia,Japan,Kobe,Kobe,UKB
Asia,Japan,Kochi,Kochi,KCZ
Asia,Japan,Komatsu,Komatsu,KMQ
Asia,Japan,Kumamoto,Kumamoto,KMJ
Asia,Japan,Kumejima,Kumejima,UEO
Asia,Japan,Kushiro,Kushiro,KUH
Asia,Japan,Matsumoto,Matsumoto,MMJ
Asia,Japan,Matsuyama,Matsuyama,MYJ
Asia,Japan,Memanbetsu,Memanbetsu,MMB
Asia,Japan,Miho,Miho,YGJ
Asia,Japan,Minami Daito,Minami Daito,MMD
Asia,Japan,Misawa Ab,Misawa Ab,MSJ
Asia,Japan,Miyako Jima,Miyako Jima,MMY
Asia,Japan,Miyazaki,Miyazaki,KMI
Asia,Japan,Monbetsu,Monbetsu,MBE
Asia,Japan,Nagasaki,Nagasaki,NGS
Asia,Japan,Nagoya,Nagoya,NGO
Asia,Japan,Nagoya,Nagoya,NKM
Asia,Japan,Naha Air Force Base,Naha Air Force Base,AHA
Asia,Japan,Nakashibetsu,Nakashibetsu,SHB
Asia,Japan,Narita,Narita,NRT
Asia,Japan,New Tanegashima,New Tanegashima,TNE
Asia,Japan,Niigata,Niigata,KIJ
Asia,Japan,Noto,Noto,NTQ
Asia,Japan,Obihiro,Obihiro,OBO
Asia,Japan,Odate Noshiro,Odate Noshiro,ONJ
Asia,Japan,Oita,Oita,OIT
Asia,Japan,Okayama,Okayama,OKJ
Asia,Japan,Oki Island,Oki Island,OKI
Asia,Japan,Okinawa,Okinawa,OKA
Asia,Japan,Okino Erabu,Okino Erabu,OKE
Asia,Japan,Okushiri,Okushiri,OIR
Asia,Japan,Osaka,Osaka,ITM
Asia,Japan,Rishiri,Rishiri,RIS
Asia,Japan,Saga,Saga,HSG
Asia,Japan,Sapporo,Sapporo,CTS
Asia,Japan,Sapporo,Sapporo,OKD
Asia,Japan,Sendai,Sendai,SDJ
Asia,Japan,Shimojishima,Shimojishima,SHI
Asia,Japan,Shirahama,Shirahama,SHM
Asia,Japan,Shizuoka,Shizuoka,FSZ
Asia,Japan,Shonai,Shonai,SYO
Asia,Japan,Tajima,Tajima,TJH
Asia,Japan,Takamatsu,Takamatsu,TAK
Asia,Japan,Taramajma,Taramajma,TRA
Asia,Japan,Tokunoshima,Tokunoshima,TKN
Asia,Japan,Tokushima,Tokushima,TKS
Asia,Japan,Tottori,Tottori,TTJ
Asia,Japan,Toyama,Toyama,TOY
Asia,Japan,Tsushima,Tsushima,TSJ
Asia,Japan,Wakkanai,Wakkanai,WKJ
Asia,Japan,Yakushima,Yakushima,KUM
Asia,Japan,Yamagata,Yamagata,GAJ
Asia,Japan,Yamaguchi Ube,Yamaguchi Ube,UBJ
Asia,Japan,Yonaguni Jima,Yonaguni Jima,OGN
Asia,Japan,Yoron,Yoron,RNJ
Asia,Kazakhstan,Aktau,Aktau,SCO
Asia,Kazakhstan,Aktyubinsk,Aktyubinsk,AKX
Asia,Kazakhstan,Almaty,Almaty,ALA
Asia,Kazakhstan,Atyrau,Atyrau,GUW
Asia,Kazakhstan,Kokshetau,Kokshetau,KOV
Asia,Kazakhstan,Kostanay,Kostanay,KSN
Asia,Kazakhstan,Kzyl-Orda,Kzyl-Orda,KZO
Asia,Kazakhstan,Nursultan Nazarbayev,Nursultan Nazarbayev,NQZ
Asia,Kazakhstan,Pavlodar,Pavlodar,PWQ
Asia,Kazakhstan,Petropavlovsk,Petropavlovsk,PPK
Asia,Kazakhstan,Sary-Arka,Sary-Arka,KGF
Asia,Kazakhstan,Semipalatinsk,Semipalatinsk,PLX
Asia,Kazakhstan,Shymkent,Shymkent,CIT
Asia,Kazakhstan,Taldykorgan,Taldykorgan,TDK
Asia,Kazakhstan,Taraz,Taraz,DMB
Asia,Kazakhstan,Turkistan,Turkistan,HSA
Asia,Kazakhstan,Uralsk,Uralsk,URA
Asia,Kazakhstan,Ust-Kamenogorsk,Ust-Kamenogorsk,UKK
Asia,Kazakhstan,Zhezkazgan,Zhezkazgan,DZN
Asia,Kyrgyzstan,Issyk-Kul,Issyk-Kul,IKU
Asia,Kyrgyzstan,Karakol,Karakol,IKG
Asia,Kyrgyzstan,Manas,Manas,BSZ
Asia,Kyrgyzstan,Manas,Manas,FRU
Asia,Kyrgyzstan,Osh,Osh,OSS
Asia,Laos,Bokeo,Bokeo,BOR
Asia,Laos,Boun Neua,Boun Neua,PCQ
Asia,Laos,Luang Namtha,Luang Namtha,LXG
Asia,Laos,Luang Prabang,Luang Prabang,LPQ
Asia,Laos,Pakse,Pakse,PKZ
Asia,Laos,Sam Neua,Sam Neua,NEU
Asia,Laos,Savannakhet,Savannakhet,ZVK
Asia,Laos,Sayaboury,Sayaboury,ZBY
Asia,Laos,Wattay,Wattay,VTE
Asia,Laos,Xieng Khouang,Xieng Khouang,XKH
Asia,Macao,Macau,Macau,MFM
Asia,Macao,Macau Ferry Pier,Macau Ferry Pier,XZM
Asia,Malaysia,Bakalalan,Bakalalan,BKM
Asia,Malaysia,Bario,Bario,BBN
Asia,Malaysia,Bintulu,Bintulu,BTU
Asia,Malaysia,Kota Kinabalu,Kota Kinabalu,BKI
Asia,Malaysia,Kuala Lumpur,Kuala Lumpur,KUL
Asia,Malaysia,Kuantan,Kuantan,KUA
Asia,Malaysia,Kuching,Kuching,KCH
Asia,Malaysia,Labuan,Labuan,LBU
Asia,Malaysia,Lahad Datu,Lahad Datu,LDU
Asia,Malaysia,Langkawi,Langkawi,LGK
Asia,Malaysia,Lawas,Lawas,LWY
Asia,Malaysia,Limbang,Limbang,LMN
Asia,Malaysia,Long Akah,Long Akah,LKH
Asia,Malaysia,Long Banga,Long Banga,LBP
Asia,Malaysia,Long Lellang,Long Lellang,LGL
Asia,Malaysia,Long Seridan,Long Seridan,ODN
Asia,Malaysia,Malacca,Malacca,MKZ
Asia,Malaysia,Marudi,Marudi,MUR
Asia,Malaysia,Miri,Miri,MYY
Asia,Malaysia,Mukah,Mukah,MKM
Asia,Malaysia,Mulu,Mulu,MZV
Asia,Malaysia,Penang,Penang,PEN
Asia,Malaysia,Sandakan,Sandakan,SDK
Asia,Malaysia,Sibu,Sibu,SBW
Asia,Malaysia,Sultan Abdul Aziz Shah,Sultan Abdul Aziz Shah,SZB
Asia,Malaysia,Sultan Abdul Halim,Sultan Abdul Halim,AOR
Asia,Malaysia,Sultan Azlan Shah,Sultan Azlan Shah,IPH
Asia,Malaysia,Sultan Ismail,Sultan Ismail,JHB
Asia,Malaysia,Sultan Ismail Petra,Sultan Ismail Petra,KBR
Asia,Malaysia,Sultan Mahmud,Sultan Mahmud,TGG
Asia,Malaysia,Tanjung Manis,Tanjung Manis,TGC
Asia,Malaysia,Tawau,Tawau,TWU
Asia,Maldives,Dhaalu Atoll,Dhaalu Atoll,DDD
Asia,Maldives,Dharavandhoo AIrport,Dharavandhoo AIrport,DRV
Asia,Maldives,Faresmathoda,Faresmathoda,FMT
Asia,Maldives,Funadhoo Station,Funadhoo Station,FND
Asia,Maldives,Fuvahmulaku Island,Fuvahmulaku Island,FVM
Asia,Maldives,Gan Island,Gan Island,GAN
Asia,Maldives,Hanimaadhoo,Hanimaadhoo,HAQ
Asia,Maldives,Hoarafushi,Hoarafushi,HRF
Asia,Maldives,Ifuru,Ifuru,IFU
Asia,Maldives,Kaadedhdhoo,Kaadedhdhoo,KDM
Asia,Maldives,Kadhonoo,Kadhonoo,KDO
Asia,Maldives,Kooddoo Island,Kooddoo Island,GKK
Asia,Maldives,Kulhudhuffushi,Kulhudhuffushi,HDK
Asia,Maldives,Maafaru,Maafaru,NMF
Asia,Maldives,Maamigili Island,Maamigili Island,VAM
Asia,Maldives,Maavarulu,Maavarulu,RUL
Asia,Maldives,Madivaru,Madivaru,LMV
Asia,Maldives,Male,Male,MLE
Asia,Maldives,Muli,Muli,MUM
Asia,Maldives,Thimarafushi,Thimarafushi,TMF
Asia,Mongolia,Altai,Altai,LTI
Asia,Mongolia,Bayankhongor,Bayankhongor,BYN
Asia,Mongolia,Chinggis Khan,Chinggis Khan,UBN
Asia,Mongolia,Donoi,Donoi,ULZ
Asia,Mongolia,Gurvan Saikhan,Gurvan Saikhan,DLZ
Asia,Mongolia,Khovd,Khovd,HVD
Asia,Mongolia,Moron,Moron,MXV
Asia,Mongolia,Olgii,Olgii,ULG
Asia,Mongolia,Ulaangom,Ulaangom,ULO
Asia,Myanmar,Dawei,Dawei,TVY
Asia,Myanmar,Heho,Heho,HEH
Asia,Myanmar,Homalin,Homalin,HOX
Asia,Myanmar,Kalay,Kalay,KMV
Asia,Myanmar,Kawthoung,Kawthoung,KAW
Asia,Myanmar,Kengtung,Kengtung,KET
Asia,Myanmar,Khamti,Khamti,KHM
Asia,Myanmar,Kyaukpyu,Kyaukpyu,KYP
Asia,Myanmar,Magwe,Magwe,MWQ
Asia,Myanmar,Mandalay,Mandalay,MDL
Asia,Myanmar,Mawlamyine,Mawlamyine,MNU
Asia,Myanmar,Monywa,Monywa,NYW
Asia,Myanmar,Myeik,Myeik,MGZ
Asia,Myanmar,Myitkyina,Myitkyina,MYT
Asia,Myanmar,Nay Pyi Taw,Nay Pyi Taw,NYT
Asia,Myanmar,Nyaung,Nyaung,NYU
Asia,Myanmar,Putao,Putao,PBU
Asia,Myanmar,Sittwe,Sittwe,AKY
Asia,Myanmar,Tachilek,Tachilek,THL
Asia,Myanmar,Yangon,Yangon,RGN
Asia,Nepal,Bhadrapur,Bhadrapur,BDP
Asia,Nepal,Bhairahawa,Bhairahawa,BWA
Asia,Nepal,Bharatpur,Bharatpur,BHR
Asia,Nepal,Biratnagar,Biratnagar,BIR
Asia,Nepal,Dhangarhi,Dhangarhi,DHI
Asia,Nepal,Janakpur,Janakpur,JKR
Asia,Nepal,Nepalganj,Nepalganj,KEP
Asia,Nepal,Phan Thiet,Phan Thiet,PHH
Asia,Nepal,Pokhara,Pokhara,PKR
Asia,Nepal,Rajbiraj,Rajbiraj,RJB
Asia,Nepal,Simara,Simara,SIF
Asia,Nepal,Surkhet,Surkhet,SKH
Asia,Nepal,Tribhuvan,Tribhuvan,KTM
Asia,Nepal,Tumling Tar,Tumling Tar,TMI
Asia,Pakistan,Allama Iqbal,Allama Iqbal,LHE
Asia,Pakistan,Faisalabad,Faisalabad,LYP
Asia,Pakistan,Gilgit,Gilgit,GIL
Asia,Pakistan,Gwadar,Gwadar,GWD
Asia,Pakistan,Islamabad,Islamabad,ISB
Asia,Pakistan,Jinnah,Jinnah,KHI
Asia,Pakistan,Multan,Multan,MUX
Asia,Pakistan,Peshawar,Peshawar,PEW
Asia,Pakistan,Quetta,Quetta,UET
Asia,Pakistan,Sialkot,Sialkot,SKT
Asia,Pakistan,Skardu,Skardu,KDU
Asia,Pakistan,Sukkur,Sukkur,SKZ
Asia,Pakistan,Turbat,Turbat,TUK
Asia,Philippines,Antique,Antique,SJI
Asia,Philippines,Basco,Basco,BSO
Asia,Philippines,Bicol,Bicol,DRP
Asia,Philippines,Bohol,Bohol,TAG
Asia,Philippines,Borongan,Borongan,BPA
Asia,Philippines,Borongan,Borongan,BPR
Asia,Philippines,Busuanga,Busuanga,USU
Asia,Philippines,Butuan,Butuan,BXU
Asia,Philippines,Cagayan De Oro,Cagayan De Oro,CGY
Asia,Philippines,Calbayog,Calbayog,CYP
Asia,Philippines,Camiguin,Camiguin,CGM
Asia,Philippines,Catarman,Catarman,CRM
Asia,Philippines,Cauayan,Cauayan,CYZ
Asia,Philippines,Cotabato,Cotabato,CBO
Asia,Philippines,Daniel Z Romualdez,Daniel Z Romualdez,TAC
Asia,Philippines,Diosdado Macapagal,Diosdado Macapagal,CRK
Asia,Philippines,Dipolog,Dipolog,DPL
Asia,Philippines,Dumaguete,Dumaguete,DGT
Asia,Philippines,El Nido,El Nido,ENI
Asia,Philippines,Evelio Javier,Evelio Javier,EUQ
Asia,Philippines,Francisco Bangoy,Francisco Bangoy,DVO
Asia,Philippines,General Santos,General Santos,GES
Asia,Philippines,Godofredo P,Godofredo P,MPH
Asia,Philippines,Iloilo,Iloilo,ILO
Asia,Philippines,Kalibo,Kalibo,KLO
Asia,Philippines,Laoag,Laoag,LAO
Asia,Philippines,Mactan–Cebu,Mactan–Cebu,CEB
Asia,Philippines,Masbate,Masbate,MBT
Asia,Philippines,Naga,Naga,WNP
Asia,Philippines,Ninoy Aquino,Ninoy Aquino,MNL
Asia,Philippines,Ozamis,Ozamis,OZC
Asia,Philippines,Pagadian,Pagadian,PAG
Asia,Philippines,Puerto Princesa,Puerto Princesa,PPS
Asia,Philippines,Roxas,Roxas,RXS
Asia,Philippines,San Vicente,San Vicente,SWL
Asia,Philippines,Sanga Sanga,Sanga Sanga,TWT
Asia,Philippines,Sayak,Sayak,IAO
Asia,Philippines,Silay,Silay,BCD
Asia,Philippines,Surigao,Surigao,SUG
Asia,Philippines,Tuguegarao,Tuguegarao,TUG
Asia,Philippines,Virac,Virac,VRC
Asia,Philippines,Zamboanga,Zamboanga,ZAM
Asia,Singapore,Seletar,Seletar,XSP
Asia,Singapore,Singapore Changi,Singapore Changi,SIN
Asia,South Korea,Cheongju,Cheongju,CJJ
Asia,South Korea,Daegu Ab,Daegu Ab,TAE
Asia,South Korea,Gimhae,Gimhae,PUS
Asia,South Korea,Gimpo,Gimpo,GMP
Asia,South Korea,Gunsan,Gunsan,KUV
Asia,South Korea,Gwangju,Gwangju,KWJ
Asia,South Korea,Incheon,Incheon,ICN
Asia,South Korea,Jeju,Jeju,CJU
Asia,South Korea,Jinju,Jinju,HIN
Asia,South Korea,Kunsan Ab,Kunsan Ab,KUB
Asia,South Korea,Pohang,Pohang,KPO
Asia,South Korea,Ulsan,Ulsan,USN
Asia,South Korea,Wonju,Wonju,WJU
Asia,South Korea,Yangyang,Yangyang,YNY
Asia,South Korea,Yeosu,Yeosu,RSU
Asia,Sri Lanka,Bandaranaike,Bandaranaike,CMB
Asia,Sri Lanka,Kankesanturai,Kankesanturai,JAF
Asia,Sri Lanka,Mattala Rajapaksa,Mattala Rajapaksa,HRI
Asia,Taiwan,Chiayi,Chiayi,CYI
Asia,Taiwan,Hualien,Hualien,HUN
Asia,Taiwan,Kaohsiung,Kaohsiung,KHH
Asia,Taiwan,Mafikeng North,Mafikeng North,MFK
Asia,Taiwan,Makung,Makung,MZG
Asia,Taiwan,Matsu Nangan,Matsu Nangan,LZN
Asia,Taiwan,Shang Yi,Shang Yi,KNH
Asia,Taiwan,Sungshan,Sungshan,TSA
Asia,Taiwan,Taichung,Taichung,RMQ
Asia,Taiwan,Tainan,Tainan,TNN
Asia,Taiwan,Taitung,Taitung,TTT
Asia,Taiwan,Taoyuan,Taoyuan,TPE
Asia,Tajikistan,Dushanbe,Dushanbe,DYU
Asia,Tajikistan,Khudzhand,Khudzhand,LBD
Asia,Tajikistan,Kulob,Kulob,TJU
Asia,Tajikistan,Qurghonteppa,Qurghonteppa,KQT
Asia,Thailand,Buri Ram,Buri Ram,BFV
Asia,Thailand,Cha Ian,Cha Ian,NST
Asia,Thailand,Chiang Mai,Chiang Mai,CNX
Asia,Thailand,Chiang Rai,Chiang Rai,CEI
Asia,Thailand,Chumphon,Chumphon,CJM
Asia,Thailand,Don Mueang,Don Mueang,DMK
Asia,Thailand,Hat Yai,Hat Yai,HDY
Asia,Thailand,Hua Hin,Hua Hin,HHQ
Asia,Thailand,Khon Kaen,Khon Kaen,KKC
Asia,Thailand,Krabi,Krabi,KBV
Asia,Thailand,Lampang,Lampang,LPT
Asia,Thailand,Loei,Loei,LOE
Asia,Thailand,Mae Sot,Mae Sot,MAQ
Asia,Thailand,Nakhon Phanom,Nakhon Phanom,KOP
Asia,Thailand,Nan,Nan,NNT
Asia,Thailand,Narathiwat,Narathiwat,NAW
Asia,Thailand,Phitsanulok,Phitsanulok,PHS
Asia,Thailand,Phuket,Phuket,HKT
Asia,Thailand,Ranong,Ranong,UNN
Asia,Thailand,Roi Et,Roi Et,ROI
Asia,Thailand,Sakon Nakhon,Sakon Nakhon,SNO
Asia,Thailand,Samui,Samui,USM
Asia,Thailand,Sukhothai,Sukhothai,THS
Asia,Thailand,Surat Thani,Surat Thani,URT
Asia,Thailand,Suvarnabhumi,Suvarnabhumi,BKK
Asia,Thailand,Trang,Trang,TST
Asia,Thailand,Trat,Trat,TDX
Asia,Thailand,U Taphao,U Taphao,UTP
Asia,Thailand,Ubon Ratchathani,Ubon Ratchathani,UBP
Asia,Thailand,Udon Thani,Udon Thani,UTH
Asia,Uzbekistan,Andizhan,Andizhan,AZN
Asia,Uzbekistan,Bukhara,Bukhara,BHK
Asia,Uzbekistan,Fergana,Fergana,FEG
Asia,Uzbekistan,Islam Karimov Tashkent,Islam Karimov Tashkent,TAS
Asia,Uzbekistan,Karshi,Karshi,KSQ
Asia,Uzbekistan,Muynaq,Muynaq,MOK
Asia,Uzbekistan,Namangan,Namangan,NMA
Asia,Uzbekistan,Navoi,Navoi,NVI
Asia,Uzbekistan,Nukus,Nukus,NCU
Asia,Uzbekistan,Osmanabad,Osmanabad,OMN
Asia,Uzbekistan,Qoqon,Qoqon,OQN
Asia,Uzbekistan,Samarkand,Samarkand,SKD
Asia,Uzbekistan,Shahrisabz Southwest,Shahrisabz Southwest,RBZ
Asia,Uzbekistan,Termez,Termez,TMJ
Asia,Uzbekistan,Urgench,Urgench,UGC
Asia,Vietnam,Bai Thuong,Bai Thuong,THD
Asia,Vietnam,Banmethuot,Banmethuot,BMV
Asia,Vietnam,Cam Ranh,Cam Ranh,CXR
Asia,Vietnam,Cat Bi,Cat Bi,HPH
Asia,Vietnam,Chu Lai,Chu Lai,VCL
Asia,Vietnam,Co Ong,Co Ong,VCS
Asia,Vietnam,Da Nang,Da Nang,DAD
Asia,Vietnam,Dalat,Dalat,DLI
Asia,Vietnam,Dien Bien Phu,Dien Bien Phu,DIN
Asia,Vietnam,Dong Hoi,Dong Hoi,VDH
Asia,Vietnam,Dong Tac,Dong Tac,TBB
Asia,Vietnam,Duong Dong,Duong Dong,PQC
Asia,Vietnam,Noibai,Noibai,HAN
Asia,Vietnam,Phu Bai,Phu Bai,HUI
Asia,Vietnam,Pleiku,Pleiku,PXU
Asia,Vietnam,Qui Nhon,Qui Nhon,UIH
Asia,Vietnam,Rach Gia,Rach Gia,VKG
Asia,Vietnam,Tansonnhat,Tansonnhat,SGN
Asia,Vietnam,TrÃ  NÃ³c,TrÃ  NÃ³c,VCA
Asia,Vietnam,Van Don,Van Don,VDO
Asia,Vietnam,Vinh,Vinh,VII
Caribbean,Anguilla,Wallblake,Wallblake,AXA
Caribbean,Antigua & Barbuda,Antigua,Antigua,ANU
Caribbean,Aruba,Reina Beatrix,Reina Beatrix,AUA
Caribbean,Bahamas,Bimini,Bimini,NSB
Caribbean,Bahamas,Capital City,Capital City,CXY
Caribbean,Bahamas,Colonel Hill,Colonel Hill,CRI
Caribbean,Bahamas,Deadmans Cay,Deadmans Cay,LGI
Caribbean,Bahamas,Duncan Town,Duncan Town,DCT
Caribbean,Bahamas,George Town,George Town,GGT
Caribbean,Bahamas,Governors Harbour,Governors Harbour,GHB
Caribbean,Bahamas,Grand Bahama,Grand Bahama,FPO
Caribbean,Bahamas,Great Harbour,Great Harbour,GHC
Caribbean,Bahamas,Marsh Harbour,Marsh Harbour,MHH
Caribbean,Bahamas,Matthew Town,Matthew Town,IGA
Caribbean,Bahamas,Mayaguana,Mayaguana,MYG
Caribbean,Bahamas,Nassau,Nassau,NAS
Caribbean,Bahamas,New Port Nelson,New Port Nelson,RCY
Caribbean,Bahamas,North Eleuthera,North Eleuthera,ELH
Caribbean,Bahamas,Rock Sound,Rock Sound,RSD
Caribbean,Bahamas,San Salvador,San Salvador,ZSA
Caribbean,Bahamas,South Bimini,South Bimini,BIM
Caribbean,Bahamas,Spring Point,Spring Point,AXP
Caribbean,Bahamas,Stella Maris,Stella Maris,SML
Caribbean,Barbados,Grantley Adams,Grantley Adams,BGI
Caribbean,Bermuda,Hamilton,Hamilton,BDA
Caribbean,Bonaire St Eustatius and Saba,F D Roosevelt,F D Roosevelt,EUX
Caribbean,Bonaire St Eustatius and Saba,Flamingo,Flamingo,BON
Caribbean,Bonaire St Eustatius and Saba,J. Yrausquin,J. Yrausquin,SAB
Caribbean,Cayman Islands,Cayman Brac Is,Cayman Brac Is,CYB
Caribbean,Cayman Islands,Grand Cayman,Grand Cayman,GCM
Caribbean,Cayman Islands,Little Cayman,Little Cayman,LYB
Caribbean,Cuba,Abel Santamaria,Abel Santamaria,SNU
Caribbean,Cuba,Antonio Maceo,Antonio Maceo,SCU
Caribbean,Cuba,Cayo Largo Del Sur,Cayo Largo Del Sur,CYO
Caribbean,Cuba,Frank Pais,Frank Pais,HOG
Caribbean,Cuba,Ign Agramonte,Ign Agramonte,CMW
Caribbean,Cuba,Jardines del Rey,Jardines del Rey,CCC
Caribbean,Cuba,Jose Marti,Jose Marti,HAV
Caribbean,Cuba,Juan Gualberto Gomez,Juan Gualberto Gomez,VRA
Caribbean,Cuba,Mariana Grajales,Mariana Grajales,GAO
Caribbean,Cuba,Rafael Perez,Rafael Perez,GER
Caribbean,Curaçao,Hato,Hato,CUR
Caribbean,Dominica,Dominica,Dominica,DOM
Caribbean,Dominican Republic,Cibao,Cibao,STI
Caribbean,Dominican Republic,Dr Joaquin Balaguer,Dr Joaquin Balaguer,JBQ
Caribbean,Dominican Republic,Gregorio Luperon,Gregorio Luperon,POP
Caribbean,Dominican Republic,La Romana,La Romana,LRM
Caribbean,Dominican Republic,Las Americas,Las Americas,SDQ
Caribbean,Dominican Republic,Punta Cana,Punta Cana,PUJ
Caribbean,Dominican Republic,SamanÃ¡ El Catey,SamanÃ¡ El Catey,AZS
Caribbean,Grenada,Grenada,Grenada,GND
Caribbean,Guadeloupe,Le Raizet,Le Raizet,PTP
Caribbean,Haiti,Hugo Chavez,Hugo Chavez,CAP
Caribbean,Haiti,Jacmel,Jacmel,JAK
Caribbean,Haiti,Jeremie,Jeremie,JEE
Caribbean,Haiti,Les Cayes,Les Cayes,CYA
Caribbean,Haiti,Port Au Prince,Port Au Prince,PAP
Caribbean,Jamaica,Boscobel,Boscobel,OCJ
Caribbean,Jamaica,Norman Manley,Norman Manley,KIN
Caribbean,Jamaica,Sangster,Sangster,MBJ
Caribbean,Martinique,Le Lamentin,Le Lamentin,FDF
Caribbean,Montserrat,Bramble,Bramble,MNI
Caribbean,Puerto Rico,Benjamin Rivera Noriega,Benjamin Rivera Noriega,CPX
Caribbean,Puerto Rico,Eugenio Maria De Hostos,Eugenio Maria De Hostos,MAZ
Caribbean,Puerto Rico,Fernando Luis Ribas Dominicci,Fernando Luis Ribas Dominicci,SIG
Caribbean,Puerto Rico,Jose Aponte de la Torre,Jose Aponte de la Torre,NRR
Caribbean,Puerto Rico,Luis Munoz Marin,Luis Munoz Marin,SJU
Caribbean,Puerto Rico,Mercedita,Mercedita,PSE
Caribbean,Puerto Rico,Rafael Hernandez,Rafael Hernandez,BQN
Caribbean,Puerto Rico,Vieques,Vieques,VQS
Caribbean,Saint Barthelemy,St. Barthelemy,St. Barthelemy,SBH
Caribbean,Saint Kitts and Nevis,Robert L. Bradshaw,Robert L. Bradshaw,SKB
Caribbean,Saint Kitts and Nevis,Vance Winkworth Amory,Vance Winkworth Amory,NEV
Caribbean,Saint Lucia,George F L Charles,George F L Charles,SLU
Caribbean,Saint Lucia,St. Lucia,St. Lucia,UVF
Caribbean,Saint Martin,Esperance,Esperance,SFG
Caribbean,Saint Vincent & Grenadines,E T Joshua,E T Joshua,SVD
Caribbean,Sint Maarten,Princess Juliana,Princess Juliana,SXM
Caribbean,Trinidad and Tobago,Crown Point,Crown Point,TAB
Caribbean,Trinidad and Tobago,Piarco,Piarco,POS
Caribbean,Turks & Caicos Islands,JAGS McCartney,JAGS McCartney,GDT
Caribbean,Turks & Caicos Islands,North Caicos,North Caicos,NCA
Caribbean,Turks & Caicos Islands,Providenciales,Providenciales,PLS
Caribbean,Turks & Caicos Islands,Salt Cay,Salt Cay,SLX
Caribbean,Turks & Caicos Islands,South Caicos,South Caicos,XSC
Caribbean,UK Virgin Islands,Beef Island,Beef Island,EIS
Caribbean,UK Virgin Islands,Virgin Gorda,Virgin Gorda,VIJ
Caribbean,US Virgin Islands,Christiansted Harbor Seaplane Base,Christiansted Harbor Seaplane Base,SSB
Caribbean,US Virgin Islands,Saint Croix,Saint Croix,STX
Caribbean,US Virgin Islands,Saint Thomas,Saint Thomas,STT
Caribbean,US Virgin Islands,St. Thomas Seaplane Base,St. Thomas Seaplane Base,SPB
Central America,Belize,Belize City Municipal,Belize City Municipal,TZA
Central America,Belize,Caye Caulker,Caye Caulker,CUK
Central America,Belize,Caye Chapel,Caye Chapel,CYC
Central America,Belize,Dangriga,Dangriga,DGA
Central America,Belize,Municipal,Municipal,CZH
Central America,Belize,Philip S W Goldson,Philip S W Goldson,BZE
Central America,Belize,Placencia,Placencia,PLJ
Central America,Belize,Punta Gorda,Punta Gorda,PND
Central America,Belize,San Pedro,San Pedro,SPR
Central America,Costa Rica,Arenal,Arenal,FON
Central America,Costa Rica,Cobano,Cobano,ACO
Central America,Costa Rica,Daniel Oduber Quiros,Daniel Oduber Quiros,LIR
Central America,Costa Rica,Drake Bay,Drake Bay,DRK
Central America,Costa Rica,Golfito,Golfito,GLF
Central America,Costa Rica,Juan Santamaria,Juan Santamaria,SJO
Central America,Costa Rica,La Managua,La Managua,XQP
Central America,Costa Rica,Limon,Limon,LIO
Central America,Costa Rica,Nosara Beach,Nosara Beach,NOB
Central America,Costa Rica,Puerto Jimenez,Puerto Jimenez,PJM
Central America,Costa Rica,Tamarindo,Tamarindo,TNO
Central America,Costa Rica,Tortuquero,Tortuquero,TTQ
Central America,El Salvador,El Salvador,El Salvador,SAL
Central America,Guatemala,La Aurora,La Aurora,GUA
Central America,Guatemala,Mundo Maya,Mundo Maya,FRS
Central America,Guatemala,Puerto Barrios,Puerto Barrios,PBR
Central America,Honduras,Goloson,Goloson,LCE
Central America,Honduras,Guanaja,Guanaja,GJA
Central America,Honduras,La Mesa,La Mesa,SAP
Central America,Honduras,Palmerola Air Base,Palmerola Air Base,XPL
Central America,Honduras,Puerto Lempira,Puerto Lempira,PEU
Central America,Honduras,Roatan,Roatan,RTB
Central America,Honduras,Toncontin,Toncontin,TGU
Central America,Nicaragua,Bluefields,Bluefields,BEF
Central America,Nicaragua,Corn Island,Corn Island,RNI
Central America,Nicaragua,Managua,Managua,MGA
Central America,Nicaragua,Puerto Cabezas,Puerto Cabezas,PUZ
Central America,Panama,Bocas Del Toro,Bocas Del Toro,BOC
Central America,Panama,Cap Manuel Nino,Cap Manuel Nino,CHX
Central America,Panama,Chitre,Chitre,CTD
Central America,Panama,Enrique Malek,Enrique Malek,DAV
Central America,Panama,Marcos A Gelabert,Marcos A Gelabert,PAC
Central America,Panama,Panama Pacifico,Panama Pacifico,BLB
Central America,Panama,Scarlett Martinez,Scarlett Martinez,RIH
Central America,Panama,Tocumen,Tocumen,PTY
Europe,Aland,Mariehamn,Mariehamn,MHQ
Europe,Albania,Tirana Nënë Tereza,Tirana Nënë Tereza,TIA
Europe,Albania,Vlora airport,Vlora airport,VLO
Europe,Armenia,Leninakan,Leninakan,LWN
Europe,Armenia,Zvartnots,Zvartnots,EVN
Europe,Austria,Graz Mil/Civ,Graz Mil/Civ,GRZ
Europe,Austria,Horsching (Aus - Afb),Horsching (Aus - Afb),LNZ
Europe,Austria,Innsbruck,Innsbruck,INN
Europe,Austria,Klagenfurt(Aus-Afb),Klagenfurt(Aus-Afb),KLU
Europe,Austria,Salzburg,Salzburg,SZG
Europe,Austria,Vienna,Vienna,VIE
Europe,Azerbaijan,Ganja,Ganja,GNJ
Europe,Azerbaijan,Gyandzha,Gyandzha,KVD
Europe,Azerbaijan,Heydar Aliyev,Heydar Aliyev,GYD
Europe,Azerbaijan,Nakhichevan,Nakhichevan,NAJ
Europe,Belarus,Brest,Brest,BQT
Europe,Belarus,Gomel,Gomel,GME
Europe,Belarus,Minsk,Minsk,MSQ
Europe,Belarus,Mogilev,Mogilev,MVQ
Europe,Belgium,Brussels,Brussels,BRU
Europe,Belgium,Brussels Gare du Midi,Brussels Gare du Midi,ZYR
Europe,Belgium,Brussels South Charleroi,Brussels South Charleroi,CRL
Europe,Belgium,Deurne,Deurne,ANR
Europe,Belgium,Oostende,Oostende,OST
Europe,Bosnia and Herzegovina,Banja Luka,Banja Luka,BNX
Europe,Bosnia and Herzegovina,Mostar,Mostar,OMO
Europe,Bosnia and Herzegovina,Sarajevo,Sarajevo,SJJ
Europe,Bosnia and Herzegovina,Tuzla,Tuzla,TZL
Europe,Bulgaria,Burgas,Burgas,BOJ
Europe,Bulgaria,Plovdiv,Plovdiv,PDV
Europe,Bulgaria,Sofia,Sofia,SOF
Europe,Bulgaria,Varna,Varna,VAR
Europe,Croatia,Bol,Bol,BWK
Europe,Croatia,Dubrovnik,Dubrovnik,DBV
Europe,Croatia,Osijek,Osijek,OSI
Europe,Croatia,Pula,Pula,PUY
Europe,Croatia,Rijeka,Rijeka,RJK
Europe,Croatia,Split,Split,SPU
Europe,Croatia,Zadar,Zadar,ZAD
Europe,Croatia,Zagreb,Zagreb,ZAG
Europe,Croatia,Zhongchuan,Zhongchuan,ZGC
Europe,Cyprus,Ercan,Ercan,ECN
Europe,Cyprus,Larnaca,Larnaca,LCA
Europe,Cyprus,Paphos,Paphos,PFO
Europe,Czech Republic,Mosnov,Mosnov,OSR
Europe,Czech Republic,Pardubice,Pardubice,PED
Europe,Czech Republic,Turany,Turany,BRQ
Europe,Czech Republic,Václav Havel Prague,Václav Havel Prague,PRG
Europe,Denmark,Aalborg,Aalborg,AAL
Europe,Denmark,Aarhus,Aarhus,AAR
Europe,Denmark,Billund,Billund,BLL
Europe,Denmark,Bornholm Ronne,Bornholm Ronne,RNN
Europe,Denmark,Copenhagen,Copenhagen,CPH
Europe,Denmark,Esbjerg,Esbjerg,EBJ
Europe,Denmark,Karup,Karup,KRP
Europe,Denmark,Sonderborg,Sonderborg,SGD
Europe,Estonia,Kardla,Kardla,KDL
Europe,Estonia,Kuressaare,Kuressaare,URE
Europe,Estonia,Tallinn,Tallinn,TLL
Europe,Estonia,Tartu,Tartu,TAY
Europe,Faroe Islands,Vagar,Vagar,FAE
Europe,Finland,Helsinki,Helsinki,HEL
Europe,Finland,Ivalo,Ivalo,IVL
Europe,Finland,Joensuu,Joensuu,JOE
Europe,Finland,Jyvaskyla,Jyvaskyla,JYV
Europe,Finland,Kajaani,Kajaani,KAJ
Europe,Finland,Kemi Tornio,Kemi Tornio,KEM
Europe,Finland,Kittila,Kittila,KTT
Europe,Finland,Kruunupyy,Kruunupyy,KOK
Europe,Finland,Kuopio,Kuopio,KUO
Europe,Finland,Kuusamo,Kuusamo,KAO
Europe,Finland,Oulu,Oulu,OUL
Europe,Finland,Pori,Pori,POR
Europe,Finland,Rovaniemi,Rovaniemi,RVN
Europe,Finland,Savonlinna,Savonlinna,SVL
Europe,Finland,Tampere Pirkkala,Tampere Pirkkala,TMP
Europe,Finland,Turku,Turku,TKU
Europe,Finland,Vaasa,Vaasa,VAA
Europe,France,Aix Les Bains,Aix Les Bains,CMF
Europe,France,Aurillac,Aurillac,AUR
Europe,France,Beauvais–Tillé,Beauvais–Tillé,BVA
Europe,France,Bellegarde,Bellegarde,LIG
Europe,France,Biard,Biard,PIS
Europe,France,Biarritz,Biarritz,BIQ
Europe,France,Bordeaux–Mérignac,Bordeaux–Mérignac,BOD
Europe,France,Campo Dell Oro,Campo Dell Oro,AJA
Europe,France,Carpiquet,Carpiquet,CFR
Europe,France,Chalons Vatry,Chalons Vatry,XCR
Europe,France,Charles De Gaulle,Charles De Gaulle,CDG
Europe,France,Clermont-ferrand,Clermont-ferrand,CFE
Europe,France,Cote D Azur,Cote D Azur,NCE
Europe,France,Entzheim,Entzheim,SXB
Europe,France,Euro Basel Mulhouse Freiburg,Euro Basel Mulhouse Freiburg,BSL
Europe,France,Figari,Figari,FSC
Europe,France,Gare de Strasbourg,Gare de Strasbourg,XWG
Europe,France,Garons,Garons,FNI
Europe,France,Guipavas,Guipavas,BES
Europe,France,Hyeres,Hyeres,TLN
Europe,France,Lann Bihoue,Lann Bihoue,LRT
Europe,France,Lesquin,Lesquin,LIL
Europe,France,Lherm,Lherm,LRH
Europe,France,Lille,Lille,XDB
Europe,France,Loudes,Loudes,LPY
Europe,France,Lourdes,Lourdes,LDE
Europe,France,Lyon Part-Dieu Railway,Lyon Part-Dieu Railway,XYD
Europe,France,Lyon–Saint-Exupéry,Lyon–Saint-Exupéry,LYS
Europe,France,Marcillac,Marcillac,RDZ
Europe,France,Marseille Provence,Marseille Provence,MRS
Europe,France,Mazamet,Mazamet,DCM
Europe,France,Mediterranee,Mediterranee,MPL
Europe,France,Metz Nancy Lorraine,Metz Nancy Lorraine,ETZ
Europe,France,Montoir,Montoir,SNR
Europe,France,Nantes,Nantes,NTE
Europe,France,Orly,Orly,ORY
Europe,France,Ouessant,Ouessant,OUI
Europe,France,Pau Pyrenees,Pau Pyrenees,PUF
Europe,France,Poretta,Poretta,BIA
Europe,France,Rivesaltes,Rivesaltes,PGF
Europe,France,Roumaniere,Roumaniere,EGC
Europe,France,Saint Catherine,Saint Catherine,CLY
Europe,France,Saint Geoirs,Saint Geoirs,GNB
Europe,France,Saint-Pierre-des-Corps,Saint-Pierre-des-Corps,XSH
Europe,France,Salvaza,Salvaza,CCF
Europe,France,St Gatien,St Gatien,DOL
Europe,France,St Jacques,St Jacques,RNS
Europe,France,Tavaux,Tavaux,DLE
Europe,France,Toulouse–Blagnac,Toulouse–Blagnac,TLS
Europe,France,Val De Loire,Val De Loire,TUF
Europe,France,Vallee de la Dordogne,Vallee de la Dordogne,BVE
Europe,France,Vias,Vias,BZR
Europe,Georgia,Batumi,Batumi,BUS
Europe,Georgia,Kutaisi,Kutaisi,KUT
Europe,Georgia,Lochini,Lochini,TBS
Europe,Georgia,Sukhumi Dranda,Sukhumi Dranda,SUI
Europe,Germany,Berlin Brandenburg,Berlin Brandenburg,BER
Europe,Germany,Berlin Hauptbahnhof,Berlin Hauptbahnhof,QPP
Europe,Germany,Berlin Schönefeld,Berlin Schönefeld,SXF
Europe,Germany,Braunschweig,Braunschweig,BWE
Europe,Germany,Bremen,Bremen,BRE
Europe,Germany,Cologne Bonn,Cologne Bonn,CGN
Europe,Germany,Cologne Railway,Cologne Railway,QKL
Europe,Germany,Dortmund,Dortmund,DTM
Europe,Germany,Dresden,Dresden,DRS
Europe,Germany,Dusseldorf,Dusseldorf,DUS
Europe,Germany,Dusseldorf Hauptbahnhof,Dusseldorf Hauptbahnhof,QDU
Europe,Germany,Erfurt,Erfurt,ERF
Europe,Germany,Frankfurt,Frankfurt,FRA
Europe,Germany,Frankfurt Hahn,Frankfurt Hahn,HHN
Europe,Germany,Friedrichshafen,Friedrichshafen,FDH
Europe,Germany,Hamburg,Hamburg,HAM
Europe,Germany,Hannover,Hannover,HAJ
Europe,Germany,Heringsdorf,Heringsdorf,HDF
Europe,Germany,Karlsruhe/Badern Baden,Karlsruhe/Badern Baden,FKB
Europe,Germany,Kassel Calden,Kassel Calden,KSF
Europe,Germany,Laage,Laage,RLG
Europe,Germany,Leipzig Halle,Leipzig Halle,LEJ
Europe,Germany,Lubeck Blankensee,Lubeck Blankensee,LBC
Europe,Germany,Memmingen,Memmingen,FMM
Europe,Germany,Munich,Munich,MUC
Europe,Germany,Munster Osnabruck,Munster Osnabruck,FMO
Europe,Germany,Niederrhein,Niederrhein,NRN
Europe,Germany,Nuremberg,Nuremberg,NUE
Europe,Germany,Paderborn Lippstadt,Paderborn Lippstadt,PAD
Europe,Germany,Saarbrucken,Saarbrucken,SCN
Europe,Germany,Stuttgart,Stuttgart,STR
Europe,Germany,Stuttgart Railway Station,Stuttgart Railway Station,ZWS
Europe,Germany,Westerland Sylt,Westerland Sylt,GWT
Europe,Gibraltar,North Front,North Front,GIB
Europe,Greece,Aktio,Aktio,PVK
Europe,Greece,Araxos,Araxos,GPA
Europe,Greece,Aristotelis,Aristotelis,KSO
Europe,Greece,Astypalaia,Astypalaia,JTY
Europe,Greece,Athens,Athens,ATH
Europe,Greece,Chania,Chania,CHQ
Europe,Greece,Chios,Chios,JKH
Europe,Greece,Corfu,Corfu,CFU
Europe,Greece,Dimokritos,Dimokritos,AXD
Europe,Greece,Filippos,Filippos,KZI
Europe,Greece,Heraklion,Heraklion,HER
Europe,Greece,Ikaria,Ikaria,JIK
Europe,Greece,Ioannina,Ioannina,IOA
Europe,Greece,Kalamata,Kalamata,KLX
Europe,Greece,Kalymnos Island,Kalymnos Island,JKL
Europe,Greece,Karpathos,Karpathos,AOK
Europe,Greece,Kasos Island,Kasos Island,KSJ
Europe,Greece,Kastelorizo,Kastelorizo,KZS
Europe,Greece,Kefalonia,Kefalonia,EFL
Europe,Greece,Kithira,Kithira,KIT
Europe,Greece,Kos,Kos,KGS
Europe,Greece,Leros,Leros,LRS
Europe,Greece,Limnos,Limnos,LXS
Europe,Greece,Megas Alexandros,Megas Alexandros,KVA
Europe,Greece,Milos,Milos,MLO
Europe,Greece,Mitilini,Mitilini,MJT
Europe,Greece,Mykonos,Mykonos,JMK
Europe,Greece,Naxos,Naxos,JNX
Europe,Greece,Nea Anchialos,Nea Anchialos,VOL
Europe,Greece,Paros,Paros,PAS
Europe,Greece,Rhodes,Rhodes,RHO
Europe,Greece,Samos,Samos,SMI
Europe,Greece,Santorini (Thira),Santorini (Thira),JTR
Europe,Greece,Sitia,Sitia,JSH
Europe,Greece,Skiathos,Skiathos,JSI
Europe,Greece,Skyros,Skyros,SKU
Europe,Greece,Syros Island,Syros Island,JSY
Europe,Greece,Thessaloniki,Thessaloniki,SKG
Europe,Greece,Zakynthos,Zakynthos,ZTH
Europe,Greenland,Aappilattoq-Nanortalik Heliport,Aappilattoq-Nanortalik Heliport,QUV
Europe,Greenland,Aappilattoq-Upernanik Heliport,Aappilattoq-Upernanik Heliport,AOQ
Europe,Greenland,Aasiaat,Aasiaat,JEG
Europe,Greenland,Akunnaag Heliport,Akunnaag Heliport,QCU
Europe,Greenland,Alluitsup Paa Heliport,Alluitsup Paa Heliport,LLU
Europe,Greenland,Ammassivik Heliport,Ammassivik Heliport,QUW
Europe,Greenland,Arsuk Heliport,Arsuk Heliport,JRK
Europe,Greenland,Attu Heliport,Attu Heliport,QGQ
Europe,Greenland,Iginniarfik Heliport,Iginniarfik Heliport,QFI
Europe,Greenland,Ikamiut Heliport,Ikamiut Heliport,QJI
Europe,Greenland,Ikerasaarsuk Heliport,Ikerasaarsuk Heliport,QRY
Europe,Greenland,Ikerasak Heliport,Ikerasak Heliport,IKE
Europe,Greenland,Ilimanaq Heliport,Ilimanaq Heliport,XIQ
Europe,Greenland,Innarsuit Heliport,Innarsuit Heliport,IUI
Europe,Greenland,Isortoq Heliport,Isortoq Heliport,IOQ
Europe,Greenland,Ittoqqortoormiit Heliport,Ittoqqortoormiit Heliport,OBY
Europe,Greenland,Jacobshavn,Jacobshavn,JAV
Europe,Greenland,Kangaatsiaq Heliport,Kangaatsiaq Heliport,QPW
Europe,Greenland,Kangerlussuaq Sondre Stromfjord,Kangerlussuaq Sondre Stromfjord,SFJ
Europe,Greenland,Kangersuatsiaq Heliport,Kangersuatsiaq Heliport,KGQ
Europe,Greenland,Kitsissuarsuit Heliport,Kitsissuarsuit Heliport,QJE
Europe,Greenland,Kullorsuaq Heliport,Kullorsuaq Heliport,KHQ
Europe,Greenland,Kulusuk,Kulusuk,KUS
Europe,Greenland,Kuummiit Heliport,Kuummiit Heliport,KUZ
Europe,Greenland,Maniitsoq,Maniitsoq,JSU
Europe,Greenland,Nanortalik Heliport,Nanortalik Heliport,JNN
Europe,Greenland,Narsaq Heliport,Narsaq Heliport,JNS
Europe,Greenland,Narsaq Kujalleq Heliport,Narsaq Kujalleq Heliport,QFN
Europe,Greenland,Narsarsuaq,Narsarsuaq,UAK
Europe,Greenland,Neerlerit Inaat,Neerlerit Inaat,CNP
Europe,Greenland,Niagornaarsuk Heliport,Niagornaarsuk Heliport,QMK
Europe,Greenland,Niaqornat Heliport,Niaqornat Heliport,NIQ
Europe,Greenland,Nuuk,Nuuk,GOH
Europe,Greenland,Nuussuaq Heliport,Nuussuaq Heliport,NSQ
Europe,Greenland,Paamiut,Paamiut,JFR
Europe,Greenland,Pituffik,Pituffik,THU
Europe,Greenland,Qaanaaq,Qaanaaq,NAQ
Europe,Greenland,Qaarsut,Qaarsut,JQA
Europe,Greenland,Qaqortoq,Qaqortoq,JJU
Europe,Greenland,Qasigiannguit,Qasigiannguit,JCH
Europe,Greenland,Qeqertaq Heliport,Qeqertaq Heliport,PQT
Europe,Greenland,Qeqertarsuaq Heliport,Qeqertarsuaq Heliport,JGO
Europe,Greenland,Saattut Heliport,Saattut Heliport,SAE
Europe,Greenland,Saqqaq Heliport,Saqqaq Heliport,QUP
Europe,Greenland,Sarfannguit Heliport,Sarfannguit Heliport,SZC
Europe,Greenland,Savissivik Heliport,Savissivik Heliport,SVR
Europe,Greenland,Sermiligaaq Heliport,Sermiligaaq Heliport,SGG
Europe,Greenland,Siorapaluk Heliport,Siorapaluk Heliport,SRK
Europe,Greenland,Sisimiut,Sisimiut,JHS
Europe,Greenland,Tasiilaq,Tasiilaq,AGM
Europe,Greenland,Tasiusaq (Nanotalik) Heliport,Tasiusaq (Nanotalik) Heliport,XEQ
Europe,Greenland,Tasiusaq Heliport (Upernavik),Tasiusaq Heliport (Upernavik),TQA
Europe,Greenland,Tiniteqilaaq Heliport,Tiniteqilaaq Heliport,TQI
Europe,Greenland,Ukkusissat Heliport,Ukkusissat Heliport,JUK
Europe,Greenland,Upernavik,Upernavik,JUV
Europe,Greenland,Upernavik Kujalleq Heliport,Upernavik Kujalleq Heliport,UPK
Europe,Greenland,Uummannaq,Uummannaq,UMD
Europe,Greenland,of Itilleq,of Itilleq,QJG
Europe,Hungary,Budapest Ferenc Liszt,Budapest Ferenc Liszt,BUD
Europe,Hungary,Debrecen,Debrecen,DEB
Europe,Hungary,Pecs-Pogany,Pecs-Pogany,PEV
Europe,Iceland,Akureyri,Akureyri,AEY
Europe,Iceland,Bildudalur,Bildudalur,BIU
Europe,Iceland,Egilsstadir,Egilsstadir,EGS
Europe,Iceland,Gjogur,Gjogur,GJR
Europe,Iceland,Grimsey,Grimsey,GRY
Europe,Iceland,Hornafjordur,Hornafjordur,HFN
Europe,Iceland,Isafjordur,Isafjordur,IFJ
Europe,Iceland,Keflavík,Keflavík,KEF
Europe,Iceland,Reykjavik,Reykjavik,RKV
Europe,Iceland,Thorshofn,Thorshofn,THO
Europe,Iceland,Vestmannaeyjar,Vestmannaeyjar,VEY
Europe,Iceland,Vopnafjordur,Vopnafjordur,VPN
Europe,Ireland,Cork,Cork,ORK
Europe,Ireland,Donegal,Donegal,CFN
Europe,Ireland,Dublin,Dublin,DUB
Europe,Ireland,Kerry County,Kerry County,KIR
Europe,Ireland,Knock,Knock,NOC
Europe,Ireland,Shannon,Shannon,SNN
Europe,Italy,Alghero,Alghero,AHO
Europe,Italy,Bari,Bari,BRI
Europe,Italy,Bologna Guglielmo Marconi,Bologna Guglielmo Marconi,BLQ
Europe,Italy,Bolzano,Bolzano,BZO
Europe,Italy,Cagliari Elmas,Cagliari Elmas,CAG
Europe,Italy,Casale,Casale,BDS
Europe,Italy,Catania Fontanarossa,Catania Fontanarossa,CTA
Europe,Italy,Ciampino,Ciampino,CIA
Europe,Italy,Comiso,Comiso,CIY
Europe,Italy,Crotone,Crotone,CRV
Europe,Italy,Falconara,Falconara,AOI
Europe,Italy,Falcone Borsellino,Falcone Borsellino,PMO
Europe,Italy,Fiumicino,Fiumicino,FCO
Europe,Italy,Forli,Forli,FRL
Europe,Italy,Genova Sestri,Genova Sestri,GOA
Europe,Italy,Gino Lisa,Gino Lisa,FOG
Europe,Italy,Lamezia Terme,Lamezia Terme,SUF
Europe,Italy,Lampedusa,Lampedusa,LMP
Europe,Italy,Levaldigi,Levaldigi,CUF
Europe,Italy,Linate,Linate,LIN
Europe,Italy,Marina Di Campo,Marina Di Campo,EBA
Europe,Italy,Milan Malpensa,Milan Malpensa,MXP
Europe,Italy,Naples,Naples,NAP
Europe,Italy,Olbia Costa Smeralda,Olbia Costa Smeralda,OLB
Europe,Italy,Orio al Serio,Orio al Serio,BGY
Europe,Italy,Pantelleria,Pantelleria,PNL
Europe,Italy,Parma,Parma,PMF
Europe,Italy,Peretola,Peretola,FLR
Europe,Italy,Pescara,Pescara,PSR
Europe,Italy,Pisa,Pisa,PSA
Europe,Italy,Reggio Calabria,Reggio Calabria,REG
Europe,Italy,Rimini,Rimini,RMI
Europe,Italy,Salerno Pontecagnano,Salerno Pontecagnano,QSR
Europe,Italy,San Domino Island Heliport,San Domino Island Heliport,TQR
Europe,Italy,Sant Egidio,Sant Egidio,PEG
Europe,Italy,Trapani Birgi,Trapani Birgi,TPS
Europe,Italy,Treviso,Treviso,TSF
Europe,Italy,Trieste,Trieste,TRS
Europe,Italy,Turin,Turin,TRN
Europe,Italy,Venice Marco Polo,Venice Marco Polo,VCE
Europe,Italy,Verona Villafranca,Verona Villafranca,VRN
Europe,Italy,Vieste Heliport,Vieste Heliport,VIF
Europe,Kosovo,Pristina,Pristina,PRN
Europe,Latvia,Riga,Riga,RIX
Europe,Lithuania,Kaunas,Kaunas,KUN
Europe,Lithuania,Palanga,Palanga,PLQ
Europe,Lithuania,Vilnius,Vilnius,VNO
Europe,Luxembourg,Luxembourg,Luxembourg,LUX
Europe,Macedonia,Ohrid,Ohrid,OHD
Europe,Macedonia,Skopje,Skopje,SKP
Europe,Malta,Malta,Malta,MLA
Europe,Moldova,Chisinau,Chisinau,KIV
Europe,Moldova,Chisinau,Chisinau,RMO
Europe,Monaco,Monaco,Monaco,MCM
Europe,Montenegro,Podgorica,Podgorica,TGD
Europe,Montenegro,Tivat,Tivat,TIV
Europe,Netherlands,Amsterdam Centraal,Amsterdam Centraal,ZYA
Europe,Netherlands,Eelde,Eelde,GRQ
Europe,Netherlands,Eindhoven,Eindhoven,EIN
Europe,Netherlands,Maastricht,Maastricht,MST
Europe,Netherlands,Rotterdam The Hague,Rotterdam The Hague,RTM
Europe,Netherlands,Schiphol,Schiphol,AMS
Europe,Norway,,,MEH
Europe,Norway,,,VDS
Europe,Norway,Alta,Alta,ALF
Europe,Norway,Anda,Anda,SDN
Europe,Norway,Andenes,Andenes,ANX
Europe,Norway,Aro,Aro,MOL
Europe,Norway,Bardufoss,Bardufoss,BDU
Europe,Norway,Batsfjord,Batsfjord,BJF
Europe,Norway,Bergen,Bergen,BGO
Europe,Norway,Berlevag,Berlevag,BVG
Europe,Norway,Bodo,Bodo,BOO
Europe,Norway,Bronnoy,Bronnoy,BNN
Europe,Norway,Floro,Floro,FRO
Europe,Norway,Forde Bringeland,Forde Bringeland,FDE
Europe,Norway,Framnes,Framnes,NVK
Europe,Norway,Hammerfest,Hammerfest,HFT
Europe,Norway,Harstad-Narvik,Harstad-Narvik,EVE
Europe,Norway,Hasvik,Hasvik,HAA
Europe,Norway,Haugesund Karmoy,Haugesund Karmoy,HAU
Europe,Norway,Kirkenes Hoybuktmoen,Kirkenes Hoybuktmoen,KKN
Europe,Norway,Kjaerstad,Kjaerstad,MJF
Europe,Norway,Kristiansand Kjevik,Kristiansand Kjevik,KRS
Europe,Norway,Kristiansund Kvernberget,Kristiansund Kvernberget,KSU
Europe,Norway,Lakselv,Lakselv,LKL
Europe,Norway,Leknes,Leknes,LKN
Europe,Norway,Namsos HÃ¸knesÃ¸ra,Namsos HÃ¸knesÃ¸ra,OSY
Europe,Norway,Orland,Orland,OLA
Europe,Norway,Orsta-Volda,Orsta-Volda,HOV
Europe,Norway,Oslo Gardermoen,Oslo Gardermoen,OSL
Europe,Norway,Roeros,Roeros,RRS
Europe,Norway,Rost,Rost,RET
Europe,Norway,Ryumsjoen,Ryumsjoen,RVK
Europe,Norway,RÃ¸ssvoll,RÃ¸ssvoll,MQN
Europe,Norway,Skagen,Skagen,SKN
Europe,Norway,Sognolal,Sognolal,SOG
Europe,Norway,Sorkjosen,Sorkjosen,SOJ
Europe,Norway,Stavanger Sola,Stavanger Sola,SVG
Europe,Norway,Stokka,Stokka,SSJ
Europe,Norway,Stord,Stord,SRP
Europe,Norway,Svolvaer,Svolvaer,SVJ
Europe,Norway,Torp,Torp,TRF
Europe,Norway,Tromso,Tromso,TOS
Europe,Norway,Trondheim Vaernes,Trondheim Vaernes,TRD
Europe,Norway,Vaeroy Heliport,Vaeroy Heliport,VRY
Europe,Norway,Valan,Valan,HVG
Europe,Norway,Vardoe,Vardoe,VAW
Europe,Norway,Vigra,Vigra,AES
Europe,Poland,Babimost,Babimost,IEG
Europe,Poland,Bydgoszcz Ignacy Jan Paderewski,Bydgoszcz Ignacy Jan Paderewski,BZG
Europe,Poland,Copernicus Wrocław,Copernicus Wrocław,WRO
Europe,Poland,Gdańsk Lech Wałęsa,Gdańsk Lech Wałęsa,GDN
Europe,Poland,Goleniow,Goleniow,SZZ
Europe,Poland,Jasionka,Jasionka,RZE
Europe,Poland,Katowice,Katowice,KTW
Europe,Poland,Kraków John Paul II,Kraków John Paul II,KRK
Europe,Poland,Lawica,Lawica,POZ
Europe,Poland,Lublin,Lublin,LUZ
Europe,Poland,Mazury,Mazury,SZY
Europe,Poland,Radom,Radom,RDO
Europe,Poland,Warsaw Chopin,Warsaw Chopin,WAW
Europe,Poland,Warsaw Modlin,Warsaw Modlin,WMI
Europe,Poland,Łódź Władysław Reymont,Łódź Władysław Reymont,LCJ
Europe,Portugal,Braganca,Braganca,BGC
Europe,Portugal,Cascais Municipal Aerodrome,Cascais Municipal Aerodrome,CAT
Europe,Portugal,Corvo,Corvo,CVU
Europe,Portugal,Faro,Faro,FAO
Europe,Portugal,Graciosa Island,Graciosa Island,GRW
Europe,Portugal,Horta,Horta,HOR
Europe,Portugal,Lisbon,Lisbon,LIS
Europe,Portugal,Madeira,Madeira,FNC
Europe,Portugal,Pico Island,Pico Island,PIX
Europe,Portugal,Ponta Delgada,Ponta Delgada,PDL
Europe,Portugal,Portimao,Portimao,PRM
Europe,Portugal,Porto,Porto,OPO
Europe,Portugal,Porto Santo,Porto Santo,PXO
Europe,Portugal,Santa Cruz,Santa Cruz,FLW
Europe,Portugal,Santa Maria,Santa Maria,SMA
Europe,Portugal,Sao Jorge Island,Sao Jorge Island,SJZ
Europe,Portugal,Terceira Island,Terceira Island,TER
Europe,Portugal,Vila Real,Vila Real,VRL
Europe,Portugal,Viseu,Viseu,VSE
Europe,Romania,Bacau,Bacau,BCM
Europe,Romania,Baneasa,Baneasa,BBU
Europe,Romania,Brasov Ghimbav,Brasov Ghimbav,GHV
Europe,Romania,Cluj,Cluj,CLJ
Europe,Romania,Craiova,Craiova,CRA
Europe,Romania,Giarmata,Giarmata,TSR
Europe,Romania,Henri Coandă,Henri Coandă,OTP
Europe,Romania,Iasi,Iasi,IAS
Europe,Romania,Mihail Kogalniceanu,Mihail Kogalniceanu,CND
Europe,Romania,Oradea,Oradea,OMR
Europe,Romania,Salcea,Salcea,SCV
Europe,Romania,Satu Mare,Satu Mare,SUJ
Europe,Romania,Sibiu,Sibiu,SBZ
Europe,Romania,Tautii Magheraus,Tautii Magheraus,BAY
Europe,Romania,Vidrasau,Vidrasau,TGM
Europe,Russia,Abakan,Abakan,ABA
Europe,Russia,Aleksandrovsk-Sakhalinskiy,Aleksandrovsk-Sakhalinskiy,UHS
Europe,Russia,Alykel,Alykel,NSK
Europe,Russia,Amgu,Amgu,AEM
Europe,Russia,Astrakhan,Astrakhan,ASF
Europe,Russia,Balandino,Balandino,CEK
Europe,Russia,Barataevka,Barataevka,ULV
Europe,Russia,Barnaul,Barnaul,BAX
Europe,Russia,Batagay,Batagay,BQJ
Europe,Russia,Baykit,Baykit,BKA
Europe,Russia,Beaufort Mcas,Beaufort Mcas,NBC
Europe,Russia,Belgorod,Belgorod,EGO
Europe,Russia,Beloyarsky,Beloyarsky,EYK
Europe,Russia,Beryozovo,Beryozovo,EZV
Europe,Russia,Beslan,Beslan,OGZ
Europe,Russia,Blagoveschensk,Blagoveschensk,BQS
Europe,Russia,Bodaybo,Bodaybo,ODO
Europe,Russia,Bolshoye Savino,Bolshoye Savino,PEE
Europe,Russia,Bratsk,Bratsk,BTK
Europe,Russia,Bruggen,Bruggen,BGN
Europe,Russia,Bugulma,Bugulma,UUA
Europe,Russia,Central,Central,RTW
Europe,Russia,Chara,Chara,CZR
Europe,Russia,Cheboksary,Cheboksary,CSY
Europe,Russia,Cheremshanka,Cheremshanka,KCY
Europe,Russia,Cherepovets,Cherepovets,CEE
Europe,Russia,Cherskiy,Cherskiy,CYX
Europe,Russia,Chertovitskoye,Chertovitskoye,VOZ
Europe,Russia,Chokurdah,Chokurdah,CKH
Europe,Russia,Dalnegorsk,Dalnegorsk,DHG
Europe,Russia,Deering,Deering,DEE
Europe,Russia,Deputatskiy,Deputatskiy,DPT
Europe,Russia,Dikson,Dikson,DKS
Europe,Russia,Elista,Elista,ESL
Europe,Russia,Gagarin,Gagarin,GSV
Europe,Russia,Gelendzik,Gelendzik,GDZ
Europe,Russia,Gorno-Altaysk,Gorno-Altaysk,RGK
Europe,Russia,Grabtsevo,Grabtsevo,KLF
Europe,Russia,Grozny,Grozny,GRV
Europe,Russia,Gumrak,Gumrak,VOG
Europe,Russia,Igarka,Igarka,IAA
Europe,Russia,Igrim,Igrim,IRM
Europe,Russia,Irkutsk,Irkutsk,IKT
Europe,Russia,Iturup,Iturup,ITU
Europe,Russia,Izhevsk,Izhevsk,IJK
Europe,Russia,Kadala,Kadala,HTA
Europe,Russia,Kavalerovo,Kavalerovo,KVR
Europe,Russia,Kazan,Kazan,KZN
Europe,Russia,Kemerovo,Kemerovo,KEJ
Europe,Russia,Keperveyem,Keperveyem,KPW
Europe,Russia,Kerio Valley,Kerio Valley,KRV
Europe,Russia,Khanty Mansiysk,Khanty Mansiysk,HMA
Europe,Russia,Khatanga,Khatanga,HTG
Europe,Russia,Khomutovo,Khomutovo,UUS
Europe,Russia,Khrabrovo,Khrabrovo,KGD
Europe,Russia,Kirovsk,Kirovsk,KVK
Europe,Russia,Kodinsk,Kodinsk,KNY
Europe,Russia,Kogalym,Kogalym,KGP
Europe,Russia,Koltsovo,Koltsovo,SVX
Europe,Russia,Kotlas,Kotlas,KSZ
Europe,Russia,Krasnoyarsk,Krasnoyarsk,KJA
Europe,Russia,Kresty,Kresty,PKV
Europe,Russia,Kurgan,Kurgan,KRO
Europe,Russia,Kurumoch,Kurumoch,KUF
Europe,Russia,Kyzyl,Kyzyl,KYZ
Europe,Russia,Lensk,Lensk,ULK
Europe,Russia,Magas,Magas,IGT
Europe,Russia,Magnitogorsk,Magnitogorsk,MQF
Europe,Russia,Makhachkala,Makhachkala,MCX
Europe,Russia,May-Gatka,May-Gatka,GVN
Europe,Russia,Mineralnye Vody,Mineralnye Vody,MRV
Europe,Russia,Mirnyj,Mirnyj,MJZ
Europe,Russia,Moma,Moma,MQJ
Europe,Russia,Moscow Domodedovo,Moscow Domodedovo,DME
Europe,Russia,Mukhino,Mukhino,UUD
Europe,Russia,Murmansk,Murmansk,MMK
Europe,Russia,Nadym,Nadym,NYM
Europe,Russia,Nalchik,Nalchik,NAL
Europe,Russia,Naryan-Mar,Naryan-Mar,NNM
Europe,Russia,NayUrengoy,NayUrengoy,NUX
Europe,Russia,Neryungri,Neryungri,NER
Europe,Russia,Nikolayevsk-na-Amure,Nikolayevsk-na-Amure,NLI
Europe,Russia,Nizhneangarsk,Nizhneangarsk,NZG
Europe,Russia,Nizhnevartovsk,Nizhnevartovsk,NJC
Europe,Russia,Nizhny Novgorod,Nizhny Novgorod,GOJ
Europe,Russia,Nogliki,Nogliki,NGK
Europe,Russia,North West Santo,North West Santo,OLZ
Europe,Russia,Novokuznetsk,Novokuznetsk,NOZ
Europe,Russia,Novy,Novy,KHV
Europe,Russia,Noyabrsk,Noyabrsk,NOJ
Europe,Russia,Nyagan,Nyagan,NYA
Europe,Russia,Nyurba,Nyurba,NYR
Europe,Russia,Okha,Okha,OHH
Europe,Russia,Olenyok,Olenyok,ONK
Europe,Russia,Orenburg,Orenburg,REN
Europe,Russia,Orsk,Orsk,OSW
Europe,Russia,Pashkovsky,Pashkovsky,KRR
Europe,Russia,Petropavlovsk-Kamchatsky,Petropavlovsk-Kamchatsky,PKC
Europe,Russia,Petrozavodsk,Petrozavodsk,PES
Europe,Russia,Pevek,Pevek,PWE
Europe,Russia,Plastun,Plastun,TLY
Europe,Russia,Pleasanton Muni,Pleasanton Muni,PEZ
Europe,Russia,Pobedilovo,Pobedilovo,KVX
Europe,Russia,Podkamennaya Tunguska,Podkamennaya Tunguska,TGP
Europe,Russia,Polyarnyj,Polyarnyj,PYJ
Europe,Russia,Preobrazheniye,Preobrazheniye,RZH
Europe,Russia,Pulkovo,Pulkovo,LED
Europe,Russia,Roschino,Roschino,TJM
Europe,Russia,Rostov Na Donu,Rostov Na Donu,ROV
Europe,Russia,Sakkyryr,Sakkyryr,SUK
Europe,Russia,Salekhard,Salekhard,SLY
Europe,Russia,Saransk,Saransk,SKX
Europe,Russia,Saskylakh,Saskylakh,SYS
Europe,Russia,Selfield,Selfield,SES
Europe,Russia,Severo-Evensk,Severo-Evensk,SWV
Europe,Russia,Severo-Yeniseyskiy,Severo-Yeniseyskiy,VEO
Europe,Russia,Shakhtyorsk,Shakhtyorsk,EKS
Europe,Russia,Sheremetyevo,Sheremetyevo,SVO
Europe,Russia,Sochi,Sochi,AER
Europe,Russia,Sokol,Sokol,GDX
Europe,Russia,Sovetsky Tyumenskaya,Sovetsky Tyumenskaya,OVS
Europe,Russia,Srednekolymsk,Srednekolymsk,SEK
Europe,Russia,Stavropol,Stavropol,STW
Europe,Russia,Strezhevoy,Strezhevoy,SWT
Europe,Russia,Suntar,Suntar,SUY
Europe,Russia,Surgut,Surgut,SGC
Europe,Russia,Svetlaya,Svetlaya,ETL
Europe,Russia,Syktyvkar,Syktyvkar,SCW
Europe,Russia,Takismo,Takismo,TKM
Europe,Russia,Talagi,Talagi,ARH
Europe,Russia,Talakan,Talakan,TLK
Europe,Russia,Tambov Donskoye,Tambov Donskoye,TBW
Europe,Russia,Terney,Terney,NEI
Europe,Russia,Tiksi,Tiksi,IKS
Europe,Russia,Tobolsk Remezov,Tobolsk Remezov,RMZ
Europe,Russia,Tolmachevo,Tolmachevo,OVB
Europe,Russia,Tomsk Bogashevo,Tomsk Bogashevo,TOF
Europe,Russia,Tsentralny,Tsentralny,OMS
Europe,Russia,Tunoshna,Tunoshna,IAR
Europe,Russia,Tura,Tura,GOY
Europe,Russia,Turukhansk,Turukhansk,THX
Europe,Russia,Tynda,Tynda,TYD
Europe,Russia,Ufa,Ufa,UFA
Europe,Russia,Ugolny,Ugolny,DYR
Europe,Russia,Ukhta,Ukhta,UCT
Europe,Russia,Uraj,Uraj,URJ
Europe,Russia,Usinsk,Usinsk,USK
Europe,Russia,Ust-Ilimsk,Ust-Ilimsk,UIK
Europe,Russia,Ust-Kut,Ust-Kut,UKX
Europe,Russia,Ust-Kuyga,Ust-Kuyga,UKG
Europe,Russia,Ust-Nera,Ust-Nera,USR
Europe,Russia,Ust-Tsilma,Ust-Tsilma,UTS
Europe,Russia,Vanavara,Vanavara,VAQ
Europe,Russia,Velikij Ustyug,Velikij Ustyug,VUS
Europe,Russia,Vityazevo,Vityazevo,AAQ
Europe,Russia,Vladivostok Knevichi,Vladivostok Knevichi,VVO
Europe,Russia,Vnukovo,Vnukovo,VKO
Europe,Russia,Vorkuta,Vorkuta,VKT
Europe,Russia,Webb Air Force Base,Webb Air Force Base,BGS
Europe,Russia,Yakutsk,Yakutsk,YKS
Europe,Russia,Yedinka,Yedinka,EDN
Europe,Russia,Yuzhny,Yuzhny,IWA
Europe,Russia,Zeya,Zeya,EYA
Europe,Russia,Zhigansk,Zhigansk,ZIX
Europe,Russia,Zhukovsky,Zhukovsky,ZIA
Europe,Russia,Zonalnoye,Zonalnoye,ZZO
Europe,Russia,Zyryanka,Zyryanka,ZKP
Europe,Serbia,Belgrad Nikola Tesla,Belgrad Nikola Tesla,BEG
Europe,Serbia,Moreva,Moreva,KVO
Europe,Serbia,Nis,Nis,INI
Europe,Slovakia,Kosice,Kosice,KSC
Europe,Slovakia,M R Stefanik,M R Stefanik,BTS
Europe,Slovakia,Tatry,Tatry,TAT
Europe,Slovenia,Ljubljana,Ljubljana,LJU
Europe,Spain,A Coruna,A Coruna,LCG
Europe,Spain,Aeroport De La Seu,Aeroport De La Seu,LEU
Europe,Spain,Agoncillo,Agoncillo,RJL
Europe,Spain,Algeciras,Algeciras,AEI
Europe,Spain,Alicante–Elche Miguel Hernández,Alicante–Elche Miguel Hernández,ALC
Europe,Spain,Almeria,Almeria,LEI
Europe,Spain,Asturias,Asturias,OVD
Europe,Spain,Barajas,Barajas,MAD
Europe,Spain,Bilbao,Bilbao,BIO
Europe,Spain,Castellon-Costa Azahar,Castellon-Costa Azahar,CDT
Europe,Spain,Ceuta Heliport,Ceuta Heliport,JCU
Europe,Spain,Cordoba,Cordoba,ODB
Europe,Spain,Corvera,Corvera,RMU
Europe,Spain,El Prat,El Prat,BCN
Europe,Spain,Fuerteventura,Fuerteventura,FUE
Europe,Spain,Girona,Girona,GRO
Europe,Spain,Gran Canaria,Gran Canaria,LPA
Europe,Spain,Granada,Granada,GRX
Europe,Spain,Ibiza,Ibiza,IBZ
Europe,Spain,Jerez,Jerez,XRY
Europe,Spain,La Gomera,La Gomera,GMZ
Europe,Spain,La Palma,La Palma,SPC
Europe,Spain,Lanzarote,Lanzarote,ACE
Europe,Spain,Leon,Leon,LEN
Europe,Spain,Lleida-Alguaire,Lleida-Alguaire,ILD
Europe,Spain,Melilla,Melilla,MLN
Europe,Spain,Menorca,Menorca,MAH
Europe,Spain,Málaga,Málaga,AGP
Europe,Spain,Palma De Mallorca,Palma De Mallorca,PMI
Europe,Spain,Pamplona,Pamplona,PNA
Europe,Spain,Reus,Reus,REU
Europe,Spain,Salamanca,Salamanca,SLM
Europe,Spain,San Sebastian,San Sebastian,EAS
Europe,Spain,Santander,Santander,SDR
Europe,Spain,Santiago,Santiago,SCQ
Europe,Spain,Seville,Seville,SVQ
Europe,Spain,Talavera La Real,Talavera La Real,BJZ
Europe,Spain,Tenerife North,Tenerife North,TFN
Europe,Spain,Tenerife South,Tenerife South,TFS
Europe,Spain,Valencia Arport,Valencia Arport,VLC
Europe,Spain,Valladolid,Valladolid,VLL
Europe,Spain,Valverde,Valverde,VDE
Europe,Spain,Vigo,Vigo,VGO
Europe,Spain,Vitoria,Vitoria,VIT
Europe,Spain,Zaragoza Ab,Zaragoza Ab,ZAZ
Europe,Sweden,Angelholm,Angelholm,AGH
Europe,Sweden,Arvidsjaur,Arvidsjaur,AJR
Europe,Sweden,Bromma,Bromma,BMA
Europe,Sweden,Froson,Froson,OSD
Europe,Sweden,Gallivare,Gallivare,GEV
Europe,Sweden,Göteborg Landvetter,Göteborg Landvetter,GOT
Europe,Sweden,Göteborg Stallbacka,Göteborg Stallbacka,THN
Europe,Sweden,Hagfors,Hagfors,HFS
Europe,Sweden,Halmstad,Halmstad,HAD
Europe,Sweden,Hemavan,Hemavan,HMV
Europe,Sweden,Kallax,Kallax,LLA
Europe,Sweden,Kalmar,Kalmar,KLR
Europe,Sweden,Kiruna,Kiruna,KRN
Europe,Sweden,Kramfors,Kramfors,KRF
Europe,Sweden,Kronoberg,Kronoberg,VXO
Europe,Sweden,Lycksele,Lycksele,LYC
Europe,Sweden,Malmö,Malmö,MMX
Europe,Sweden,Mora,Mora,MXX
Europe,Sweden,Ornskoldsvik,Ornskoldsvik,OER
Europe,Sweden,Pajala,Pajala,PJA
Europe,Sweden,Ronneby,Ronneby,RNB
Europe,Sweden,Saab,Saab,LPI
Europe,Sweden,Scandinavian Mountains,Scandinavian Mountains,SCR
Europe,Sweden,Skavsta,Skavsta,NYO
Europe,Sweden,Skelleftea,Skelleftea,SFT
Europe,Sweden,Stockholm Arlanda,Stockholm Arlanda,ARN
Europe,Sweden,Sundsvall Harnosand,Sundsvall Harnosand,SDL
Europe,Sweden,Sveg,Sveg,EVG
Europe,Sweden,Torsby,Torsby,TYF
Europe,Sweden,Umeå,Umeå,UME
Europe,Sweden,Vasteras,Vasteras,VST
Europe,Sweden,Vilhelmina,Vilhelmina,VHM
Europe,Sweden,Visby,Visby,VBY
Europe,Switzerland,Bale Mulhouse,Bale Mulhouse,MLH
Europe,Switzerland,Bern Belp,Bern Belp,BRN
Europe,Switzerland,Geneva,Geneva,GVA
Europe,Switzerland,Sion,Sion,SIR
Europe,Switzerland,St Gallen Altenrhein,St Gallen Altenrhein,ACH
Europe,Switzerland,Zurich,Zurich,ZRH
Europe,Turkey,Adiyaman,Adiyaman,ADF
Europe,Turkey,Agri,Agri,AJI
Europe,Turkey,Anadolu,Anadolu,AOE
Europe,Turkey,Ankara Esenboğa,Ankara Esenboğa,ESB
Europe,Turkey,Antalya,Antalya,AYT
Europe,Turkey,Batman,Batman,BAL
Europe,Turkey,Bingol,Bingol,BGG
Europe,Turkey,Bodrum - Milas,Bodrum - Milas,BJV
Europe,Turkey,Canakkale,Canakkale,CKZ
Europe,Turkey,Cardak,Cardak,DNZ
Europe,Turkey,Cherry Point Mcas,Cherry Point Mcas,NKT
Europe,Turkey,Corlu,Corlu,TEQ
Europe,Turkey,Cukurova,Cukurova,COV
Europe,Turkey,Dalaman,Dalaman,DLM
Europe,Turkey,Diyarbakir,Diyarbakir,DIY
Europe,Turkey,Edremit,Edremit,EDO
Europe,Turkey,Elazig,Elazig,EZS
Europe,Turkey,Erhac,Erhac,MLX
Europe,Turkey,Erkilet,Erkilet,ASR
Europe,Turkey,Erzincan,Erzincan,ERC
Europe,Turkey,Erzurum,Erzurum,ERZ
Europe,Turkey,Gazipasa,Gazipasa,GZP
Europe,Turkey,Hakkari Yuksekova Selahaddin Eyyubi,Hakkari Yuksekova Selahaddin Eyyubi,YKO
Europe,Turkey,Hatay,Hatay,HTY
Europe,Turkey,Igdir,Igdir,IGD
Europe,Turkey,Isparta SÃ¼leyman Demirel,Isparta SÃ¼leyman Demirel,ISE
Europe,Turkey,Istanbul,Istanbul,IST
Europe,Turkey,Istanbul Sabiha Gökçen,Istanbul Sabiha Gökçen,SAW
Europe,Turkey,Kahramanmaras,Kahramanmaras,KCM
Europe,Turkey,Kapadokya,Kapadokya,NAV
Europe,Turkey,Kars,Kars,KSY
Europe,Turkey,Kastamonu,Kastamonu,KFS
Europe,Turkey,Konya,Konya,KYA
Europe,Turkey,Mardin,Mardin,MQM
Europe,Turkey,Merzifon,Merzifon,MZH
Europe,Turkey,Mus,Mus,MSR
Europe,Turkey,Oguzeli,Oguzeli,GZT
Europe,Turkey,Ordu Giresun,Ordu Giresun,OGU
Europe,Turkey,Rize-Artvin,Rize-Artvin,RZV
Europe,Turkey,Samsun-Ã‡arÅŸamba,Samsun-Ã‡arÅŸamba,SZF
Europe,Turkey,Sanliurfa GAP,Sanliurfa GAP,GNY
Europe,Turkey,Siirt,Siirt,SXZ
Europe,Turkey,Sinop - Turkey,Sinop - Turkey,NOP
Europe,Turkey,Sivas,Sivas,VAS
Europe,Turkey,Tokat,Tokat,TJK
Europe,Turkey,Trabzon,Trabzon,TZX
Europe,Turkey,Van,Van,VAN
Europe,Turkey,Yenisehir,Yenisehir,YEI
Europe,Turkey,Zafer,Zafer,KZR
Europe,Turkey,Zonguldak,Zonguldak,ONQ
Europe,Turkey,İzmir Adnan Menderes,İzmir Adnan Menderes,ADB
Europe,Ukraine,Simferopol,Simferopol,SIP
Europe,United Kingdom,Aldergrove,Aldergrove,BFS
Europe,United Kingdom,Barra,Barra,BRR
Europe,United Kingdom,Benbecula,Benbecula,BEB
Europe,United Kingdom,Birmingham,Birmingham,BHX
Europe,United Kingdom,Bournemouth,Bournemouth,BOH
Europe,United Kingdom,Bristol,Bristol,BRS
Europe,United Kingdom,Brize Norton,Brize Norton,BZZ
Europe,United Kingdom,Campbeltown,Campbeltown,CAL
Europe,United Kingdom,Cardiff,Cardiff,CWL
Europe,United Kingdom,City,City,BHD
Europe,United Kingdom,City,City,LCY
Europe,United Kingdom,Coll Island,Coll Island,COL
Europe,United Kingdom,Colonsay Island,Colonsay Island,CSA
Europe,United Kingdom,Dundee,Dundee,DND
Europe,United Kingdom,Dyce,Dyce,ABZ
Europe,United Kingdom,Edinburgh,Edinburgh,EDI
Europe,United Kingdom,Exeter,Exeter,EXT
Europe,United Kingdom,Fair Isle,Fair Isle,FIE
Europe,United Kingdom,Foula,Foula,FOA
Europe,United Kingdom,Gatwick,Gatwick,LGW
Europe,United Kingdom,Glasgow,Glasgow,GLA
Europe,United Kingdom,Heathrow,Heathrow,LHR
Europe,United Kingdom,Humberside,Humberside,HUY
Europe,United Kingdom,Inverness,Inverness,INV
Europe,United Kingdom,Islay,Islay,ILY
Europe,United Kingdom,Isles of Scilly,Isles of Scilly,ISC
Europe,United Kingdom,Kirkwall,Kirkwall,KOI
Europe,United Kingdom,Lands End,Lands End,LEQ
Europe,United Kingdom,Leeds Bradford,Leeds Bradford,LBA
Europe,United Kingdom,Lerwick / Tingwall,Lerwick / Tingwall,LWK
Europe,United Kingdom,Liverpool,Liverpool,LPL
Europe,United Kingdom,Londonderry Eglinton,Londonderry Eglinton,LDY
Europe,United Kingdom,Luton,Luton,LTN
Europe,United Kingdom,Manchester,Manchester,MAN
Europe,United Kingdom,Newcastle,Newcastle,NCL
Europe,United Kingdom,North Connel,North Connel,OBN
Europe,United Kingdom,Norwich,Norwich,NWI
Europe,United Kingdom,Nottingham,Nottingham,EMA
Europe,United Kingdom,Paddington Station,Paddington Station,QQP
Europe,United Kingdom,Prestwick,Prestwick,PIK
Europe,United Kingdom,Southampton,Southampton,SOU
Europe,United Kingdom,Southend,Southend,SEN
Europe,United Kingdom,St Mawgan,St Mawgan,NQY
Europe,United Kingdom,St Pancras Railway Station,St Pancras Railway Station,QQS
Europe,United Kingdom,Stansted,Stansted,STN
Europe,United Kingdom,Stornoway,Stornoway,SYY
Europe,United Kingdom,Sumburgh,Sumburgh,LSI
Europe,United Kingdom,Teesside,Teesside,MME
Europe,United Kingdom,Tiree,Tiree,TRE
Middle East,Bahrain,Bahrain,Bahrain,BAH
Middle East,Iran,Abadan,Abadan,ABD
Middle East,Iran,Abu Musa,Abu Musa,AEU
Middle East,Iran,Ahwaz,Ahwaz,AWZ
Middle East,Iran,Ala'Marvdasht,Ala'Marvdasht,PGU
Middle East,Iran,Ardabil,Ardabil,ADU
Middle East,Iran,Bandar Abbas,Bandar Abbas,BND
Middle East,Iran,Bandar Lengeh,Bandar Lengeh,BDH
Middle East,Iran,Birjand,Birjand,XBJ
Middle East,Iran,Bojnord,Bojnord,BJB
Middle East,Iran,Bushehr,Bushehr,BUZ
Middle East,Iran,Chah Bahar,Chah Bahar,ZBR
Middle East,Iran,Dashte Naz,Dashte Naz,SRY
Middle East,Iran,Dayrestan,Dayrestan,GSM
Middle East,Iran,Esfahan Shahid Beheshti,Esfahan Shahid Beheshti,IFN
Middle East,Iran,Gorgan,Gorgan,GBT
Middle East,Iran,Hamadan,Hamadan,HDM
Middle East,Iran,Ilam,Ilam,IIL
Middle East,Iran,Imam Khomeini,Imam Khomeini,IKA
Middle East,Iran,Kerman,Kerman,KER
Middle East,Iran,Kish,Kish,KIH
Middle East,Iran,Lar,Lar,LRR
Middle East,Iran,Mahshahr,Mahshahr,MRX
Middle East,Iran,Mashhad,Mashhad,MHD
Middle East,Iran,Mehrabad,Mehrabad,THR
Middle East,Iran,Now Shahr,Now Shahr,NSH
Middle East,Iran,Ramsar,Ramsar,RZR
Middle East,Iran,Rasht,Rasht,RAS
Middle East,Iran,Sanandaj,Sanandaj,SDG
Middle East,Iran,Shahid Ashrafi Esfahani,Shahid Ashrafi Esfahani,KSH
Middle East,Iran,Shiraz Shahid Dastghaib,Shiraz Shahid Dastghaib,SYZ
Middle East,Iran,Sirjan,Sirjan,SYJ
Middle East,Iran,Tabriz,Tabriz,TBZ
Middle East,Iran,Urmieh,Urmieh,OMH
Middle East,Iran,Yazd Shahid Sadooghi,Yazd Shahid Sadooghi,AZD
Middle East,Iran,Zabol,Zabol,ACZ
Middle East,Iran,Zahedan,Zahedan,ZAH
Middle East,Iran,Zanjan,Zanjan,JWN
Middle East,Iraq,Al Najaf,Al Najaf,NJF
Middle East,Iraq,Baghdad,Baghdad,BGW
Middle East,Iraq,Basrah,Basrah,BSR
Middle East,Iraq,Erbil,Erbil,EBL
Middle East,Iraq,Kirkuk AB,Kirkuk AB,KIK
Middle East,Iraq,Mosul,Mosul,OSM
Middle East,Iraq,Sulaymaniyah,Sulaymaniyah,ISU
Middle East,Israel,Ben Gurion,Ben Gurion,TLV
Middle East,Israel,Haifa,Haifa,HFA
Middle East,Israel,Ramon,Ramon,ETM
Middle East,Jordan,Aqaba,Aqaba,AQJ
Middle East,Jordan,Marka,Marka,ADJ
Middle East,Jordan,Queen Alia,Queen Alia,AMM
Middle East,Kuwait,Kuwait,Kuwait,KWI
Middle East,Lebanon,Beirut,Beirut,BEY
Middle East,Oman,Duqm,Duqm,DQM
Middle East,Oman,Khasab,Khasab,KHS
Middle East,Oman,Masirah,Masirah,MSH
Middle East,Oman,Salalah,Salalah,SLL
Middle East,Oman,Seeb,Seeb,MCT
Middle East,Oman,Sohar,Sohar,OHS
Middle East,Qatar,Hamad,Hamad,DOH
Middle East,Saudi Arabia,Abha,Abha,AHB
Middle East,Saudi Arabia,Al-Aqiq,Al-Aqiq,ABT
Middle East,Saudi Arabia,Arar,Arar,RAE
Middle East,Saudi Arabia,Bisha,Bisha,BHH
Middle East,Saudi Arabia,Dawadmi,Dawadmi,DWD
Middle East,Saudi Arabia,Gassim,Gassim,ELQ
Middle East,Saudi Arabia,Gurayat,Gurayat,URY
Middle East,Saudi Arabia,Hail,Hail,HAS
Middle East,Saudi Arabia,Hofuf,Hofuf,HOF
Middle East,Saudi Arabia,Jazan,Jazan,GIZ
Middle East,Saudi Arabia,Jouf,Jouf,AJF
Middle East,Saudi Arabia,King Abdulaziz,King Abdulaziz,JED
Middle East,Saudi Arabia,King Fahd,King Fahd,DMM
Middle East,Saudi Arabia,King Khaled,King Khaled,RUH
Middle East,Saudi Arabia,Madinah,Madinah,MED
Middle East,Saudi Arabia,Nejran,Nejran,EAM
Middle East,Saudi Arabia,Neom Bay,Neom Bay,NUM
Middle East,Saudi Arabia,Prince Abdul Majeed bin Abdulaziz,Prince Abdul Majeed bin Abdulaziz,ULH
Middle East,Saudi Arabia,Qaisumah,Qaisumah,AQI
Middle East,Saudi Arabia,Rafha,Rafha,RAH
Middle East,Saudi Arabia,Red Sea,Red Sea,RSI
Middle East,Saudi Arabia,Sharurah,Sharurah,SHW
Middle East,Saudi Arabia,Tabuk,Tabuk,TUU
Middle East,Saudi Arabia,Taif,Taif,TIF
Middle East,Saudi Arabia,Turaif,Turaif,TUI
Middle East,Saudi Arabia,Wadi Ad Dawasir,Wadi Ad Dawasir,WAE
Middle East,Saudi Arabia,Yenbo,Yenbo,YNB
Middle East,United Arab Emirates,Al Ain,Al Ain,AAN
Middle East,United Arab Emirates,Dubai,Dubai,DXB
Middle East,United Arab Emirates,Dubai,Dubai,XNB
Middle East,United Arab Emirates,Dubai Al Maktoum,Dubai Al Maktoum,DWC
Middle East,United Arab Emirates,Fujairah,Fujairah,FJR
Middle East,United Arab Emirates,Ras Al Khaimah,Ras Al Khaimah,RKT
Middle East,United Arab Emirates,Sharjah,Sharjah,SHJ
Middle East,United Arab Emirates,Zayed,Zayed,AUH
North America,Canada,Abbotsford,Abbotsford,YXX
North America,Canada,Akulivik,Akulivik,AKV
North America,Canada,Anahim Lake,Anahim Lake,YAA
North America,Canada,Angling Lake,Angling Lake,YAX
North America,Canada,Arctic Bay,Arctic Bay,YAB
North America,Canada,Arviat,Arviat,YEK
North America,Canada,Attawapiskat,Attawapiskat,YAT
North America,Canada,Aupaluk,Aupaluk,YPJ
North America,Canada,Bagotville,Bagotville,YBG
North America,Canada,Baie Comeau,Baie Comeau,YBC
North America,Canada,Baker Lake,Baker Lake,YBK
North America,Canada,Bathurst,Bathurst,ZBF
North America,Canada,Bearskin Lake,Bearskin Lake,XBE
North America,Canada,Bella Bella,Bella Bella,ZEL
North America,Canada,Bella Coola,Bella Coola,QBC
North America,Canada,Big Trout,Big Trout,YTL
North America,Canada,Blanc Sablon,Blanc Sablon,YBX
North America,Canada,Bonaventure,Bonaventure,YVB
North America,Canada,Brandon Muni,Brandon Muni,YBR
North America,Canada,Calgary,Calgary,YYC
North America,Canada,Cambridge Bay,Cambridge Bay,YCB
North America,Canada,Campbell River,Campbell River,YBL
North America,Canada,Campbell River Sea Plane Base,Campbell River Sea Plane Base,YHH
North America,Canada,Cape Dorset,Cape Dorset,YTE
North America,Canada,Castlegar,Castlegar,YCG
North America,Canada,Cat Lake,Cat Lake,YAC
North America,Canada,Chapais,Chapais,YMT
North America,Canada,Charlottetown,Charlottetown,YYG
North America,Canada,Chesterfield Inlet,Chesterfield Inlet,YCS
North America,Canada,Chevery,Chevery,YHR
North America,Canada,Chisasibi,Chisasibi,YKU
North America,Canada,Churchill,Churchill,YYQ
North America,Canada,Churchill Falls,Churchill Falls,ZUM
North America,Canada,City Centre,City Centre,YTZ
North America,Canada,Clyde River,Clyde River,YCY
North America,Canada,Colville Lake,Colville Lake,YCK
North America,Canada,Comox,Comox,YQQ
North America,Canada,Cranbrook,Cranbrook,YXC
North America,Canada,Dawson City,Dawson City,YDA
North America,Canada,Deer Lake,Deer Lake,YDF
North America,Canada,Deer Lake,Deer Lake,YVZ
North America,Canada,Deline,Deline,YWJ
North America,Canada,East Main,East Main,ZEM
North America,Canada,Edmonton,Edmonton,YEG
North America,Canada,Fairmont Hot Springs,Fairmont Hot Springs,YZS
North America,Canada,Flin Flon,Flin Flon,YFO
North America,Canada,Fond-Du-Lac,Fond-Du-Lac,ZFD
North America,Canada,Fort Albany,Fort Albany,YFA
North America,Canada,Fort Chipewyan,Fort Chipewyan,YPY
North America,Canada,Fort Good Hope,Fort Good Hope,YGH
North America,Canada,Fort Hope,Fort Hope,YFH
North America,Canada,Fort Mcmurray,Fort Mcmurray,YMM
North America,Canada,Fort Nelson,Fort Nelson,YYE
North America,Canada,Fort Severn,Fort Severn,YER
North America,Canada,Fort Simpson,Fort Simpson,YFS
North America,Canada,Fort Smith,Fort Smith,YSM
North America,Canada,Fort St John,Fort St John,YXJ
North America,Canada,Freddie Carmichael,Freddie Carmichael,LAK
North America,Canada,Fredericton,Fredericton,YFC
North America,Canada,Gander,Gander,YQX
North America,Canada,Ganges Seaplane Base,Ganges Seaplane Base,YGG
North America,Canada,Gaspe,Gaspe,YGP
North America,Canada,Gatineau,Gatineau,YND
North America,Canada,Gethsemani,Gethsemani,ZGS
North America,Canada,Gillam,Gillam,YGX
North America,Canada,Gjoa Haven,Gjoa Haven,YHK
North America,Canada,Goose Bay,Goose Bay,YYR
North America,Canada,Grande Prairie,Grande Prairie,YQU
North America,Canada,Greater Moncton,Greater Moncton,YQM
North America,Canada,Green Lake Sea Plane Base,Green Lake Sea Plane Base,YWS
North America,Canada,Grise Fiord,Grise Fiord,YGZ
North America,Canada,Halifax,Halifax,YHZ
North America,Canada,Hall Beach,Hall Beach,YUX
North America,Canada,Hamilton,Hamilton,YHM
North America,Canada,Havre Saint-Pierre,Havre Saint-Pierre,YGV
North America,Canada,Hay River,Hay River,YHY
North America,Canada,High Level,High Level,YOJ
North America,Canada,Holman,Holman,YHI
North America,Canada,Hopedale,Hopedale,YHO
North America,Canada,Igloolik,Igloolik,YGT
North America,Canada,Iles De La Madeleine,Iles De La Madeleine,YGR
North America,Canada,Inukjuak,Inukjuak,YPH
North America,Canada,Inuvik Mike Zubko,Inuvik Mike Zubko,YEV
North America,Canada,Iqaluit,Iqaluit,YFB
North America,Canada,Ivujivik,Ivujivik,YIK
North America,Canada,Kamloops,Kamloops,YKA
North America,Canada,Kangiqsualujjuaq,Kangiqsualujjuaq,XGR
North America,Canada,Kangiqsujuaq,Kangiqsujuaq,YWB
North America,Canada,Kangirsuk,Kangirsuk,YKG
North America,Canada,Kasabonika,Kasabonika,XKS
North America,Canada,Kaschechewan,Kaschechewan,ZKE
North America,Canada,Keewaywin,Keewaywin,KEW
North America,Canada,Kelowna,Kelowna,YLW
North America,Canada,Kimmirut,Kimmirut,YLC
North America,Canada,Kingfisher Lake,Kingfisher Lake,KIF
North America,Canada,Kingston Train Station,Kingston Train Station,XEG
North America,Canada,Kugaaruk,Kugaaruk,YBB
North America,Canada,Kugluktuk,Kugluktuk,YCO
North America,Canada,Kuujjuaq,Kuujjuaq,YVP
North America,Canada,Kuujjuarapik,Kuujjuarapik,YGW
North America,Canada,La Grande,La Grande,YGL
North America,Canada,La Ronge,La Ronge,YVC
North America,Canada,La Tabatiere,La Tabatiere,ZLT
North America,Canada,Lansdowne House,Lansdowne House,YLH
North America,Canada,Lethbridge,Lethbridge,YQL
North America,Canada,London,London,YXU
North America,Canada,Lutselk'e,Lutselk'e,YSG
North America,Canada,Makkovik,Makkovik,YMN
North America,Canada,Masset,Masset,ZMT
North America,Canada,Medicine Hat,Medicine Hat,YXH
North America,Canada,Mont Joli,Mont Joli,YYY
North America,Canada,Moosonee,Moosonee,YMO
North America,Canada,Muskrat Dam,Muskrat Dam,MSA
North America,Canada,Nain,Nain,YDP
North America,Canada,Nanaimo,Nanaimo,YCD
North America,Canada,Nanaimo Harbour Water,Nanaimo Harbour Water,ZNA
North America,Canada,Natashquan,Natashquan,YNA
North America,Canada,Natuashish,Natuashish,YNP
North America,Canada,Nemiscau,Nemiscau,YNS
North America,Canada,Norman Wells,Norman Wells,YVQ
North America,Canada,North Bay,North Bay,YYB
North America,Canada,North Spirit Lake,North Spirit Lake,YNO
North America,Canada,Ogoki,Ogoki,YOG
North America,Canada,Old Crow,Old Crow,YOC
North America,Canada,Ottawa Macdonald Cartier,Ottawa Macdonald Cartier,YOW
North America,Canada,Pakuashipi,Pakuashipi,YIF
North America,Canada,Pangnirtung,Pangnirtung,YXP
North America,Canada,Pearson,Pearson,YYZ
North America,Canada,Peawanuck,Peawanuck,YPO
North America,Canada,Penticton,Penticton,YYF
North America,Canada,Pickle Lake,Pickle Lake,YPL
North America,Canada,Pierre Elliott Trudeau,Pierre Elliott Trudeau,YUL
North America,Canada,Pikangikum,Pikangikum,YPM
North America,Canada,Pond Inlet,Pond Inlet,YIO
North America,Canada,Poplar Hill,Poplar Hill,YHP
North America,Canada,Port Hardy,Port Hardy,YZT
North America,Canada,Port Menier,Port Menier,YPN
North America,Canada,Postville,Postville,YSO
North America,Canada,Powell Lake,Powell Lake,WPL
North America,Canada,Powell River,Powell River,YPW
North America,Canada,Prince Albert Glass Field,Prince Albert Glass Field,YPA
North America,Canada,Prince George,Prince George,YXS
North America,Canada,Prince Rupert,Prince Rupert,YPR
North America,Canada,Puvirnituq,Puvirnituq,YPX
North America,Canada,Qikiqtarjuaq,Qikiqtarjuaq,YVM
North America,Canada,Quaqtaq,Quaqtaq,YQC
North America,Canada,Quebec Jean Lesage,Quebec Jean Lesage,YQB
North America,Canada,Quesnel,Quesnel,YQZ
North America,Canada,Rae Lakes,Rae Lakes,YRA
North America,Canada,Rankin Inlet,Rankin Inlet,YRT
North America,Canada,Red Lake,Red Lake,YRL
North America,Canada,Regina,Regina,YQR
North America,Canada,Repulse Bay,Repulse Bay,YUT
North America,Canada,Resolute Bay,Resolute Bay,YRB
North America,Canada,Rigolet,Rigolet,YRG
North America,Canada,Round Lake (Weagamow Lake),Round Lake (Weagamow Lake),ZRJ
North America,Canada,Rouyn Noranda,Rouyn Noranda,YUY
North America,Canada,Sachigo Lake,Sachigo Lake,ZPB
North America,Canada,Saint John,Saint John,YSJ
North America,Canada,Salluit,Salluit,YZG
North America,Canada,Sandspit,Sandspit,YZP
North America,Canada,Sandy Lake,Sandy Lake,ZSJ
North America,Canada,Sanikiluaq,Sanikiluaq,YSK
North America,Canada,Saskatoon J G Diefenbaker,Saskatoon J G Diefenbaker,YXE
North America,Canada,Sault Ste Marie,Sault Ste Marie,YAM
North America,Canada,Schefferville,Schefferville,YKL
North America,Canada,Sechelt,Sechelt,YHS
North America,Canada,Sept Iles,Sept Iles,YZV
North America,Canada,Sioux Lookout,Sioux Lookout,YXL
North America,Canada,Smithers,Smithers,YYD
North America,Canada,Snare Lake,Snare Lake,YFJ
North America,Canada,St Anthony,St Anthony,YAY
North America,Canada,St Hubert,St Hubert,YHU
North America,Canada,St Johns,St Johns,YYT
North America,Canada,Stony Rapids,Stony Rapids,YSF
North America,Canada,Sudbury,Sudbury,YSB
North America,Canada,Summer Beaver,Summer Beaver,SUR
North America,Canada,Sydney,Sydney,YQY
North America,Canada,Taloyoak,Taloyoak,YYH
North America,Canada,Tasiujuaq,Tasiujuaq,YTQ
North America,Canada,Terrace,Terrace,YXT
North America,Canada,Tete-a-La Baleine,Tete-a-La Baleine,ZTB
North America,Canada,The Pas,The Pas,YQD
North America,Canada,Thompson,Thompson,YTH
North America,Canada,Thunder Bay,Thunder Bay,YQT
North America,Canada,Timmins,Timmins,YTS
North America,Canada,Tofino,Tofino,YAZ
North America,Canada,Tofino Harbour Sea Plane Base,Tofino Harbour Sea Plane Base,YTP
North America,Canada,Trail,Trail,YZZ
North America,Canada,Train Station,Train Station,XDS
North America,Canada,Train Station,Train Station,XEF
North America,Canada,Tulita,Tulita,ZFN
North America,Canada,Umiujag,Umiujag,YUD
North America,Canada,Uranium City,Uranium City,YBE
North America,Canada,Val D Or,Val D Or,YVO
North America,Canada,Vancouver,Vancouver,YVR
North America,Canada,Vancouver Coal Harbour,Vancouver Coal Harbour,CXH
North America,Canada,Victoria,Victoria,YYJ
North America,Canada,Victoria Inner Harbour,Victoria Inner Harbour,YWH
North America,Canada,Wabush,Wabush,YWK
North America,Canada,Waskaganish,Waskaganish,YKQ
North America,Canada,Waterloo Rgnl,Waterloo Rgnl,YKF
North America,Canada,Webequie,Webequie,YWP
North America,Canada,Wemindji,Wemindji,YNC
North America,Canada,Whale Cove,Whale Cove,YXN
North America,Canada,Whitehorse,Whitehorse,YXY
North America,Canada,Williams Lake,Williams Lake,YWL
North America,Canada,Windsor,Windsor,YQG
North America,Canada,Winnipeg,Winnipeg,YWG
North America,Canada,Wollaston Lake,Wollaston Lake,ZWL
North America,Canada,Wunnummin Lake,Wunnummin Lake,WNN
North America,Canada,Yellowknife,Yellowknife,YZF
North America,Mexico,,,TJX
North America,Mexico,Abraham Gonzalez,Abraham Gonzalez,CJS
North America,Mexico,C P A Carlos Rovirosa,C P A Carlos Rovirosa,VSA
North America,Mexico,Cancun,Cancun,CUN
North America,Mexico,Chetumal,Chetumal,CTM
North America,Mexico,Ciudad Del Carmen,Ciudad Del Carmen,CME
North America,Mexico,Ciudad Obregon,Ciudad Obregon,CEN
North America,Mexico,Ciudad Victoria,Ciudad Victoria,CVM
North America,Mexico,Colima,Colima,CLQ
North America,Mexico,Cozumel,Cozumel,CZM
North America,Mexico,Culiacan,Culiacan,CUL
North America,Mexico,Durango,Durango,DGO
North America,Mexico,Federal,Federal,LMM
North America,Mexico,Felipe Angeles,Felipe Angeles,NLU
North America,Mexico,Felipe Carrillo Puerto,Felipe Carrillo Puerto,TQO
North America,Mexico,Francisco Sarabia,Francisco Sarabia,TGZ
North America,Mexico,Gen Fierro Villalobos,Gen Fierro Villalobos,CUU
North America,Mexico,General Abelardo L Rodriguez,General Abelardo L Rodriguez,TIJ
North America,Mexico,General Francisco J Mujica,General Francisco J Mujica,MLM
North America,Mexico,General Francisco Javier Mina,General Francisco Javier Mina,TAM
North America,Mexico,General Ignacio P Garcia,General Ignacio P Garcia,HMO
North America,Mexico,General Juan N Alvarez,General Juan N Alvarez,ACA
North America,Mexico,General Lucio Blanco,General Lucio Blanco,REX
North America,Mexico,General Manuel Marquez De Leon,General Manuel Marquez De Leon,LAP
North America,Mexico,General Rafael Buelna,General Rafael Buelna,MZT
North America,Mexico,General Rodolfo Sanchez Taboada,General Rodolfo Sanchez Taboada,MXL
North America,Mexico,General Servando Canales,General Servando Canales,MAM
North America,Mexico,Guadalajara,Guadalajara,GDL
North America,Mexico,Guanajuato,Guanajuato,BJX
North America,Mexico,Hermanos Serdan,Hermanos Serdan,PBC
North America,Mexico,Huatulco,Huatulco,HUX
North America,Mexico,Ingeniero Alberto Acuna Ongay,Ingeniero Alberto Acuna Ongay,CPE
North America,Mexico,Ingeniero F Espinoza Gutierrez,Ingeniero F Espinoza Gutierrez,QRO
North America,Mexico,Ixtapa Zihuatanejo,Ixtapa Zihuatanejo,ZIH
North America,Mexico,Ixtepec,Ixtepec,IZT
North America,Mexico,Jesus Teran,Jesus Teran,AGU
North America,Mexico,La Calera,La Calera,ZCL
North America,Mexico,Licenciado Adolfo Lopez Mateos,Licenciado Adolfo Lopez Mateos,TLC
North America,Mexico,Licenciado Gustavo Diaz Ordaz,Licenciado Gustavo Diaz Ordaz,PVR
North America,Mexico,Licenciado Manuel Crecencio Rejon,Licenciado Manuel Crecencio Rejon,MID
North America,Mexico,Licenciado Y Gen Ignacio Lopez Rayon,Licenciado Y Gen Ignacio Lopez Rayon,UPN
North America,Mexico,Loreto,Loreto,LTO
North America,Mexico,Los Cabos,Los Cabos,SJD
North America,Mexico,Mexico City,Mexico City,MEX
North America,Mexico,Minatitlan,Minatitlan,MTT
North America,Mexico,Monterrey,Monterrey,MTY
North America,Mexico,Palenque,Palenque,PQM
North America,Mexico,Piedras Negras,Piedras Negras,PDS
North America,Mexico,Plan De Guadalupe,Plan De Guadalupe,SLW
North America,Mexico,Playa De Oro,Playa De Oro,ZLO
North America,Mexico,Ponciano Arriaga,Ponciano Arriaga,SLP
North America,Mexico,Puerto Escondido,Puerto Escondido,PXM
North America,Mexico,Quetzalcoatl,Quetzalcoatl,NLD
North America,Mexico,Tapachula,Tapachula,TAP
North America,Mexico,Tepic,Tepic,TPQ
North America,Mexico,Torreon,Torreon,TRC
North America,Mexico,Veracruz,Veracruz,VER
North America,Mexico,Xoxocotlan,Xoxocotlan,OAX
North America,St Pierre and Miquelon,Saint Pierre,Saint Pierre,FSP
North America,USA,Aberdeen Regional,Aberdeen Regional,ABR
North America,USA,Abilene Rgnl,Abilene Rgnl,ABI
North America,USA,Abraham Lincoln Capital,Abraham Lincoln Capital,SPI
North America,USA,Adak Island,Adak Island,ADK
North America,USA,Adams Fld,Adams Fld,LIT
North America,USA,Adirondack Regional,Adirondack Regional,SLK
North America,USA,Akhiok,Akhiok,AKK
North America,USA,Akron Canton Regional,Akron Canton Regional,CAK
North America,USA,Akuton,Akuton,KQA
North America,USA,Alakanuk,Alakanuk,AUK
North America,USA,Albany,Albany,ALB
North America,USA,Albuquerque Sunport,Albuquerque Sunport,ABQ
North America,USA,Alexandria,Alexandria,AEX
North America,USA,Allakaket,Allakaket,AET
North America,USA,Alliance Municipal,Alliance Municipal,AIA
North America,USA,Alpena County Regional,Alpena County Regional,APN
North America,USA,Altoona Blair Co,Altoona Blair Co,AOO
North America,USA,Amarillo,Amarillo,AMA
North America,USA,Ambler,Ambler,ABL
North America,USA,Anaktuvuk Pass,Anaktuvuk Pass,AKP
North America,USA,Angel Fire,Angel Fire,AXX
North America,USA,Angoon,Angoon,AGN
North America,USA,Aniak,Aniak,ANI
North America,USA,Anvik,Anvik,ANV
North America,USA,Appleton,Appleton,ATW
North America,USA,Arcata,Arcata,ACV
North America,USA,Arctic Village,Arctic Village,ARC
North America,USA,Arnold Palmer Regional,Arnold Palmer Regional,LBE
North America,USA,Asheville Regional,Asheville Regional,AVL
North America,USA,Aspen Pitkin County Sardy Field,Aspen Pitkin County Sardy Field,ASE
North America,USA,Atka,Atka,AKB
North America,USA,Atlantic City,Atlantic City,ACY
North America,USA,Atqasuk Edward Burnell Sr Memorial,Atqasuk Edward Burnell Sr Memorial,ATK
North America,USA,Augusta,Augusta,AGS
North America,USA,Augusta State,Augusta State,AUG
North America,USA,Austin Straubel,Austin Straubel,GRB
North America,USA,Austin-Bergstrom,Austin-Bergstrom,AUS
North America,USA,Baltimore Washington,Baltimore Washington,BWI
North America,USA,Bangor,Bangor,BGR
North America,USA,Barkley Regional,Barkley Regional,PAH
North America,USA,Barnstable Muni Boardman Polando Fld,Barnstable Muni Boardman Polando Fld,HYA
North America,USA,Barter Island,Barter Island,BTI
North America,USA,Basin,Basin,XWA
North America,USA,Baton Rouge Metro Ryan Fld,Baton Rouge Metro Ryan Fld,BTR
North America,USA,Bellingham,Bellingham,BLI
North America,USA,Bemidji Regional,Bemidji Regional,BJI
North America,USA,Bert Mooney,Bert Mooney,BTM
North America,USA,Bethel,Bethel,BET
North America,USA,Bettles,Bettles,BTT
North America,USA,Billings Logan,Billings Logan,BIL
North America,USA,Birch Creek,Birch Creek,KBC
North America,USA,Birmingham,Birmingham,BHM
North America,USA,Bishop,Bishop,FNT
North America,USA,Bismarck Municipal,Bismarck Municipal,BIS
North America,USA,Bob Baker Memorial,Bob Baker Memorial,IAN
North America,USA,Boeing Fld King Co,Boeing Fld King Co,BFI
North America,USA,Boise Air Terminal,Boise Air Terminal,BOI
North America,USA,Boone Co,Boone Co,HRO
North America,USA,Boston Logan,Boston Logan,BOS
North America,USA,Boulder City Municipal,Boulder City Municipal,BLD
North America,USA,Bradford Regional,Bradford Regional,BFD
North America,USA,Bradley,Bradley,BDL
North America,USA,Brainerd Lakes Rgnl,Brainerd Lakes Rgnl,BRD
North America,USA,Brevig Mission,Brevig Mission,KTS
North America,USA,Brownsville South Padre Island,Brownsville South Padre Island,BRO
North America,USA,Brunswick Golden Isles,Brunswick Golden Isles,BQK
North America,USA,Buckland,Buckland,BKC
North America,USA,Buffalo Niagara,Buffalo Niagara,BUF
North America,USA,Burbank Glendale Pasadena,Burbank Glendale Pasadena,BUR
North America,USA,Burlington,Burlington,BTV
North America,USA,Canyonlands Field,Canyonlands Field,CNY
North America,USA,Cape Girardeau Regional,Cape Girardeau Regional,CGI
North America,USA,Cape Lisburne,Cape Lisburne,LUR
North America,USA,Capital City,Capital City,LAN
North America,USA,Cavern City Air Terminal,Cavern City Air Terminal,CNM
North America,USA,Cedar City Rgnl,Cedar City Rgnl,CDC
North America,USA,Cedar Rapids,Cedar Rapids,CID
North America,USA,Central Illinois Rgnl,Central Illinois Rgnl,BMI
North America,USA,Central Nebraska Regional,Central Nebraska Regional,GRI
North America,USA,Chadron Municipal,Chadron Municipal,CDR
North America,USA,Chalkyitsik,Chalkyitsik,CIK
North America,USA,Champaign,Champaign,CMI
North America,USA,Charles M Schulz Sonoma Co,Charles M Schulz Sonoma Co,STS
North America,USA,Charleston Afb,Charleston Afb,CHS
North America,USA,Charlotte County-Punta Gorda,Charlotte County-Punta Gorda,PGD
North America,USA,Charlotte Douglas,Charlotte Douglas,CLT
North America,USA,Charlottesville,Charlottesville,CHO
North America,USA,Chefornak Sea Plane Base,Chefornak Sea Plane Base,CYF
North America,USA,Cherry Capital,Cherry Capital,TVC
North America,USA,Chevak,Chevak,VAK
North America,USA,Cheyenne,Cheyenne,CYS
North America,USA,Chicago Midway,Chicago Midway,MDW
North America,USA,Chicago O Hare,Chicago O Hare,ORD
North America,USA,Chicago Rockford,Chicago Rockford,RFD
North America,USA,Chicken,Chicken,CKX
North America,USA,Chippewa Valley Regional,Chippewa Valley Regional,EAU
North America,USA,Chisana,Chisana,CZN
North America,USA,Chisholm Hibbing,Chisholm Hibbing,HIB
North America,USA,Chuathbaluk,Chuathbaluk,CHU
North America,USA,Cincinnati Northern Kentucky,Cincinnati Northern Kentucky,CVG
North America,USA,City Of Colorado Springs Muni,City Of Colorado Springs Muni,COS
North America,USA,Clarks Point,Clarks Point,CLP
North America,USA,Cleveland Hopkins,Cleveland Hopkins,CLE
North America,USA,Clovis Muni,Clovis Muni,CVN
North America,USA,Coffman Cove,Coffman Cove,KCC
North America,USA,Cold Bay,Cold Bay,CDB
North America,USA,Columbia Metropolitan,Columbia Metropolitan,CAE
North America,USA,Columbia Rgnl,Columbia Rgnl,COU
North America,USA,Columbus,Columbus,GTR
North America,USA,Columbus Metropolitan,Columbus Metropolitan,CSG
North America,USA,Concord Regional,Concord Regional,USA
North America,USA,Corpus Christi,Corpus Christi,CRP
North America,USA,Cortez Muni,Cortez Muni,CEZ
North America,USA,Craig,Craig,CGA
North America,USA,Craven Co Rgnl,Craven Co Rgnl,EWN
North America,USA,Crooked Creek,Crooked Creek,CKD
North America,USA,Dallas Fort Worth,Dallas Fort Worth,DFW
North America,USA,Dallas Love Fld,Dallas Love Fld,DAL
North America,USA,Dane Co Rgnl Truax Fld,Dane Co Rgnl Truax Fld,MSN
North America,USA,Dawson Community,Dawson Community,GDV
North America,USA,Daytona Beach,Daytona Beach,DAB
North America,USA,Deadhorse,Deadhorse,SCC
North America,USA,Decatur,Decatur,DEC
North America,USA,Deering,Deering,DRG
North America,USA,Del Norte County,Del Norte County,CEC
North America,USA,Delta County,Delta County,ESC
North America,USA,Denver,Denver,DEN
North America,USA,Des Moines,Des Moines,DSM
North America,USA,Detroit Metropolitan,Detroit Metropolitan,DTW
North America,USA,Devils Lake Regional,Devils Lake Regional,DVL
North America,USA,Dickinson Regional,Dickinson Regional,DIK
North America,USA,Dillingham,Dillingham,DLG
North America,USA,Dodge City Regional,Dodge City Regional,DDC
North America,USA,Dothan Rgnl,Dothan Rgnl,DHN
North America,USA,DuBois Regional,DuBois Regional,DUJ
North America,USA,Dubuque,Dubuque,DBQ
North America,USA,Duluth,Duluth,DLH
North America,USA,Durango La Plata Co,Durango La Plata Co,DRO
North America,USA,Eagle,Eagle,EAA
North America,USA,Eagle Co Rgnl,Eagle Co Rgnl,EGE
North America,USA,East Texas Rgnl,East Texas Rgnl,GGG
North America,USA,Eastern Oregon Regional,Eastern Oregon Regional,PDT
North America,USA,Eastern Sierra Regional,Eastern Sierra Regional,BIH
North America,USA,Easterwood Fld,Easterwood Fld,CLL
North America,USA,Edna Bay,Edna Bay,EDA
North America,USA,Edward G Pitka Sr,Edward G Pitka Sr,GAL
North America,USA,Eek,Eek,EEK
North America,USA,Egegik,Egegik,EGX
North America,USA,Eglin Afb,Eglin Afb,VPS
North America,USA,El Paso,El Paso,ELP
North America,USA,Elfin Cove,Elfin Cove,ELV
North America,USA,Elim,Elim,ELI
North America,USA,Elko Regional,Elko Regional,EKO
North America,USA,Elmira Corning Rgnl,Elmira Corning Rgnl,ELM
North America,USA,Emmonak,Emmonak,EMK
North America,USA,Eppley Afld,Eppley Afld,OMA
North America,USA,Erie Tom Ridge Fld,Erie Tom Ridge Fld,ERI
North America,USA,Ernest A Love Fld,Ernest A Love Fld,PRC
North America,USA,Evansville Regional,Evansville Regional,EVV
North America,USA,Fairbanks,Fairbanks,FAI
North America,USA,Falls,Falls,INL
North America,USA,False Pass,False Pass,KFP
North America,USA,Fayetteville Regional Grannis Field,Fayetteville Regional Grannis Field,FAY
North America,USA,Flagstaff Pulliam,Flagstaff Pulliam,FLG
North America,USA,Florence,Florence,FLO
North America,USA,Ford,Ford,IMT
North America,USA,Fort Dodge Rgnl,Fort Dodge Rgnl,FOD
North America,USA,Fort Lauderdale Hollywood,Fort Lauderdale Hollywood,FLL
North America,USA,Fort Leonard Wood,Fort Leonard Wood,TBN
North America,USA,Fort Smith Rgnl,Fort Smith Rgnl,FSM
North America,USA,Fort Wayne,Fort Wayne,FWA
North America,USA,Fort Yukon,Fort Yukon,FYU
North America,USA,Four Corners Rgnl,Four Corners Rgnl,FMN
North America,USA,Fresno Yosemite,Fresno Yosemite,FAT
North America,USA,Friday Harbor,Friday Harbor,FRD
North America,USA,Friedman Mem,Friedman Mem,SUN
North America,USA,Gainesville Rgnl,Gainesville Rgnl,GNV
North America,USA,Gallatin Field,Gallatin Field,BZN
North America,USA,Gallup Muni,Gallup Muni,GUP
North America,USA,Gambell,Gambell,GAM
North America,USA,Garden City Rgnl,Garden City Rgnl,GCK
North America,USA,General Mitchell,General Mitchell,MKE
North America,USA,George Bush Intcntl Houston,George Bush Intcntl Houston,IAH
North America,USA,Gerald R Ford,Gerald R Ford,GRR
North America,USA,Gillette-Campbell County,Gillette-Campbell County,GCC
North America,USA,Glacier Park,Glacier Park,FCA
North America,USA,Gogebic Iron County,Gogebic Iron County,IWD
North America,USA,Golovin,Golovin,GLV
North America,USA,Grand Canyon Park,Grand Canyon Park,GCN
North America,USA,Grand Canyon West,Grand Canyon West,GCW
North America,USA,Grand Forks,Grand Forks,GFK
North America,USA,Grand Junction Regional,Grand Junction Regional,GJT
North America,USA,Grant County,Grant County,SVC
North America,USA,Grayling,Grayling,KGX
North America,USA,Great Falls,Great Falls,GTF
North America,USA,Greater Binghamton Edwin A Link Fld,Greater Binghamton Edwin A Link Fld,BGM
North America,USA,Greater Rochester,Greater Rochester,ROC
North America,USA,Greenbrier Valley,Greenbrier Valley,LWB
North America,USA,Greenville-Spartanburg,Greenville-Spartanburg,GSP
North America,USA,Gulfport-Biloxi,Gulfport-Biloxi,GPT
North America,USA,Gunnison - Crested Butte,Gunnison - Crested Butte,GUC
North America,USA,Gustavus,Gustavus,GST
North America,USA,Hagerstown Regional Richard A Henson Field,Hagerstown Regional Richard A Henson Field,HGR
North America,USA,Haines,Haines,HNS
North America,USA,Hana,Hana,HNM
North America,USA,Hancock County - Bar Harbor,Hancock County - Bar Harbor,BHB
North America,USA,Hardy-Anders,Hardy-Anders,HEZ
North America,USA,Harrisburg,Harrisburg,MDT
North America,USA,Harrison Marion Regional,Harrison Marion Regional,CKB
North America,USA,Harry Reid,Harry Reid,LAS
North America,USA,Hartsfield–Jackson Atlanta,Hartsfield–Jackson Atlanta,ATL
North America,USA,Havre City Co,Havre City Co,HVR
North America,USA,Hays Regional,Hays Regional,HYS
North America,USA,Healy River,Healy River,HKB
North America,USA,Hector,Hector,FAR
North America,USA,Helena Rgnl,Helena Rgnl,HLN
North America,USA,Hilo,Hilo,ITO
North America,USA,Hilton Head,Hilton Head,HHH
North America,USA,Hollis,Hollis,HYL
North America,USA,Holy Cross,Holy Cross,HCR
North America,USA,Homer,Homer,HOM
North America,USA,Honolulu,Honolulu,HNL
North America,USA,Hoolehua,Hoolehua,MKK
North America,USA,Hoonah,Hoonah,HNH
North America,USA,Hooper Bay,Hooper Bay,HPB
North America,USA,Houghton County Memorial,Houghton County Memorial,CMX
North America,USA,Hughes,Hughes,HUS
North America,USA,Huntsville -Carl T Jones Field,Huntsville -Carl T Jones Field,HSV
North America,USA,Huslia,Huslia,HSL
North America,USA,Hydaburg Sea Plane Base,Hydaburg Sea Plane Base,HYG
North America,USA,Idaho Falls Rgnl,Idaho Falls Rgnl,IDA
North America,USA,Iliamna,Iliamna,ILI
North America,USA,Imperial Co,Imperial Co,IPL
North America,USA,Indianapolis,Indianapolis,IND
North America,USA,Ithaca Tompkins Regional,Ithaca Tompkins Regional,ITH
North America,USA,Jack Edwards,Jack Edwards,GUF
North America,USA,Jack Northrop Fld Hawthorne Muni,Jack Northrop Fld Hawthorne Muni,HHR
North America,USA,Jackson,Jackson,JAN
North America,USA,Jackson Hole,Jackson Hole,JAC
North America,USA,Jacksonville,Jacksonville,JAX
North America,USA,Jacksonville,Jacksonville,OAJ
North America,USA,Jacqueline Cochran Regional,Jacqueline Cochran Regional,TRM
North America,USA,James M Cox Dayton,James M Cox Dayton,DAY
North America,USA,Jamestown Regional,Jamestown Regional,JMS
North America,USA,John F Kennedy,John F Kennedy,JFK
North America,USA,John Murtha Johnstown-Cambria County,John Murtha Johnstown-Cambria County,JST
North America,USA,John Wayne Arpt Orange Co,John Wayne Arpt Orange Co,SNA
North America,USA,Jonesboro Muni,Jonesboro Muni,JBR
North America,USA,Joplin Rgnl,Joplin Rgnl,JLN
North America,USA,Juneau,Juneau,JNU
North America,USA,Kahului,Kahului,OGG
North America,USA,Kake Sea Plane Base,Kake Sea Plane Base,KAE
North America,USA,Kakhonak,Kakhonak,KNK
North America,USA,Kalamazoo,Kalamazoo,AZO
North America,USA,Kalaupapa,Kalaupapa,LUP
North America,USA,Kalskag,Kalskag,KLG
North America,USA,Kaltag,Kaltag,KAL
North America,USA,Kamuela,Kamuela,MUE
North America,USA,Kansas City,Kansas City,MCI
North America,USA,Kapalua,Kapalua,JHM
North America,USA,Karuluk,Karuluk,KYK
North America,USA,Kasaan,Kasaan,KXA
North America,USA,Kearney Municipal,Kearney Municipal,EAR
North America,USA,Kenai Muni,Kenai Muni,ENA
North America,USA,Ketchikan,Ketchikan,KTN
North America,USA,Ketchikan Harbor Sea Plane Base,Ketchikan Harbor Sea Plane Base,WFB
North America,USA,Key Field,Key Field,MEI
North America,USA,Key West,Key West,EYW
North America,USA,King Cove,King Cove,KVC
North America,USA,King Salmon,King Salmon,AKN
North America,USA,Kipnuk Sea Plane Base,Kipnuk Sea Plane Base,KPN
North America,USA,Kirksville Regional,Kirksville Regional,IRK
North America,USA,Kivalina,Kivalina,KVL
North America,USA,Klawock,Klawock,KLW
North America,USA,Knox County Regional,Knox County Regional,RKD
North America,USA,Kobuk,Kobuk,OBU
North America,USA,Kodiak,Kodiak,ADQ
North America,USA,Kona,Kona,KOA
North America,USA,Kongiganak,Kongiganak,KKH
North America,USA,Kotlik,Kotlik,KOT
North America,USA,Koyuk Alfred Adams,Koyuk Alfred Adams,KKA
North America,USA,Koyukuk,Koyukuk,KYU
North America,USA,Kwigillingok,Kwigillingok,KWK
North America,USA,LM Clayton,LM Clayton,OLF
North America,USA,La Crosse,La Crosse,LSE
North America,USA,La Guardia,La Guardia,LGA
North America,USA,Lafayette Rgnl,Lafayette Rgnl,LFT
North America,USA,Lake Charles Rgnl,Lake Charles Rgnl,LCH
North America,USA,Lake Minchumina,Lake Minchumina,LMA
North America,USA,Lake Union Sea Plane Base,Lake Union Sea Plane Base,LKE
North America,USA,Lakeland Linder Regional,Lakeland Linder Regional,LAL
North America,USA,Lanai City,Lanai City,LNY
North America,USA,Lancaster,Lancaster,LNS
North America,USA,Laramie Regional,Laramie Regional,LAR
North America,USA,Laredo,Laredo,LRD
North America,USA,Larsen Bay,Larsen Bay,KLN
North America,USA,Las Cruces,Las Cruces,LRU
North America,USA,Laurel,Laurel,PIB
North America,USA,Lawton-Fort Sill Regional,Lawton-Fort Sill Regional,LAW
North America,USA,Lea Co Rgnl,Lea Co Rgnl,HOB
North America,USA,Lebanon Municipal,Lebanon Municipal,LEB
North America,USA,Lehigh Valley,Lehigh Valley,ABE
North America,USA,Levelock,Levelock,KLL
North America,USA,Lewiston Nez Perce Co,Lewiston Nez Perce Co,LWS
North America,USA,Lexington,Lexington,LEX
North America,USA,Liberal Muni,Liberal Muni,LBL
North America,USA,Lihue,Lihue,LIH
North America,USA,Lincoln Muni,Lincoln Muni,LNK
North America,USA,Long Beach,Long Beach,LGB
North America,USA,Long Island Mac Arthur,Long Island Mac Arthur,ISP
North America,USA,Lopez Island,Lopez Island,LPS
North America,USA,Los Angeles,Los Angeles,LAX
North America,USA,Louis Armstrong New Orleans,Louis Armstrong New Orleans,MSY
North America,USA,Louisville,Louisville,SDF
North America,USA,Lovell Fld,Lovell Fld,CHA
North America,USA,Lubbock,Lubbock,LBB
North America,USA,Lynchburg Regional Preston Glenn Field,Lynchburg Regional Preston Glenn Field,LYH
North America,USA,Magic Valley Regional,Magic Valley Regional,TWF
North America,USA,Mahlon Sweet Fld,Mahlon Sweet Fld,EUG
North America,USA,Mammoth Yosemite,Mammoth Yosemite,MMH
North America,USA,Manchester,Manchester,MHT
North America,USA,Manhattan Reigonal,Manhattan Reigonal,MHK
North America,USA,Manistee County-Blacker,Manistee County-Blacker,MBL
North America,USA,Manokotak,Manokotak,KMO
North America,USA,Martha's Vineyard,Martha's Vineyard,MVY
North America,USA,Mason City Municipal,Mason City Municipal,MCW
North America,USA,Massena Richards Fld,Massena Richards Fld,MSS
North America,USA,Mbs,Mbs,MBS
North America,USA,Mc Allen Miller,Mc Allen Miller,MFE
North America,USA,Mc Cook,Mc Cook,MCK
North America,USA,Mc Ghee Tyson,Mc Ghee Tyson,TYS
North America,USA,Mc Kellar Sipes Rgnl,Mc Kellar Sipes Rgnl,MKL
North America,USA,McClellan-Palomar,McClellan-Palomar,CLD
North America,USA,Meadows Fld,Meadows Fld,BFL
North America,USA,Mekoryuk,Mekoryuk,MYU
North America,USA,Melbourne,Melbourne,MLB
North America,USA,Memorial Field,Memorial Field,HOT
North America,USA,Memphis,Memphis,MEM
North America,USA,Merced Municipal,Merced Municipal,MCE
North America,USA,Metlakatla,Metlakatla,MTM
North America,USA,Metropolitan Oakland,Metropolitan Oakland,OAK
North America,USA,Meyers Chuck,Meyers Chuck,WMK
North America,USA,Miami,Miami,MIA
North America,USA,Mid Delta Regional,Mid Delta Regional,GLH
North America,USA,Mid-Ohio Valley Regional,Mid-Ohio Valley Regional,PKB
North America,USA,Middle Georgia Rgnl,Middle Georgia Rgnl,MCN
North America,USA,Midland,Midland,MAF
North America,USA,Minneapolis St Paul,Minneapolis St Paul,MSP
North America,USA,Minot,Minot,MOT
North America,USA,Missoula,Missoula,MSO
North America,USA,Mobile Rgnl,Mobile Rgnl,MOB
North America,USA,Monroe Rgnl,Monroe Rgnl,MLU
North America,USA,Monterey Peninsula,Monterey Peninsula,MRY
North America,USA,Montgomery Regional,Montgomery Regional,MGM
North America,USA,Montrose,Montrose,MTJ
North America,USA,Morgantown Muni Walter L Bill Hart Fld,Morgantown Muni Walter L Bill Hart Fld,MGW
North America,USA,Mudhole Smith,Mudhole Smith,CDV
North America,USA,Muskegon County,Muskegon County,MKG
North America,USA,Myrtle Beach,Myrtle Beach,MYR
North America,USA,NW Arkansas Regional,NW Arkansas Regional,XNA
North America,USA,Nantucket Mem,Nantucket Mem,ACK
North America,USA,Nashville,Nashville,BNA
North America,USA,Natrona Co,Natrona Co,CPR
North America,USA,Naukiti,Naukiti,NKI
North America,USA,Nelson Lagoon,Nelson Lagoon,NLG
North America,USA,New Bedford Regional,New Bedford Regional,EWB
North America,USA,New Castle Co,New Castle Co,ILG
North America,USA,New Stuyahok,New Stuyahok,KNW
North America,USA,Newark Liberty,Newark Liberty,EWR
North America,USA,Newport News Williamsburg,Newport News Williamsburg,PHF
North America,USA,Niagara Falls,Niagara Falls,IAG
North America,USA,Nikolski Air Station,Nikolski Air Station,IKO
North America,USA,Noatak,Noatak,WTK
North America,USA,Nome,Nome,OME
North America,USA,Nondalton,Nondalton,NNL
North America,USA,Norfolk,Norfolk,ORF
North America,USA,Norman Y Mineta San Jose,Norman Y Mineta San Jose,SJC
North America,USA,North Platte Regional Lee Bird Field,North Platte Regional Lee Bird Field,LBF
North America,USA,Northern Maine Rgnl At Presque Isle,Northern Maine Rgnl At Presque Isle,PQI
North America,USA,Northway,Northway,ORT
North America,USA,Northwest Alabama Regional,Northwest Alabama Regional,MSL
North America,USA,Norwood Memorial,Norwood Memorial,OWD
North America,USA,Nuiqsut,Nuiqsut,NUI
North America,USA,Nulato,Nulato,NUL
North America,USA,Ogden Municipal,Ogden Municipal,OGD
North America,USA,Ogdensburg,Ogdensburg,OGS
North America,USA,Old Harbor,Old Harbor,OLH
North America,USA,Ontario,Ontario,ONT
North America,USA,Orcas Island,Orcas Island,ESD
North America,USA,Orlando,Orlando,MCO
North America,USA,Orlando Sanford,Orlando Sanford,SFB
North America,USA,Ouzinkie Sea Plane Base,Ouzinkie Sea Plane Base,KOZ
North America,USA,Owensboro Daviess County,Owensboro Daviess County,OWB
North America,USA,Page Municipal,Page Municipal,PGA
North America,USA,Palm Beach,Palm Beach,PBI
North America,USA,Palm Springs,Palm Springs,PSP
North America,USA,Panama City-NW Florida Bea.,Panama City-NW Florida Bea.,ECP
North America,USA,Pangborn Field,Pangborn Field,EAT
North America,USA,Pease Air Force Base,Pease Air Force Base,PSM
North America,USA,Pedro Bay,Pedro Bay,PDB
North America,USA,Pelican,Pelican,PEC
North America,USA,Pellston Regional of Emmet County,Pellston Regional of Emmet County,PLN
North America,USA,Pensacola Rgnl,Pensacola Rgnl,PNS
North America,USA,Peoria Regional,Peoria Regional,PIA
North America,USA,Petersburg James A. Johnson,Petersburg James A. Johnson,PSG
North America,USA,Philadelphia,Philadelphia,PHL
North America,USA,Philadelphia 30th St Station,Philadelphia 30th St Station,ZFV
North America,USA,Phoenix Sky Harbor,Phoenix Sky Harbor,PHX
North America,USA,Phoenix–Mesa Gateway,Phoenix–Mesa Gateway,AZA
North America,USA,Piedmont Triad,Piedmont Triad,GSO
North America,USA,Pierre Regional,Pierre Regional,PIR
North America,USA,Pilot Station,Pilot Station,PQS
North America,USA,Pitt-Greenville,Pitt-Greenville,PGV
North America,USA,Pittsburgh,Pittsburgh,PIT
North America,USA,Plattsburgh,Plattsburgh,PBG
North America,USA,Pocatello Regional,Pocatello Regional,PIH
North America,USA,Point Baker,Point Baker,KPB
North America,USA,Point Hope,Point Hope,PHO
North America,USA,Point Lay Lrrs,Point Lay Lrrs,PIZ
North America,USA,Port Alsworth,Port Alsworth,PTA
North America,USA,Port Columbus,Port Columbus,CMH
North America,USA,Port Lions,Port Lions,ORI
North America,USA,Port Protection,Port Protection,PPV
North America,USA,Portland,Portland,PDX
North America,USA,Portland Jetport,Portland Jetport,PWM
North America,USA,Provincetown Muni,Provincetown Muni,PVC
North America,USA,Provo Municipal,Provo Municipal,PVU
North America,USA,Pueblo,Pueblo,PUB
North America,USA,Pullman-Moscow Rgnl,Pullman-Moscow Rgnl,PUW
North America,USA,Purude University,Purude University,LAF
North America,USA,Quad City,Quad City,MLI
North America,USA,Quincy Regional Baldwin Field,Quincy Regional Baldwin Field,UIN
North America,USA,Quinhagak,Quinhagak,KWN
North America,USA,Raleigh County Memorial,Raleigh County Memorial,BKW
North America,USA,Raleigh–Durham,Raleigh–Durham,RDU
North America,USA,Ralph M Calhoun,Ralph M Calhoun,TAL
North America,USA,Ralph Wien Mem,Ralph Wien Mem,OTZ
North America,USA,Rapid City Regional,Rapid City Regional,RAP
North America,USA,Red Devil,Red Devil,RDV
North America,USA,Redding Muni,Redding Muni,RDD
North America,USA,Redmond,Redmond,RDM
North America,USA,Reno Tahoe,Reno Tahoe,RNO
North America,USA,Rhinelander Oneida County,Rhinelander Oneida County,RHI
North America,USA,Richmond,Richmond,RIC
North America,USA,Rickenbacker,Rickenbacker,LCK
North America,USA,Riverton,Riverton,RIW
North America,USA,Roanoke,Roanoke,ROA
North America,USA,Robert Curtis Memorial,Robert Curtis Memorial,ORV
North America,USA,Robert Gray Aaf,Robert Gray Aaf,GRK
North America,USA,Rochester,Rochester,RST
North America,USA,Rock Springs Sweetwater County,Rock Springs Sweetwater County,RKS
North America,USA,Rogue Valley Medford,Rogue Valley Medford,MFR
North America,USA,Ronald Reagan Washington,Ronald Reagan Washington,DCA
North America,USA,Roswell Industrial Air Center,Roswell Industrial Air Center,ROW
North America,USA,Ruby,Ruby,RBY
North America,USA,Russian Mission,Russian Mission,RSH
North America,USA,Rutland State,Rutland State,RUT
North America,USA,Sacramento,Sacramento,SMF
North America,USA,Saint Cloud Regional,Saint Cloud Regional,STC
North America,USA,Saint George Island,Saint George Island,STG
North America,USA,Saint Louis,Saint Louis,STL
North America,USA,Saint Mary's,Saint Mary's,KSM
North America,USA,Saint Michael,Saint Michael,SMK
North America,USA,Saint Paul Island,Saint Paul Island,SNP
North America,USA,Salina Municipal,Salina Municipal,SLN
North America,USA,Salisbury Ocean City Wicomico Rgnl,Salisbury Ocean City Wicomico Rgnl,SBY
North America,USA,Salt Lake City,Salt Lake City,SLC
North America,USA,San Angelo Rgnl Mathis Fld,San Angelo Rgnl Mathis Fld,SJT
North America,USA,San Antonio,San Antonio,SAT
North America,USA,San Bernardino,San Bernardino,SBD
North America,USA,San Diego,San Diego,SAN
North America,USA,San Francisco,San Francisco,SFO
North America,USA,San Luis County Regional,San Luis County Regional,SBP
North America,USA,San Luis Valley Regional,San Luis Valley Regional,ALS
North America,USA,Sand Point,Sand Point,SDP
North America,USA,Santa Barbara Muni,Santa Barbara Muni,SBA
North America,USA,Santa Fe Muni,Santa Fe Muni,SAF
North America,USA,Santa Maria Pub Cpt G Allan Hancock,Santa Maria Pub Cpt G Allan Hancock,SMX
North America,USA,Sarasota Bradenton,Sarasota Bradenton,SRQ
North America,USA,Sault Ste Marie,Sault Ste Marie,CIU
North America,USA,Savannah Hilton Head,Savannah Hilton Head,SAV
North America,USA,Savoonga,Savoonga,SVA
North America,USA,Sawyer,Sawyer,MQT
North America,USA,Scammon Bay Sea Plane Base,Scammon Bay Sea Plane Base,SCM
North America,USA,Scott Afb Midamerica,Scott Afb Midamerica,BLV
North America,USA,Searcy Field,Searcy Field,SWO
North America,USA,Seattle Tacoma,Seattle Tacoma,SEA
North America,USA,Selawik,Selawik,WLK
North America,USA,Shageluk,Shageluk,SHX
North America,USA,Shaktoolik,Shaktoolik,SKK
North America,USA,Sheldon Point,Sheldon Point,SXP
North America,USA,Shenandoah Valley Regional,Shenandoah Valley Regional,SHD
North America,USA,Sheppard Afb Wichita Falls Muni,Sheppard Afb Wichita Falls Muni,SPS
North America,USA,Sheridan County,Sheridan County,SHR
North America,USA,Shishmaref,Shishmaref,SHH
North America,USA,Show Low Regional,Show Low Regional,SOW
North America,USA,Shreveport Rgnl,Shreveport Rgnl,SHV
North America,USA,Shungnak,Shungnak,SHG
North America,USA,Sidney-Richland Municipal,Sidney-Richland Municipal,SDY
North America,USA,Sioux Falls,Sioux Falls,FSD
North America,USA,Sioux Gateway Col Bud Day Fld,Sioux Gateway Col Bud Day Fld,SUX
North America,USA,Sitka,Sitka,SIT
North America,USA,Skagway,Skagway,SGY
North America,USA,Sleetmute,Sleetmute,SLQ
North America,USA,Snohomish Co,Snohomish Co,PAE
North America,USA,South Arkansas Rgnl At Goodwin Fld,South Arkansas Rgnl At Goodwin Fld,ELD
North America,USA,South Bend Rgnl,South Bend Rgnl,SBN
North America,USA,South Naknek,South Naknek,WSN
North America,USA,Southeast Iowa Regional,Southeast Iowa Regional,BRL
North America,USA,Southeast Texas Rgnl,Southeast Texas Rgnl,BPT
North America,USA,Southwest Florida,Southwest Florida,RSW
North America,USA,Southwest Georgia Regional,Southwest Georgia Regional,ABY
North America,USA,Southwest Oregon Regional,Southwest Oregon Regional,OTH
North America,USA,Spokane,Spokane,GEG
North America,USA,Springfield Branson Natl,Springfield Branson Natl,SGF
North America,USA,St George Muni,St George Muni,SGU
North America,USA,St. Pete–Clearwater,St. Pete–Clearwater,PIE
North America,USA,State College/University Park,State College/University Park,SCE
North America,USA,Stebbins,Stebbins,WBB
North America,USA,Stevens Point/Wausau,Stevens Point/Wausau,CWA
North America,USA,Stewart,Stewart,SWF
North America,USA,Stockton Metropolitan,Stockton Metropolitan,SCK
North America,USA,Stony River 2,Stony River 2,SRV
North America,USA,Syracuse Hancock,Syracuse Hancock,SYR
North America,USA,Tallahassee Rgnl,Tallahassee Rgnl,TLH
North America,USA,Tampa,Tampa,TPA
North America,USA,Taos,Taos,TSM
North America,USA,Ted Stevens Anchorage,Ted Stevens Anchorage,ANC
North America,USA,Teller,Teller,TLA
North America,USA,Telluride,Telluride,TEX
North America,USA,Tenakee Springs,Tenakee Springs,TKE
North America,USA,Teterboro,Teterboro,TEB
North America,USA,Texarkana Rgnl Webb Fld,Texarkana Rgnl Webb Fld,TXK
North America,USA,Theodore Francis Green State,Theodore Francis Green State,PVD
North America,USA,Thief River Falls,Thief River Falls,TVF
North America,USA,Thorne Bay,Thorne Bay,KTB
North America,USA,Tin City Lrrs,Tin City Lrrs,TNC
North America,USA,Tok,Tok,TKJ
North America,USA,Toksook Bay,Toksook Bay,OOK
North America,USA,Toledo,Toledo,TOL
North America,USA,Trenton Mercer,Trenton Mercer,TTN
North America,USA,Tri Cities,Tri Cities,PSC
North America,USA,Tri State Milton J Ferguson Field,Tri State Milton J Ferguson Field,HTS
North America,USA,Tri-Cities Regional,Tri-Cities Regional,TRI
North America,USA,Tucson,Tucson,TUS
North America,USA,Tulsa,Tulsa,TUL
North America,USA,Tuntutuliak,Tuntutuliak,WTL
North America,USA,Tupelo Regional,Tupelo Regional,TUP
North America,USA,Tweed-New Haven,Tweed-New Haven,HVN
North America,USA,Tyler Pounds Rgnl,Tyler Pounds Rgnl,TYR
North America,USA,Unalakleet,Unalakleet,UNK
North America,USA,Unalaska,Unalaska,DUT
North America,USA,Valdosta Regional,Valdosta Regional,VLD
North America,USA,Valley,Valley,HRL
North America,USA,Van Nuys,Van Nuys,VNY
North America,USA,Venetie,Venetie,VEE
North America,USA,Vernal Regional,Vernal Regional,VEL
North America,USA,Vero Beach Muni,Vero Beach Muni,VRB
North America,USA,Victoria Regional,Victoria Regional,VCT
North America,USA,Waco Rgnl,Waco Rgnl,ACT
North America,USA,Wainwright,Wainwright,AIN
North America,USA,Wales,Wales,WAA
North America,USA,Walla Walla Regional,Walla Walla Regional,ALW
North America,USA,Washington Dulles,Washington Dulles,IAD
North America,USA,Waterloo Regional,Waterloo Regional,ALO
North America,USA,Watertown,Watertown,ART
North America,USA,Watertown Regional,Watertown Regional,ATY
North America,USA,Westchester Co,Westchester Co,HPN
North America,USA,Western Nebraska Regional,Western Nebraska Regional,BFF
North America,USA,Whale Pass,Whale Pass,WWP
North America,USA,White Mountain,White Mountain,WMO
North America,USA,Wichita Mid Continent,Wichita Mid Continent,ICT
North America,USA,Wiley Post Will Rogers Mem,Wiley Post Will Rogers Mem,BRW
North America,USA,Wilkes Barre Scranton,Wilkes Barre Scranton,AVP
North America,USA,Will Rogers World,Will Rogers World,OKC
North America,USA,William P. Hobby,William P. Hobby,HOU
North America,USA,Williamson Country Regional,Williamson Country Regional,MWA
North America,USA,Williamsport Rgnl,Williamsport Rgnl,IPT
North America,USA,Wilmington,Wilmington,ILM
North America,USA,Witham Field,Witham Field,SUA
North America,USA,Wokal Field Glasgow,Wokal Field Glasgow,GGW
North America,USA,Worcester Regional,Worcester Regional,ORH
North America,USA,Wrangell,Wrangell,WRG
North America,USA,Yakima Air Terminal McAllister Field,Yakima Air Terminal McAllister Field,YKM
North America,USA,Yakutat,Yakutat,YAK
North America,USA,Yampa Valley,Yampa Valley,HDN
North America,USA,Yeager,Yeager,CRW
North America,USA,Yellowstone,Yellowstone,WYS
North America,USA,Yellowstone Rgnl,Yellowstone Rgnl,COD
North America,USA,Yuma Mcas Yuma,Yuma Mcas Yuma,YUM
Oceania,Australia,Adelaide,Adelaide,ADL
Oceania,Australia,Albany,Albany,ALH
Oceania,Australia,Albury,Albury,ABX
Oceania,Australia,Alice Springs,Alice Springs,ASP
Oceania,Australia,Armidale,Armidale,ARM
Oceania,Australia,Aurukun,Aurukun,AUU
Oceania,Australia,Avalon,Avalon,AVV
Oceania,Australia,Ayers Rock,Ayers Rock,AYQ
Oceania,Australia,Badu Island,Badu Island,BDD
Oceania,Australia,Balgo Hills,Balgo Hills,BQW
Oceania,Australia,Ballera,Ballera,BBL
Oceania,Australia,Ballina,Ballina,BNK
Oceania,Australia,Bamaga,Bamaga,ABM
Oceania,Australia,Barcaldine,Barcaldine,BCI
Oceania,Australia,Bedourie,Bedourie,BEU
Oceania,Australia,Bendigo,Bendigo,BXG
Oceania,Australia,Biloela,Biloela,ZBL
Oceania,Australia,Birdsville,Birdsville,BVI
Oceania,Australia,Blackall,Blackall,BKQ
Oceania,Australia,Boigu Island,Boigu Island,GIC
Oceania,Australia,Boulia,Boulia,BQL
Oceania,Australia,Bourke,Bourke,BRK
Oceania,Australia,Brisbane,Brisbane,BNE
Oceania,Australia,Brisbane West Wellcamp,Brisbane West Wellcamp,WTB
Oceania,Australia,Broken Hill,Broken Hill,BHQ
Oceania,Australia,Broome,Broome,BME
Oceania,Australia,Bundaberg,Bundaberg,BDB
Oceania,Australia,Burketown,Burketown,BUC
Oceania,Australia,Busselton,Busselton,BQB
Oceania,Australia,Cairns,Cairns,CNS
Oceania,Australia,Canberra,Canberra,CBR
Oceania,Australia,Carnarvon,Carnarvon,CVQ
Oceania,Australia,Cedun,Cedun,CED
Oceania,Australia,Charleville,Charleville,CTL
Oceania,Australia,Cloncurry,Cloncurry,CNJ
Oceania,Australia,Cobar,Cobar,CAZ
Oceania,Australia,Coconut Island,Coconut Island,CNC
Oceania,Australia,Coen,Coen,CUQ
Oceania,Australia,Coffs Harbor,Coffs Harbor,CFS
Oceania,Australia,Coober Pedy,Coober Pedy,CPD
Oceania,Australia,Cooktown,Cooktown,CTN
Oceania,Australia,Cunnamulla,Cunnamulla,CMA
Oceania,Australia,Darnley Island,Darnley Island,NLF
Oceania,Australia,Darwin,Darwin,DRW
Oceania,Australia,Derby,Derby,DRB
Oceania,Australia,Devonport,Devonport,DPO
Oceania,Australia,Doomadgee,Doomadgee,DMD
Oceania,Australia,Dubbo City Regional,Dubbo City Regional,DBO
Oceania,Australia,Edward River,Edward River,EDR
Oceania,Australia,Elcho Island,Elcho Island,ELC
Oceania,Australia,Emerald,Emerald,EMD
Oceania,Australia,Esperance,Esperance,EPR
Oceania,Australia,Fitzroy Crossing,Fitzroy Crossing,FIZ
Oceania,Australia,Flinders Island,Flinders Island,FLS
Oceania,Australia,Geraldton,Geraldton,GET
Oceania,Australia,Gladstone,Gladstone,GLT
Oceania,Australia,Gold Coast,Gold Coast,OOL
Oceania,Australia,Gove,Gove,GOV
Oceania,Australia,Griffith,Griffith,GFF
Oceania,Australia,Groofe Eylandt,Groofe Eylandt,GTE
Oceania,Australia,Halls Creek,Halls Creek,HCQ
Oceania,Australia,Hamilton Island,Hamilton Island,HTI
Oceania,Australia,Hervey Bay,Hervey Bay,HVB
Oceania,Australia,Hobart,Hobart,HBA
Oceania,Australia,Horn Island,Horn Island,HID
Oceania,Australia,Hughenden,Hughenden,HGD
Oceania,Australia,Illawara,Illawara,WOL
Oceania,Australia,Inverell,Inverell,IVR
Oceania,Australia,Julia Creek,Julia Creek,JCK
Oceania,Australia,Kalgoorlie,Kalgoorlie,KGI
Oceania,Australia,Kalumburu,Kalumburu,UBU
Oceania,Australia,Karratha,Karratha,KTA
Oceania,Australia,Karumba,Karumba,KRB
Oceania,Australia,Kens Bore,Kens Bore,KYB
Oceania,Australia,King Island,King Island,KNS
Oceania,Australia,Kingscote,Kingscote,KGC
Oceania,Australia,Kingsford Smith,Kingsford Smith,SYD
Oceania,Australia,Kowanyama,Kowanyama,KWM
Oceania,Australia,Kubin,Kubin,KUG
Oceania,Australia,Kununurra,Kununurra,KNX
Oceania,Australia,Launceston,Launceston,LST
Oceania,Australia,Laverton,Laverton,LVO
Oceania,Australia,Learmonth,Learmonth,LEA
Oceania,Australia,Leonora,Leonora,LNO
Oceania,Australia,Lightning Ridge,Lightning Ridge,LHG
Oceania,Australia,Lockhart River,Lockhart River,IRG
Oceania,Australia,Longreach,Longreach,LRE
Oceania,Australia,Lord Howe Island,Lord Howe Island,LDH
Oceania,Australia,Mabuiag Island,Mabuiag Island,UBB
Oceania,Australia,Mackay,Mackay,MKY
Oceania,Australia,Maningrioa,Maningrioa,MNG
Oceania,Australia,Maroochydore Sunshine Coast,Maroochydore Sunshine Coast,MCY
Oceania,Australia,Mcarthur River,Mcarthur River,MCV
Oceania,Australia,Meekatharra,Meekatharra,MKR
Oceania,Australia,Melbourne,Melbourne,MEL
Oceania,Australia,Melbourne Essendon,Melbourne Essendon,MEB
Oceania,Australia,Merimbula,Merimbula,MIM
Oceania,Australia,Mildura,Mildura,MQL
Oceania,Australia,Miles,Miles,WLE
Oceania,Australia,Milingimbi,Milingimbi,MGT
Oceania,Australia,Monkey Mia,Monkey Mia,MJK
Oceania,Australia,Moomba,Moomba,MOO
Oceania,Australia,Moranbah,Moranbah,MOV
Oceania,Australia,Moree,Moree,MRZ
Oceania,Australia,Mornington,Mornington,ONG
Oceania,Australia,Moruya,Moruya,MYA
Oceania,Australia,Mount Gambier,Mount Gambier,MGB
Oceania,Australia,Mount Isa,Mount Isa,ISA
Oceania,Australia,Mount Magnet,Mount Magnet,MMG
Oceania,Australia,Murray Island,Murray Island,MYI
Oceania,Australia,Narrabri,Narrabri,NAA
Oceania,Australia,Narrandera,Narrandera,NRA
Oceania,Australia,Newcastle,Newcastle,NTL
Oceania,Australia,Newman,Newman,ZNE
Oceania,Australia,Normanton,Normanton,NTN
Oceania,Australia,Olympic Dam,Olympic Dam,OLP
Oceania,Australia,Onslow,Onslow,ONS
Oceania,Australia,Orange,Orange,OAG
Oceania,Australia,Palm Island,Palm Island,PMK
Oceania,Australia,Paraburdoo,Paraburdoo,PBO
Oceania,Australia,Parkes,Parkes,PKE
Oceania,Australia,Perth,Perth,PER
Oceania,Australia,Port Hedland,Port Hedland,PHE
Oceania,Australia,Port Lincoln,Port Lincoln,PLO
Oceania,Australia,Port Macquarie,Port Macquarie,PQQ
Oceania,Australia,Proserpine,Proserpine,PPP
Oceania,Australia,Quipi,Quipi,ULP
Oceania,Australia,Richmond,Richmond,RCM
Oceania,Australia,Rockhampton,Rockhampton,ROK
Oceania,Australia,Roma,Roma,RMA
Oceania,Australia,Saibai Island,Saibai Island,SBR
Oceania,Australia,St. George,St. George,SGO
Oceania,Australia,Tamworth,Tamworth,TMW
Oceania,Australia,Tennant Creek,Tennant Creek,TCA
Oceania,Australia,Thargomindah,Thargomindah,XTG
Oceania,Australia,Tindal,Tindal,KTR
Oceania,Australia,Townsville,Townsville,TSV
Oceania,Australia,Wagga Wagga,Wagga Wagga,WGA
Oceania,Australia,Walgett,Walgett,WGE
Oceania,Australia,Warraber Island,Warraber Island,SYU
Oceania,Australia,Weipa,Weipa,WEI
Oceania,Australia,Whyalla,Whyalla,WYA
Oceania,Australia,Wiluna,Wiluna,WUN
Oceania,Australia,Windarra,Windarra,WNR
Oceania,Australia,Winton,Winton,WIN
Oceania,Australia,Wodgina,Wodgina,GYB
Oceania,Australia,Wynyard,Wynyard,BWT
Oceania,Australia,Yam Island,Yam Island,XMY
Oceania,Australia,Yorke Island,Yorke Island,OKR
Oceania,Cocos (K) I.,Cocos Islands,Cocos Islands,CCK
Oceania,Cook Islands,Aitutaki,Aitutaki,AIT
Oceania,Cook Islands,Rarotonga,Rarotonga,RAR
Oceania,Fiji,Cicia,Cicia,ICI
Oceania,Fiji,Koro Island,Koro Island,KXF
Oceania,Fiji,Labasa,Labasa,LBS
Oceania,Fiji,Lakeba Island,Lakeba Island,LKB
Oceania,Fiji,Nadi,Nadi,NAN
Oceania,Fiji,Nausori,Nausori,SUV
Oceania,Fiji,Rotuma Island,Rotuma Island,RTA
Oceania,Fiji,Savusavu,Savusavu,SVU
Oceania,Fiji,Taveuni,Taveuni,TVU
Oceania,Fiji,Vanuabalavu,Vanuabalavu,VBV
Oceania,Fiji,Vunisea,Vunisea,KDV
Oceania,French Polynesia,Ahe,Ahe,AHE
Oceania,French Polynesia,Anaa,Anaa,AAA
Oceania,French Polynesia,Apataki,Apataki,APK
Oceania,French Polynesia,Aratika-Nord,Aratika-Nord,RKA
Oceania,French Polynesia,Arutua,Arutua,AXR
Oceania,French Polynesia,Atuona,Atuona,AUQ
Oceania,French Polynesia,Bora Bora,Bora Bora,BOB
Oceania,French Polynesia,Faa\\'a,Faa\\'a,PPT
Oceania,French Polynesia,Faaite,Faaite,FAC
Oceania,French Polynesia,Fakahina,Fakahina,FHZ
Oceania,French Polynesia,Fakarava,Fakarava,FAV
Oceania,French Polynesia,Fangatau,Fangatau,FGU
Oceania,French Polynesia,Gambier Island,Gambier Island,GMR
Oceania,French Polynesia,Hao Island,Hao Island,HOI
Oceania,French Polynesia,Hikueru,Hikueru,HHZ
Oceania,French Polynesia,Huahine,Huahine,HUH
Oceania,French Polynesia,Katiu,Katiu,KXU
Oceania,French Polynesia,Kauehi,Kauehi,KHZ
Oceania,French Polynesia,Kaukura Atoll,Kaukura Atoll,KKR
Oceania,French Polynesia,Makemo,Makemo,MKP
Oceania,French Polynesia,Manihi,Manihi,XMH
Oceania,French Polynesia,Mataiva,Mataiva,MVT
Oceania,French Polynesia,Maupiti,Maupiti,MAU
Oceania,French Polynesia,Moorea,Moorea,MOZ
Oceania,French Polynesia,Napuka Island,Napuka Island,NAU
Oceania,French Polynesia,Niau,Niau,NIU
Oceania,French Polynesia,Nuku Hiva,Nuku Hiva,NHV
Oceania,French Polynesia,Nukutavake,Nukutavake,NUK
Oceania,French Polynesia,Puka Puka,Puka Puka,PKP
Oceania,French Polynesia,Pukarua,Pukarua,PUK
Oceania,French Polynesia,Raiatea,Raiatea,RFP
Oceania,French Polynesia,Raivavae,Raivavae,RVV
Oceania,French Polynesia,Rangiroa,Rangiroa,RGI
Oceania,French Polynesia,Raroia,Raroia,RRR
Oceania,French Polynesia,Reao,Reao,REA
Oceania,French Polynesia,Rimatara,Rimatara,RMT
Oceania,French Polynesia,Rorutu,Rorutu,RUR
Oceania,French Polynesia,Takapoto,Takapoto,TKP
Oceania,French Polynesia,Takaroa,Takaroa,TKX
Oceania,French Polynesia,Takume,Takume,TJN
Oceania,French Polynesia,Tikehau Atoll,Tikehau Atoll,TIH
Oceania,French Polynesia,Tuamoto,Tuamoto,TKV
Oceania,French Polynesia,Tubuai,Tubuai,TUB
Oceania,French Polynesia,Tureira,Tureira,ZTA
Oceania,French Polynesia,Ua Huka,Ua Huka,UAH
Oceania,French Polynesia,Ua Pou,Ua Pou,UAP
Oceania,French Polynesia,Vahitahi,Vahitahi,VHZ
Oceania,Guam,Guam,Guam,GUM
Oceania,Kiribati,Abaiang,Abaiang,ABF
Oceania,Kiribati,Abemama Atoll,Abemama Atoll,AEA
Oceania,Kiribati,Aranuka,Aranuka,AAK
Oceania,Kiribati,Arorae Island,Arorae Island,AIS
Oceania,Kiribati,Beru,Beru,BEZ
Oceania,Kiribati,Bonriki,Bonriki,TRW
Oceania,Kiribati,Butaritari Atoll,Butaritari Atoll,BBG
Oceania,Kiribati,Christmas Island,Christmas Island,CXI
Oceania,Kiribati,Fanning Island,Fanning Island,TNV
Oceania,Kiribati,Kuria,Kuria,KUC
Oceania,Kiribati,Maiana,Maiana,MNK
Oceania,Kiribati,Makin Island,Makin Island,MTK
Oceania,Kiribati,Marakei,Marakei,MZK
Oceania,Kiribati,Nikunau,Nikunau,NIG
Oceania,Kiribati,Nonouti,Nonouti,NON
Oceania,Kiribati,Onotoa,Onotoa,OOT
Oceania,Kiribati,Tabiteuea,Tabiteuea,TBF
Oceania,Kiribati,Tabiteuea South,Tabiteuea South,TSU
Oceania,Kiribati,Tamana Island,Tamana Island,TMN
Oceania,Kiribati,Washington Island,Washington Island,TNQ
Oceania,Marshall Islands,Kwajalein,Kwajalein,KWA
Oceania,Marshall Islands,Marshall Islands,Marshall Islands,MAJ
Oceania,Micronesia,Kosrae,Kosrae,KSA
Oceania,Micronesia,Pohnpei,Pohnpei,PNI
Oceania,Micronesia,Truk,Truk,TKK
Oceania,Micronesia,Yap,Yap,YAP
Oceania,New Caledonia,Ile Des Pins,Ile Des Pins,ILP
Oceania,New Caledonia,La Tontouta,La Tontouta,NOU
Oceania,New Caledonia,Lifou,Lifou,LIF
Oceania,New Caledonia,Mare,Mare,MEE
Oceania,New Caledonia,Noumea Magenta,Noumea Magenta,GEA
Oceania,New Caledonia,Ouvea,Ouvea,UVE
Oceania,New Zealand,Auckland,Auckland,AKL
Oceania,New Zealand,Christchurch,Christchurch,CHC
Oceania,New Zealand,Dunedin,Dunedin,DUD
Oceania,New Zealand,Gisborne,Gisborne,GIS
Oceania,New Zealand,Hamilton,Hamilton,HLZ
Oceania,New Zealand,Hokitika,Hokitika,HKK
Oceania,New Zealand,Invercargill,Invercargill,IVC
Oceania,New Zealand,Karewa,Karewa,CHT
Oceania,New Zealand,Kerikeri,Kerikeri,KKE
Oceania,New Zealand,Napier,Napier,NPE
Oceania,New Zealand,Nelson,Nelson,NSN
Oceania,New Zealand,New Plymouth,New Plymouth,NPL
Oceania,New Zealand,Palmerston North,Palmerston North,PMR
Oceania,New Zealand,Paraparaumu,Paraparaumu,PPQ
Oceania,New Zealand,Picton Aerodrome,Picton Aerodrome,PCN
Oceania,New Zealand,Queenstown,Queenstown,ZQN
Oceania,New Zealand,Rotorua,Rotorua,ROT
Oceania,New Zealand,Taupo,Taupo,TUO
Oceania,New Zealand,Tauranga City,Tauranga City,TRG
Oceania,New Zealand,Timaru,Timaru,TIU
Oceania,New Zealand,Wanganui,Wanganui,WAG
Oceania,New Zealand,Wellington,Wellington,WLG
Oceania,New Zealand,Whakatane,Whakatane,WHK
Oceania,New Zealand,Whangarei,Whangarei,WRE
Oceania,New Zealand,Woodbourne,Woodbourne,BHE
Oceania,Niue,Niue,Niue,IUE
Oceania,Norfolk Island,Norfolk Island,Norfolk Island,NLK
Oceania,Northern Mariana Islands,Rota,Rota,ROP
Oceania,Northern Mariana Islands,Saipan,Saipan,SPN
Oceania,Northern Mariana Islands,Tinian,Tinian,TIQ
Oceania,Palau,Koror,Koror,ROR
Oceania,Papua New Guinea,Alotau,Alotau,GUR
Oceania,Papua New Guinea,Buka,Buka,BUA
Oceania,Papua New Guinea,Daru,Daru,DAU
Oceania,Papua New Guinea,Goroka,Goroka,GKA
Oceania,Papua New Guinea,Kavieng,Kavieng,KVG
Oceania,Papua New Guinea,Kimbe,Kimbe,HKN
Oceania,Papua New Guinea,Kineshma,Kineshma,KIE
Oceania,Papua New Guinea,Kiunga,Kiunga,UNG
Oceania,Papua New Guinea,Lablab,Lablab,LAB
Oceania,Papua New Guinea,Madang,Madang,MAG
Oceania,Papua New Guinea,Manus Island,Manus Island,MAS
Oceania,Papua New Guinea,Mendi,Mendi,MDU
Oceania,Papua New Guinea,Moro,Moro,MXH
Oceania,Papua New Guinea,Mount Hagen,Mount Hagen,HGU
Oceania,Papua New Guinea,Nadzab,Nadzab,LAE
Oceania,Papua New Guinea,Popondetta,Popondetta,PNP
Oceania,Papua New Guinea,Port Moresby Jacksons,Port Moresby Jacksons,POM
Oceania,Papua New Guinea,Tabubil,Tabubil,TBG
Oceania,Papua New Guinea,Tari,Tari,TIZ
Oceania,Papua New Guinea,Tokua,Tokua,RAB
Oceania,Papua New Guinea,Vanimo,Vanimo,VAI
Oceania,Papua New Guinea,Wapenamanda,Wapenamanda,WBM
Oceania,Papua New Guinea,Wewak,Wewak,WWK
Oceania,Samoa,Fagali I,Fagali I,FGI
Oceania,Samoa,Faleolo,Faleolo,APW
Oceania,Solomon Islands,Auki,Auki,AKS
Oceania,Solomon Islands,Balalae,Balalae,BAS
Oceania,Solomon Islands,Barakoma,Barakoma,VEV
Oceania,Solomon Islands,Bellona,Bellona,BNY
Oceania,Solomon Islands,Choiseul Bay,Choiseul Bay,CHY
Oceania,Solomon Islands,Fera Island,Fera Island,FRE
Oceania,Solomon Islands,Honiara,Honiara,HIR
Oceania,Solomon Islands,Kaghau Island,Kaghau Island,KGE
Oceania,Solomon Islands,Lomlom,Lomlom,LLM
Oceania,Solomon Islands,Mono,Mono,MNY
Oceania,Solomon Islands,Munda,Munda,MUA
Oceania,Solomon Islands,Ngorangora,Ngorangora,IRA
Oceania,Solomon Islands,Nusatupe,Nusatupe,GZO
Oceania,Solomon Islands,Parasi,Parasi,PRS
Oceania,Solomon Islands,Ramato,Ramato,RBV
Oceania,Solomon Islands,Rennell,Rennell,RNL
Oceania,Solomon Islands,Santa Ana,Santa Ana,NNB
Oceania,Solomon Islands,Santa Cruz Island,Santa Cruz Island,SCZ
Oceania,Solomon Islands,Sege,Sege,EGM
Oceania,Solomon Islands,Suavanao,Suavanao,VAO
Oceania,Solomon Islands,Ulawa,Ulawa,RNA
Oceania,Tonga,HaApa,HaApa,HPA
Oceania,Tonga,Kaufana,Kaufana,EUA
Oceania,Tonga,Mata'aho,Mata'aho,NFO
Oceania,Tonga,Niuatoputapu,Niuatoputapu,NTT
Oceania,Tonga,Nuku'Alofa,Nuku'Alofa,TBU
Oceania,Tonga,Vava'u,Vava'u,VAV
Oceania,Tuvalu,Funafuti,Funafuti,FUN
Oceania,Vanuatu,Anelghowhat,Anelghowhat,AUY
Oceania,Vanuatu,Craig Cove,Craig Cove,CCV
Oceania,Vanuatu,Gaua,Gaua,ZGU
Oceania,Vanuatu,Lamap,Lamap,LPM
Oceania,Vanuatu,Lamen Bay,Lamen Bay,LNB
Oceania,Vanuatu,Longana,Longana,LOD
Oceania,Vanuatu,Lonorore,Lonorore,LNE
Oceania,Vanuatu,Maewo,Maewo,MWF
Oceania,Vanuatu,Mota Lava,Mota Lava,MTV
Oceania,Vanuatu,Norsup,Norsup,NUS
Oceania,Vanuatu,Port Vila Bauerfield,Port Vila Bauerfield,VLI
Oceania,Vanuatu,Santo,Santo,SON
Oceania,Vanuatu,Sara,Sara,SSR
Oceania,Vanuatu,Sola,Sola,SLH
Oceania,Vanuatu,Tanna,Tanna,TAH
Oceania,Vanuatu,Torres,Torres,TOH
Oceania,Vanuatu,Walaha,Walaha,WLH
South America,Argentina,Aeroparque Jorge Newbery,Aeroparque Jorge Newbery,AEP
South America,Argentina,Aeropuerto Internacional Valle del Conlara,Aeropuerto Internacional Valle del Conlara,RLO
South America,Argentina,Almirante Zar,Almirante Zar,REL
South America,Argentina,Ambrosio L V Taravella,Ambrosio L V Taravella,COR
South America,Argentina,Catamarca,Catamarca,CTC
South America,Argentina,Comandante Espora,Comandante Espora,BHI
South America,Argentina,Comodoro Rivadavia,Comodoro Rivadavia,CRD
South America,Argentina,Corrientes,Corrientes,CNQ
South America,Argentina,El Calafate,El Calafate,FTE
South America,Argentina,El Plumerillo,El Plumerillo,MDZ
South America,Argentina,El Tehuelche,El Tehuelche,PMY
South America,Argentina,Esquel,Esquel,EQS
South America,Argentina,Formosa,Formosa,FMA
South America,Argentina,General Pico,General Pico,GPO
South America,Argentina,General Urquiza,General Urquiza,PRA
South America,Argentina,Gobernador Castello,Gobernador Castello,VDM
South America,Argentina,Iguazu,Iguazu,IGR
South America,Argentina,Jujuy,Jujuy,JUJ
South America,Argentina,La Rioja,La Rioja,IRJ
South America,Argentina,Mar Del Plata,Mar Del Plata,MDQ
South America,Argentina,Ministro Pistarini,Ministro Pistarini,EZE
South America,Argentina,Posadas,Posadas,PSS
South America,Argentina,Presidente Peron,Presidente Peron,NQN
South America,Argentina,Resistencia,Resistencia,RES
South America,Argentina,Rio Cuarto Area De Material,Rio Cuarto Area De Material,RCU
South America,Argentina,Rio Gallegos,Rio Gallegos,RGL
South America,Argentina,Rio Grande,Rio Grande,RGA
South America,Argentina,Rio Hondo,Rio Hondo,RHD
South America,Argentina,Rosario,Rosario,ROS
South America,Argentina,Salta,Salta,SLA
South America,Argentina,San Carlos,San Carlos,BRC
South America,Argentina,San Juan,San Juan,UAQ
South America,Argentina,San Luis,San Luis,LUQ
South America,Argentina,San Martin De Los Andes,San Martin De Los Andes,CPC
South America,Argentina,San Rafael,San Rafael,AFA
South America,Argentina,Santa Rosa,Santa Rosa,RSA
South America,Argentina,Santiago Del Estero,Santiago Del Estero,SDE
South America,Argentina,Sauce Viejo,Sauce Viejo,SFN
South America,Argentina,Teniente Benjamin Matienzo,Teniente Benjamin Matienzo,TUC
South America,Argentina,Ushuaia Malvinas Argentinas,Ushuaia Malvinas Argentinas,USH
South America,Bolivia,Cap De Av Emilio Beltran,Cap De Av Emilio Beltran,GYA
South America,Bolivia,Cap De Av Selin Zeitun Lopez,Cap De Av Selin Zeitun Lopez,RIB
South America,Bolivia,Capitan Anibal Arab,Capitan Anibal Arab,CIJ
South America,Bolivia,Capitan Oriel Lea Plaza,Capitan Oriel Lea Plaza,TJA
South America,Bolivia,El Alto,El Alto,LPB
South America,Bolivia,Jorge Wilsterman,Jorge Wilsterman,CBB
South America,Bolivia,Juan Mendoza,Juan Mendoza,ORU
South America,Bolivia,Juana Azurduy De Padilla,Juana Azurduy De Padilla,SRE
South America,Bolivia,Rurrenabaque,Rurrenabaque,RBQ
South America,Bolivia,Santa Cruz,Santa Cruz,VVI
South America,Bolivia,Tte Av Jorge Henrich Arauz,Tte Av Jorge Henrich Arauz,TDD
South America,Bolivia,Uyuni,Uyuni,UYU
South America,Brazil,. Pres. Castro Pinto,. Pres. Castro Pinto,JPA
South America,Brazil,A. De Barros,A. De Barros,PPB
South America,Brazil,Aeroporto Brigadeiro Firmino Ayres,Aeroporto Brigadeiro Firmino Ayres,JPO
South America,Brazil,Aeroporto Municipal de Salinas,Aeroporto Municipal de Salinas,IAL
South America,Brazil,Aeroporto de Porto Seguro,Aeroporto de Porto Seguro,BPS
South America,Brazil,Afonso Pena,Afonso Pena,CWB
South America,Brazil,Alta Floresta,Alta Floresta,AFL
South America,Brazil,Altamira,Altamira,ATM
South America,Brazil,Aracatuba,Aracatuba,ARU
South America,Brazil,Araguaina,Araguaina,AUX
South America,Brazil,Araraquara,Araraquara,AQA
South America,Brazil,Araripina,Araripina,JAW
South America,Brazil,Araxa,Araxa,AAX
South America,Brazil,Aripuana,Aripuana,AIR
South America,Brazil,Augusto Severo,Augusto Severo,NAT
South America,Brazil,Barcelos,Barcelos,BAZ
South America,Brazil,Barra Do Garcas,Barra Do Garcas,BPG
South America,Brazil,Barreiras,Barreiras,BRA
South America,Brazil,Barretos,Barretos,BAT
South America,Brazil,Bauru-Arealva,Bauru-Arealva,JTC
South America,Brazil,Belo Horizonte,Belo Horizonte,CNF
South America,Brazil,Boa Vista,Boa Vista,BVB
South America,Brazil,Bonito,Bonito,BYO
South America,Brazil,Borba,Borba,RBB
South America,Brazil,Breves,Breves,BVS
South America,Brazil,Cabo Frio,Cabo Frio,CFB
South America,Brazil,Cachimbo,Cachimbo,ITB
South America,Brazil,Cacoal,Cacoal,OAL
South America,Brazil,Cajazeiras,Cajazeiras,CJZ
South America,Brazil,Caldas Novas,Caldas Novas,CLV
South America,Brazil,Campo Dos Bugres,Campo Dos Bugres,CXJ
South America,Brazil,Campo Grande,Campo Grande,CGR
South America,Brazil,Carajas,Carajas,CKS
South America,Brazil,Caruaru,Caruaru,CAU
South America,Brazil,Cascavel,Cascavel,CAC
South America,Brazil,Cataratas,Cataratas,IGU
South America,Brazil,Chapeco,Chapeco,XAP
South America,Brazil,Coari,Coari,CIZ
South America,Brazil,Congonhas,Congonhas,CGH
South America,Brazil,Coronel Horacio de Mattos,Coronel Horacio de Mattos,LEC
South America,Brazil,Corumba,Corumba,CMG
South America,Brazil,Cruzeiro Do Sul,Cruzeiro Do Sul,CZS
South America,Brazil,Deputado Luis Eduardo Magalhaes,Deputado Luis Eduardo Magalhaes,SSA
South America,Brazil,Divinopolis,Divinopolis,DIQ
South America,Brazil,Dourados,Dourados,DOU
South America,Brazil,Eduardo Gomes,Eduardo Gomes,MAO
South America,Brazil,Fabio Perini,Fabio Perini,PBA
South America,Brazil,Fernando De Noronha,Fernando De Noronha,FEN
South America,Brazil,Fortaleza,Fortaleza,FOR
South America,Brazil,Franca,Franca,FRC
South America,Brazil,Galeao Antonio Carlos Jobim,Galeao Antonio Carlos Jobim,GIG
South America,Brazil,Garanhuns,Garanhuns,QGP
South America,Brazil,Glauber Rocha,Glauber Rocha,VDC
South America,Brazil,Goiabeiras,Goiabeiras,VIX
South America,Brazil,Governador Jorge Teixeira De Oliveira,Governador Jorge Teixeira De Oliveira,PVH
South America,Brazil,Governador Valadares,Governador Valadares,GVR
South America,Brazil,Guaira,Guaira,GGJ
South America,Brazil,Guanambi,Guanambi,GNM
South America,Brazil,Guararapes,Guararapes,REC
South America,Brazil,Hercilio Luz,Hercilio Luz,FLN
South America,Brazil,Humberto Bortoluzzi Regional,Humberto Bortoluzzi Regional,JJG
South America,Brazil,Ilheus,Ilheus,IOS
South America,Brazil,Imperatriz,Imperatriz,IMP
South America,Brazil,Jacarepagua-Roberto Marinho,Jacarepagua-Roberto Marinho,RRJ
South America,Brazil,Jericoacoara,Jericoacoara,JJD
South America,Brazil,Ji-Parana,Ji-Parana,JPR
South America,Brazil,Julio Belem,Julio Belem,PIN
South America,Brazil,Juvenal Loureiro Cardoso,Juvenal Loureiro Cardoso,PTO
South America,Brazil,Labrea,Labrea,LBR
South America,Brazil,Lauro Carneiro de Loyola,Lauro Carneiro de Loyola,JOI
South America,Brazil,Lauro Kurtz,Lauro Kurtz,PFB
South America,Brazil,Leite Lopes,Leite Lopes,RAO
South America,Brazil,Linhares Municipal,Linhares Municipal,LHN
South America,Brazil,Londrina,Londrina,LDB
South America,Brazil,Lorenzo,Lorenzo,MXQ
South America,Brazil,Macapa,Macapa,MCP
South America,Brazil,Major Brigadeiro Trompowsky,Major Brigadeiro Trompowsky,VAG
South America,Brazil,Manhuacu Elias Breder,Manhuacu Elias Breder,JMA
South America,Brazil,Manicore,Manicore,MNX
South America,Brazil,Maraba,Maraba,MAB
South America,Brazil,Marechal Cunha Machado,Marechal Cunha Machado,SLZ
South America,Brazil,Marechal Rondon,Marechal Rondon,CGB
South America,Brazil,Marilia,Marilia,MII
South America,Brazil,Maringa,Maringa,MGF
South America,Brazil,Maues,Maues,MBZ
South America,Brazil,Monte Dourado,Monte Dourado,MEU
South America,Brazil,Montes Claros,Montes Claros,MOC
South America,Brazil,Navegantes Itajai,Navegantes Itajai,NVT
South America,Brazil,Orlando Bezerra de Menezes,Orlando Bezerra de Menezes,JDO
South America,Brazil,Orlando de Carvalho,Orlando de Carvalho,UMU
South America,Brazil,Ourilandia,Ourilandia,OIA
South America,Brazil,Palmas,Palmas,PMW
South America,Brazil,Paracatu,Paracatu,PYT
South America,Brazil,Paragominas,Paragominas,JPE
South America,Brazil,Parnaiba,Parnaiba,PHB
South America,Brazil,Patos de Minas,Patos de Minas,POJ
South America,Brazil,Pelotas,Pelotas,PET
South America,Brazil,Petrolina,Petrolina,PNZ
South America,Brazil,Ponta Pora,Ponta Pora,PMG
South America,Brazil,Porto de Moz,Porto de Moz,PTQ
South America,Brazil,Pres. Medici,Pres. Medici,RBR
South America,Brazil,Presidente Joao Suassuna,Presidente Joao Suassuna,CPV
South America,Brazil,Presidente Juscelino Kubitschek,Presidente Juscelino Kubitschek,BSB
South America,Brazil,Professor Urbano Ernesto Stumpf,Professor Urbano Ernesto Stumpf,SJK
South America,Brazil,Reg do Planalto Serrano,Reg do Planalto Serrano,EEA
South America,Brazil,Rondonopolis,Rondonopolis,ROO
South America,Brazil,Rubem Berta,Rubem Berta,URG
South America,Brazil,Salgado Filho,Salgado Filho,POA
South America,Brazil,Salinopolis,Salinopolis,OPP
South America,Brazil,Santa Genoveva,Santa Genoveva,GYN
South America,Brazil,Santa Magalhaes,Santa Magalhaes,SET
South America,Brazil,Santa Maria,Santa Maria,AJU
South America,Brazil,Santa Maria,Santa Maria,RIA
South America,Brazil,Santa Maria,Santa Maria,STM
South America,Brazil,Santo Angelo,Santo Angelo,GEL
South America,Brazil,Santos Dumont,Santos Dumont,SDU
South America,Brazil,Sao Gabriel da Cachoeira,Sao Gabriel da Cachoeira,SJL
South America,Brazil,Sao Jose Do Rio Preto,Sao Jose Do Rio Preto,SJP
South America,Brazil,Senador Petronio Portella,Senador Petronio Portella,THE
South America,Brazil,Sinop,Sinop,OPS
South America,Brazil,Sorisso,Sorisso,SMT
South America,Brazil,São Paulo/Guarulhos,São Paulo/Guarulhos,GRU
South America,Brazil,Tabatinga,Tabatinga,TBT
South America,Brazil,Tefe,Tefe,TFF
South America,Brazil,Telemaco Borba,Telemaco Borba,TEC
South America,Brazil,Teofilo Otoni,Teofilo Otoni,TFL
South America,Brazil,Trombetas,Trombetas,TMT
South America,Brazil,Tucurui,Tucurui,TUR
South America,Brazil,Uberaba,Uberaba,UBA
South America,Brazil,Uberlandia,Uberlandia,UDI
South America,Brazil,Una-Comandatuba,Una-Comandatuba,UNA
South America,Brazil,Uniao da Vitoria,Uniao da Vitoria,UVI
South America,Brazil,Usiminas,Usiminas,IPN
South America,Brazil,Val De Caes,Val De Caes,BEL
South America,Brazil,Vilhena,Vilhena,BVH
South America,Brazil,Viracopos,Viracopos,VCP
South America,Brazil,Zona da Mata Regional,Zona da Mata Regional,IZA
South America,Brazil,Zumbi Dos Palmares,Zumbi Dos Palmares,MCZ
South America,Chile,Aeropuerto Capitan Fuentes Martinez,Aeropuerto Capitan Fuentes Martinez,WPR
South America,Chile,Arturo Merino Benítez,Arturo Merino Benítez,SCL
South America,Chile,Balmaceda,Balmaceda,BBA
South America,Chile,Canal Bajo Carlos Hott Siebert,Canal Bajo Carlos Hott Siebert,ZOS
South America,Chile,Carlos Ibanez Del Campo,Carlos Ibanez Del Campo,PUQ
South America,Chile,Carriel Sur,Carriel Sur,CCP
South America,Chile,Cerro Moreno,Cerro Moreno,ANF
South America,Chile,Chacalluta,Chacalluta,ARI
South America,Chile,Chamonate,Chamonate,CPO
South America,Chile,Diego Aracena,Diego Aracena,IQQ
South America,Chile,El Loa,El Loa,CJC
South America,Chile,El Tepual,El Tepual,PMC
South America,Chile,Guardiamarina Zanartu,Guardiamarina Zanartu,WPU
South America,Chile,La Florida,La Florida,LSC
South America,Chile,Mataveri,Mataveri,IPC
South America,Chile,Mocopulli,Mocopulli,MHC
South America,Chile,Pampa Guanaco,Pampa Guanaco,DPB
South America,Chile,Pichoy,Pichoy,ZAL
South America,Chile,Puerto Natales,Puerto Natales,PNT
South America,Chile,Temuco,Temuco,ZCO
South America,Colombia,Alfonso Bonilla Aragon,Alfonso Bonilla Aragon,CLO
South America,Colombia,Alfonso Lopez Pumarejo,Alfonso Lopez Pumarejo,VUP
South America,Colombia,Alfredo Vasquez Cobo,Alfredo Vasquez Cobo,LET
South America,Colombia,Antonio Narino,Antonio Narino,PSO
South America,Colombia,Apartado,Apartado,APO
South America,Colombia,Benito Salas,Benito Salas,NVA
South America,Colombia,Camilo Daza,Camilo Daza,CUC
South America,Colombia,Eduardo Falla Solano,Eduardo Falla Solano,SVI
South America,Colombia,El AlcaravÃ¡n,El AlcaravÃ¡n,EYP
South America,Colombia,El Bagre,El Bagre,EBG
South America,Colombia,El Carano,El Carano,UIB
South America,Colombia,El Dorado,El Dorado,BOG
South America,Colombia,El Eden,El Eden,AXM
South America,Colombia,Ernesto Cortissoz,Ernesto Cortissoz,BAQ
South America,Colombia,Fabio Alberto Leon Bentley,Fabio Alberto Leon Bentley,MVP
South America,Colombia,Gerardo Tobar Lopez,Gerardo Tobar Lopez,BUN
South America,Colombia,Golfo de Morrosquillo,Golfo de Morrosquillo,TLU
South America,Colombia,Guapi,Guapi,GPI
South America,Colombia,Guillermo Leon Valencia,Guillermo Leon Valencia,PPN
South America,Colombia,Gustavo Artunduaga Paredes,Gustavo Artunduaga Paredes,FLA
South America,Colombia,Hacaritama,Hacaritama,HAY
South America,Colombia,Jorge E Gonzalez Torres,Jorge E Gonzalez Torres,SJE
South America,Colombia,Jose Celestino Mutis,Jose Celestino Mutis,BSC
South America,Colombia,Jose Maria Cordova,Jose Maria Cordova,MDE
South America,Colombia,Juan H. White,Juan H. White,CAQ
South America,Colombia,La Chorrera,La Chorrera,LCR
South America,Colombia,La Florida,La Florida,TCO
South America,Colombia,La Macarena,La Macarena,LMC
South America,Colombia,La Nubia,La Nubia,MZL
South America,Colombia,La Pedrera,La Pedrera,LPD
South America,Colombia,Las Brujas,Las Brujas,CZU
South America,Colombia,Los Colonizadores,Los Colonizadores,RVE
South America,Colombia,Los Garzones,Los Garzones,MTR
South America,Colombia,Matecana,Matecana,PEI
South America,Colombia,Montelibano,Montelibano,MTB
South America,Colombia,Morelia,Morelia,MSK
South America,Colombia,Nuqui,Nuqui,NQU
South America,Colombia,Olaya Herrera,Olaya Herrera,EOH
South America,Colombia,Palonegro,Palonegro,BGA
South America,Colombia,Perales,Perales,IBE
South America,Colombia,Pitalito,Pitalito,PTX
South America,Colombia,Providencia,Providencia,PVA
South America,Colombia,Puerto Carreno,Puerto Carreno,PCR
South America,Colombia,Puerto Inirida,Puerto Inirida,PDA
South America,Colombia,Puerto Leguizamo,Puerto Leguizamo,LQM
South America,Colombia,Rafael Nunez,Rafael Nunez,CTG
South America,Colombia,Riohacha,Riohacha,RCH
South America,Colombia,San Andres Island,San Andres Island,ADZ
South America,Colombia,San Luis,San Luis,IPI
South America,Colombia,Santiago Perez,Santiago Perez,AUC
South America,Colombia,Simon Bolivar,Simon Bolivar,SMR
South America,Colombia,Tame,Tame,TME
South America,Colombia,Tarapaca,Tarapaca,TCD
South America,Colombia,Tres De Mayo,Tres De Mayo,PUU
South America,Colombia,Vanguardia,Vanguardia,VVC
South America,Colombia,Villa Garzon,Villa Garzon,VGZ
South America,Colombia,Yariguies,Yariguies,EJA
South America,Ecuador,Ciudad de Catamayo,Ciudad de Catamayo,LOH
South America,Ecuador,Coronel Artilleria Victor Larrea,Coronel Artilleria Victor Larrea,ETR
South America,Ecuador,Eloy Alfaro,Eloy Alfaro,MEC
South America,Ecuador,Francisco De Orellana,Francisco De Orellana,OCC
South America,Ecuador,Galapagos,Galapagos,GPS
South America,Ecuador,General Rivadeneira,General Rivadeneira,ESM
South America,Ecuador,Mariscal Lamar,Mariscal Lamar,CUE
South America,Ecuador,Mariscal Sucre,Mariscal Sucre,UIO
South America,Ecuador,San Cristobal,San Cristobal,SCY
South America,Ecuador,Simon Bolivar,Simon Bolivar,GYE
South America,Falkland Islands (Malvinas),Mount Pleasant,Mount Pleasant,MPN
South America,French Guiana,Camopi,Camopi,OYC
South America,French Guiana,Guadalcanal,Guadalcanal,GSI
South America,French Guiana,Maripasoula,Maripasoula,MPY
South America,French Guiana,Rochambeau,Rochambeau,CAY
South America,French Guiana,Saint Laurent du Maroni,Saint Laurent du Maroni,LDX
South America,French Guiana,Saul,Saul,XAU
South America,Guyana,Cheddi Jagan,Cheddi Jagan,GEO
South America,Guyana,Ogle,Ogle,OGL
South America,Paraguay,Silvio Pettirossi,Silvio Pettirossi,ASU
South America,Paraguay,Teniente Amin Ayub Gonzalez,Teniente Amin Ayub Gonzalez,ENO
South America,Peru,Cap Fap David Avenzur Rengifo,Cap Fap David Avenzur Rengifo,PCL
South America,Peru,Capitan Carlos Martinez De Pinillos,Capitan Carlos Martinez De Pinillos,TRU
South America,Peru,Capitan Concha,Capitan Concha,PIU
South America,Peru,Capitan Montes,Capitan Montes,TYL
South America,Peru,Capt Jose Abelardo Quinones Gonzales,Capt Jose Abelardo Quinones Gonzales,CIX
South America,Peru,Chachapoyas,Chachapoyas,CHH
South America,Peru,Commandante Fap German Arias Grazziani,Commandante Fap German Arias Grazziani,ATA
South America,Peru,Coronel Fap Alfredo Mendivil Duarte,Coronel Fap Alfredo Mendivil Duarte,AYP
South America,Peru,Coronel Fap Carlos Ciriani Santa Rosa,Coronel Fap Carlos Ciriani Santa Rosa,TCQ
South America,Peru,Coronel Fap Francisco Secada Vignetta,Coronel Fap Francisco Secada Vignetta,IQT
South America,Peru,Huanuco,Huanuco,HUU
South America,Peru,Jauja,Jauja,JAU
South America,Peru,Jorge Chávez,Jorge Chávez,LIM
South America,Peru,Juliaca,Juliaca,JUL
South America,Peru,Manuel Prado,Manuel Prado,MZA
South America,Peru,Mayor General FAP Armando Revoredo Iglesias,Mayor General FAP Armando Revoredo Iglesias,CJA
South America,Peru,Padre Aldamiz,Padre Aldamiz,PEM
South America,Peru,Pedro Canga,Pedro Canga,TBP
South America,Peru,Rodriguez Ballon,Rodriguez Ballon,AQP
South America,Peru,Shumba,Shumba,JAE
South America,Peru,Tarapoto,Tarapoto,TPP
South America,Peru,Tingo Maria,Tingo Maria,TGI
South America,Peru,Velazco Astete,Velazco Astete,CUZ
South America,Suriname,Johan A Pengel,Johan A Pengel,PBM
South America,Uruguay,Carrasco,Carrasco,MVD
South America,Uruguay,El Jaguel,El Jaguel,PDP
South America,Uruguay,Nueva Hesperides,Nueva Hesperides,STY
South America,Uruguay,Rivera,Rivera,RVY
South America,Venezuela,Antonio Jose De Sucre,Antonio Jose De Sucre,CUM
South America,Venezuela,Arturo Michelena,Arturo Michelena,VLN
South America,Venezuela,Barinas,Barinas,BNS
South America,Venezuela,Barquisimeto,Barquisimeto,BRM
South America,Venezuela,Canaima,Canaima,CAJ
South America,Venezuela,Casique Aramare,Casique Aramare,PYH
South America,Venezuela,Ciudad Bolivar,Ciudad Bolivar,CBL
South America,Venezuela,Del Caribe Gen Santago Marino,Del Caribe Gen Santago Marino,PMV
South America,Venezuela,Dr Antonio Nicolas Briceno,Dr Antonio Nicolas Briceno,VLV
South America,Venezuela,El Vigia,El Vigia,VIG
South America,Venezuela,General Jose Antonio Anzoategui,General Jose Antonio Anzoategui,BLA
South America,Venezuela,Josefa Camejo,Josefa Camejo,LSP
South America,Venezuela,La Chinita,La Chinita,MAR
South America,Venezuela,La Fria,La Fria,LFR
South America,Venezuela,Los Roques,Los Roques,LRV
South America,Venezuela,Maturin,Maturin,MUN
South America,Venezuela,Mayor Buenaventura Vivas,Mayor Buenaventura Vivas,STD
South America,Venezuela,Puerto Ordaz,Puerto Ordaz,PZO
South America,Venezuela,San Antonio Del Tachira,San Antonio Del Tachira,SVZ
South America,Venezuela,San Fernando De Apure,San Fernando De Apure,SFD
South America,Venezuela,Santa Barbara Del Zulia,Santa Barbara Del Zulia,STB
South America,Venezuela,Santa Elena,Santa Elena,SNV
South America,Venezuela,Simon Bolivar,Simon Bolivar,CCS
